[0.136s] Invoking command in '/home/ubuntuuser/ros2_ws/build/crazyflie_interfaces': CMAKE_PREFIX_PATH=${CMAKE_PREFIX_PATH}:/home/ubuntuuser/ros2_ws/install/turtlebot3_trailer:/home/ubuntuuser/ros2_ws/install/r7021e_exploration:/home/ubuntuuser/ros2_ws/install/crazyflie_py:/opt/ros/jazzy DEBUGINFOD_URLS=https://debuginfod.ubuntu.com PS1=(.venv) \[\e]0;\u@\h: \w\a\]${debian_chroot:+($debian_chroot)}\[\033[01;32m\]\u@\h\[\033[00m\]:\[\033[01;34m\]\w\[\033[00m\]\$ VIRTUAL_ENV_PROMPT=(.venv) /usr/bin/cmake --build /home/ubuntuuser/ros2_ws/build/crazyflie_interfaces -- -j4 -l4
[0.660s] [  0%] Built target crazyflie_interfaces__rosidl_generator_type_description
[0.999s] [  0%] Built target ament_cmake_python_copy_crazyflie_interfaces
[1.211s] [ 28%] Built target crazyflie_interfaces__rosidl_generator_c
[2.445s] running egg_info
[2.514s] writing crazyflie_interfaces.egg-info/PKG-INFO
[2.519s] writing dependency_links to crazyflie_interfaces.egg-info/dependency_links.txt
[2.541s] writing top-level names to crazyflie_interfaces.egg-info/top_level.txt
[2.902s] reading manifest file 'crazyflie_interfaces.egg-info/SOURCES.txt'
[2.907s] writing manifest file 'crazyflie_interfaces.egg-info/SOURCES.txt'
[3.142s] [ 28%] Built target ament_cmake_python_build_crazyflie_interfaces_egg
[3.462s] [ 38%] Built target crazyflie_interfaces__rosidl_typesupport_introspection_c
[3.627s] [ 48%] Built target crazyflie_interfaces__rosidl_typesupport_c
[3.814s] [ 58%] Built target crazyflie_interfaces__rosidl_typesupport_fastrtps_c
[3.951s] [ 58%] Built target crazyflie_interfaces__cpp
[4.232s] [ 68%] Built target crazyflie_interfaces__rosidl_typesupport_cpp
[4.588s] [ 78%] Built target crazyflie_interfaces__rosidl_typesupport_introspection_cpp
[4.781s] [ 87%] Built target crazyflie_interfaces__rosidl_typesupport_fastrtps_cpp
[4.887s] [ 87%] Built target crazyflie_interfaces
[5.099s] [ 87%] Built target crazyflie_interfaces__py
[5.293s] [ 97%] Built target crazyflie_interfaces__rosidl_generator_py
[5.450s] [ 98%] Built target crazyflie_interfaces_s__rosidl_typesupport_fastrtps_c
[5.594s] [ 99%] Built target crazyflie_interfaces_s__rosidl_typesupport_c
[5.838s] [100%] Built target crazyflie_interfaces_s__rosidl_typesupport_introspection_c
[5.927s] Invoked command in '/home/ubuntuuser/ros2_ws/build/crazyflie_interfaces' returned '0': CMAKE_PREFIX_PATH=${CMAKE_PREFIX_PATH}:/home/ubuntuuser/ros2_ws/install/turtlebot3_trailer:/home/ubuntuuser/ros2_ws/install/r7021e_exploration:/home/ubuntuuser/ros2_ws/install/crazyflie_py:/opt/ros/jazzy DEBUGINFOD_URLS=https://debuginfod.ubuntu.com PS1=(.venv) \[\e]0;\u@\h: \w\a\]${debian_chroot:+($debian_chroot)}\[\033[01;32m\]\u@\h\[\033[00m\]:\[\033[01;34m\]\w\[\033[00m\]\$ VIRTUAL_ENV_PROMPT=(.venv) /usr/bin/cmake --build /home/ubuntuuser/ros2_ws/build/crazyflie_interfaces -- -j4 -l4
[5.932s] Invoking command in '/home/ubuntuuser/ros2_ws/build/crazyflie_interfaces': CMAKE_PREFIX_PATH=${CMAKE_PREFIX_PATH}:/home/ubuntuuser/ros2_ws/install/turtlebot3_trailer:/home/ubuntuuser/ros2_ws/install/r7021e_exploration:/home/ubuntuuser/ros2_ws/install/crazyflie_py:/opt/ros/jazzy DEBUGINFOD_URLS=https://debuginfod.ubuntu.com PS1=(.venv) \[\e]0;\u@\h: \w\a\]${debian_chroot:+($debian_chroot)}\[\033[01;32m\]\u@\h\[\033[00m\]:\[\033[01;34m\]\w\[\033[00m\]\$ VIRTUAL_ENV_PROMPT=(.venv) /usr/bin/cmake --install /home/ubuntuuser/ros2_ws/build/crazyflie_interfaces
[5.985s] -- Install configuration: ""
[5.986s] -- Up-to-date: /home/ubuntuuser/ros2_ws/install/crazyflie_interfaces/share/ament_index/resource_index/rosidl_interfaces/crazyflie_interfaces
[5.989s] -- Up-to-date: /home/ubuntuuser/ros2_ws/install/crazyflie_interfaces/share/crazyflie_interfaces/msg/ConnectionStatistics.json
[5.989s] -- Up-to-date: /home/ubuntuuser/ros2_ws/install/crazyflie_interfaces/share/crazyflie_interfaces/msg/ConnectionStatisticsArray.json
[5.989s] -- Up-to-date: /home/ubuntuuser/ros2_ws/install/crazyflie_interfaces/share/crazyflie_interfaces/msg/FullState.json
[5.990s] -- Up-to-date: /home/ubuntuuser/ros2_ws/install/crazyflie_interfaces/share/crazyflie_interfaces/msg/LogDataGeneric.json
[5.990s] -- Up-to-date: /home/ubuntuuser/ros2_ws/install/crazyflie_interfaces/share/crazyflie_interfaces/msg/Hover.json
[5.990s] -- Up-to-date: /home/ubuntuuser/ros2_ws/install/crazyflie_interfaces/share/crazyflie_interfaces/msg/LogBlock.json
[5.990s] -- Up-to-date: /home/ubuntuuser/ros2_ws/install/crazyflie_interfaces/share/crazyflie_interfaces/msg/Position.json
[5.993s] -- Up-to-date: /home/ubuntuuser/ros2_ws/install/crazyflie_interfaces/share/crazyflie_interfaces/msg/Status.json
[5.993s] -- Up-to-date: /home/ubuntuuser/ros2_ws/install/crazyflie_interfaces/share/crazyflie_interfaces/msg/TrajectoryPolynomialPiece.json
[5.993s] -- Up-to-date: /home/ubuntuuser/ros2_ws/install/crazyflie_interfaces/share/crazyflie_interfaces/msg/VelocityWorld.json
[5.993s] -- Up-to-date: /home/ubuntuuser/ros2_ws/install/crazyflie_interfaces/share/crazyflie_interfaces/srv/GoTo.json
[5.994s] -- Up-to-date: /home/ubuntuuser/ros2_ws/install/crazyflie_interfaces/share/crazyflie_interfaces/srv/Land.json
[5.996s] -- Up-to-date: /home/ubuntuuser/ros2_ws/install/crazyflie_interfaces/share/crazyflie_interfaces/srv/NotifySetpointsStop.json
[5.996s] -- Up-to-date: /home/ubuntuuser/ros2_ws/install/crazyflie_interfaces/share/crazyflie_interfaces/srv/SetGroupMask.json
[5.996s] -- Up-to-date: /home/ubuntuuser/ros2_ws/install/crazyflie_interfaces/share/crazyflie_interfaces/srv/StartTrajectory.json
[5.996s] -- Up-to-date: /home/ubuntuuser/ros2_ws/install/crazyflie_interfaces/share/crazyflie_interfaces/srv/Stop.json
[5.996s] -- Up-to-date: /home/ubuntuuser/ros2_ws/install/crazyflie_interfaces/share/crazyflie_interfaces/srv/Takeoff.json
[5.999s] -- Up-to-date: /home/ubuntuuser/ros2_ws/install/crazyflie_interfaces/share/crazyflie_interfaces/srv/UpdateParams.json
[5.999s] -- Up-to-date: /home/ubuntuuser/ros2_ws/install/crazyflie_interfaces/share/crazyflie_interfaces/srv/UploadTrajectory.json
[5.999s] -- Up-to-date: /home/ubuntuuser/ros2_ws/install/crazyflie_interfaces/share/crazyflie_interfaces/srv/RemoveLogging.json
[5.999s] -- Up-to-date: /home/ubuntuuser/ros2_ws/install/crazyflie_interfaces/share/crazyflie_interfaces/srv/AddLogging.json
[5.999s] -- Up-to-date: /home/ubuntuuser/ros2_ws/install/crazyflie_interfaces/share/crazyflie_interfaces/srv/Arm.json
[6.002s] -- Up-to-date: /home/ubuntuuser/ros2_ws/install/crazyflie_interfaces/include/crazyflie_interfaces/crazyflie_interfaces
[6.002s] -- Up-to-date: /home/ubuntuuser/ros2_ws/install/crazyflie_interfaces/include/crazyflie_interfaces/crazyflie_interfaces/msg
[6.002s] -- Up-to-date: /home/ubuntuuser/ros2_ws/install/crazyflie_interfaces/include/crazyflie_interfaces/crazyflie_interfaces/msg/connection_statistics_array.h
[6.002s] -- Up-to-date: /home/ubuntuuser/ros2_ws/install/crazyflie_interfaces/include/crazyflie_interfaces/crazyflie_interfaces/msg/detail
[6.003s] -- Installing: /home/ubuntuuser/ros2_ws/install/crazyflie_interfaces/include/crazyflie_interfaces/crazyflie_interfaces/msg/detail/velocity_world__type_support.c
[6.003s] -- Up-to-date: /home/ubuntuuser/ros2_ws/install/crazyflie_interfaces/include/crazyflie_interfaces/crazyflie_interfaces/msg/detail/full_state__description.c
[6.004s] -- Up-to-date: /home/ubuntuuser/ros2_ws/install/crazyflie_interfaces/include/crazyflie_interfaces/crazyflie_interfaces/msg/detail/connection_statistics_array__functions.h
[6.004s] -- Up-to-date: /home/ubuntuuser/ros2_ws/install/crazyflie_interfaces/include/crazyflie_interfaces/crazyflie_interfaces/msg/detail/log_block__functions.c
[6.004s] -- Up-to-date: /home/ubuntuuser/ros2_ws/install/crazyflie_interfaces/include/crazyflie_interfaces/crazyflie_interfaces/msg/detail/hover__functions.h
[6.004s] -- Up-to-date: /home/ubuntuuser/ros2_ws/install/crazyflie_interfaces/include/crazyflie_interfaces/crazyflie_interfaces/msg/detail/position__functions.h
[6.004s] -- Installing: /home/ubuntuuser/ros2_ws/install/crazyflie_interfaces/include/crazyflie_interfaces/crazyflie_interfaces/msg/detail/log_block__type_support.c
[6.004s] -- Up-to-date: /home/ubuntuuser/ros2_ws/install/crazyflie_interfaces/include/crazyflie_interfaces/crazyflie_interfaces/msg/detail/connection_statistics__struct.h
[6.005s] -- Up-to-date: /home/ubuntuuser/ros2_ws/install/crazyflie_interfaces/include/crazyflie_interfaces/crazyflie_interfaces/msg/detail/connection_statistics__description.c
[6.005s] -- Installing: /home/ubuntuuser/ros2_ws/install/crazyflie_interfaces/include/crazyflie_interfaces/crazyflie_interfaces/msg/detail/connection_statistics_array__type_support.c
[6.005s] -- Up-to-date: /home/ubuntuuser/ros2_ws/install/crazyflie_interfaces/include/crazyflie_interfaces/crazyflie_interfaces/msg/detail/velocity_world__struct.h
[6.008s] -- Up-to-date: /home/ubuntuuser/ros2_ws/install/crazyflie_interfaces/include/crazyflie_interfaces/crazyflie_interfaces/msg/detail/full_state__struct.h
[6.009s] -- Up-to-date: /home/ubuntuuser/ros2_ws/install/crazyflie_interfaces/include/crazyflie_interfaces/crazyflie_interfaces/msg/detail/status__type_support.h
[6.010s] -- Up-to-date: /home/ubuntuuser/ros2_ws/install/crazyflie_interfaces/include/crazyflie_interfaces/crazyflie_interfaces/msg/detail/full_state__functions.h
[6.010s] -- Up-to-date: /home/ubuntuuser/ros2_ws/install/crazyflie_interfaces/include/crazyflie_interfaces/crazyflie_interfaces/msg/detail/log_block__type_support.h
[6.010s] -- Up-to-date: /home/ubuntuuser/ros2_ws/install/crazyflie_interfaces/include/crazyflie_interfaces/crazyflie_interfaces/msg/detail/connection_statistics_array__struct.h
[6.010s] -- Up-to-date: /home/ubuntuuser/ros2_ws/install/crazyflie_interfaces/include/crazyflie_interfaces/crazyflie_interfaces/msg/detail/status__struct.h
[6.010s] -- Up-to-date: /home/ubuntuuser/ros2_ws/install/crazyflie_interfaces/include/crazyflie_interfaces/crazyflie_interfaces/msg/detail/log_block__functions.h
[6.011s] -- Up-to-date: /home/ubuntuuser/ros2_ws/install/crazyflie_interfaces/include/crazyflie_interfaces/crazyflie_interfaces/msg/detail/trajectory_polynomial_piece__description.c
[6.015s] -- Up-to-date: /home/ubuntuuser/ros2_ws/install/crazyflie_interfaces/include/crazyflie_interfaces/crazyflie_interfaces/msg/detail/log_block__description.c
[6.015s] -- Up-to-date: /home/ubuntuuser/ros2_ws/install/crazyflie_interfaces/include/crazyflie_interfaces/crazyflie_interfaces/msg/detail/log_data_generic__struct.h
[6.015s] -- Up-to-date: /home/ubuntuuser/ros2_ws/install/crazyflie_interfaces/include/crazyflie_interfaces/crazyflie_interfaces/msg/detail/full_state__type_support.h
[6.015s] -- Up-to-date: /home/ubuntuuser/ros2_ws/install/crazyflie_interfaces/include/crazyflie_interfaces/crazyflie_interfaces/msg/detail/trajectory_polynomial_piece__functions.c
[6.016s] -- Up-to-date: /home/ubuntuuser/ros2_ws/install/crazyflie_interfaces/include/crazyflie_interfaces/crazyflie_interfaces/msg/detail/connection_statistics_array__description.c
[6.016s] -- Up-to-date: /home/ubuntuuser/ros2_ws/install/crazyflie_interfaces/include/crazyflie_interfaces/crazyflie_interfaces/msg/detail/log_data_generic__type_support.h
[6.016s] -- Up-to-date: /home/ubuntuuser/ros2_ws/install/crazyflie_interfaces/include/crazyflie_interfaces/crazyflie_interfaces/msg/detail/hover__functions.c
[6.016s] -- Up-to-date: /home/ubuntuuser/ros2_ws/install/crazyflie_interfaces/include/crazyflie_interfaces/crazyflie_interfaces/msg/detail/log_block__struct.h
[6.017s] -- Up-to-date: /home/ubuntuuser/ros2_ws/install/crazyflie_interfaces/include/crazyflie_interfaces/crazyflie_interfaces/msg/detail/velocity_world__functions.h
[6.035s] -- Up-to-date: /home/ubuntuuser/ros2_ws/install/crazyflie_interfaces/include/crazyflie_interfaces/crazyflie_interfaces/msg/detail/status__functions.c
[6.035s] -- Installing: /home/ubuntuuser/ros2_ws/install/crazyflie_interfaces/include/crazyflie_interfaces/crazyflie_interfaces/msg/detail/status__type_support.c
[6.036s] -- Up-to-date: /home/ubuntuuser/ros2_ws/install/crazyflie_interfaces/include/crazyflie_interfaces/crazyflie_interfaces/msg/detail/trajectory_polynomial_piece__struct.h
[6.040s] -- Up-to-date: /home/ubuntuuser/ros2_ws/install/crazyflie_interfaces/include/crazyflie_interfaces/crazyflie_interfaces/msg/detail/position__functions.c
[6.040s] -- Installing: /home/ubuntuuser/ros2_ws/install/crazyflie_interfaces/include/crazyflie_interfaces/crazyflie_interfaces/msg/detail/full_state__type_support.c
[6.040s] -- Up-to-date: /home/ubuntuuser/ros2_ws/install/crazyflie_interfaces/include/crazyflie_interfaces/crazyflie_interfaces/msg/detail/connection_statistics__functions.h
[6.041s] -- Up-to-date: /home/ubuntuuser/ros2_ws/install/crazyflie_interfaces/include/crazyflie_interfaces/crazyflie_interfaces/msg/detail/log_data_generic__functions.h
[6.041s] -- Up-to-date: /home/ubuntuuser/ros2_ws/install/crazyflie_interfaces/include/crazyflie_interfaces/crazyflie_interfaces/msg/detail/connection_statistics_array__type_support.h
[6.044s] -- Up-to-date: /home/ubuntuuser/ros2_ws/install/crazyflie_interfaces/include/crazyflie_interfaces/crazyflie_interfaces/msg/detail/full_state__functions.c
[6.044s] -- Up-to-date: /home/ubuntuuser/ros2_ws/install/crazyflie_interfaces/include/crazyflie_interfaces/crazyflie_interfaces/msg/detail/velocity_world__description.c
[6.044s] -- Installing: /home/ubuntuuser/ros2_ws/install/crazyflie_interfaces/include/crazyflie_interfaces/crazyflie_interfaces/msg/detail/log_data_generic__type_support.c
[6.045s] -- Up-to-date: /home/ubuntuuser/ros2_ws/install/crazyflie_interfaces/include/crazyflie_interfaces/crazyflie_interfaces/msg/detail/connection_statistics_array__functions.c
[6.045s] -- Up-to-date: /home/ubuntuuser/ros2_ws/install/crazyflie_interfaces/include/crazyflie_interfaces/crazyflie_interfaces/msg/detail/trajectory_polynomial_piece__type_support.h
[6.045s] -- Up-to-date: /home/ubuntuuser/ros2_ws/install/crazyflie_interfaces/include/crazyflie_interfaces/crazyflie_interfaces/msg/detail/status__description.c
[6.045s] -- Up-to-date: /home/ubuntuuser/ros2_ws/install/crazyflie_interfaces/include/crazyflie_interfaces/crazyflie_interfaces/msg/detail/velocity_world__functions.c
[6.045s] -- Up-to-date: /home/ubuntuuser/ros2_ws/install/crazyflie_interfaces/include/crazyflie_interfaces/crazyflie_interfaces/msg/detail/status__functions.h
[6.045s] -- Up-to-date: /home/ubuntuuser/ros2_ws/install/crazyflie_interfaces/include/crazyflie_interfaces/crazyflie_interfaces/msg/detail/hover__type_support.h
[6.046s] -- Up-to-date: /home/ubuntuuser/ros2_ws/install/crazyflie_interfaces/include/crazyflie_interfaces/crazyflie_interfaces/msg/detail/connection_statistics__functions.c
[6.046s] -- Installing: /home/ubuntuuser/ros2_ws/install/crazyflie_interfaces/include/crazyflie_interfaces/crazyflie_interfaces/msg/detail/trajectory_polynomial_piece__type_support.c
[6.047s] -- Up-to-date: /home/ubuntuuser/ros2_ws/install/crazyflie_interfaces/include/crazyflie_interfaces/crazyflie_interfaces/msg/detail/position__description.c
[6.047s] -- Up-to-date: /home/ubuntuuser/ros2_ws/install/crazyflie_interfaces/include/crazyflie_interfaces/crazyflie_interfaces/msg/detail/position__struct.h
[6.047s] -- Up-to-date: /home/ubuntuuser/ros2_ws/install/crazyflie_interfaces/include/crazyflie_interfaces/crazyflie_interfaces/msg/detail/velocity_world__type_support.h
[6.047s] -- Up-to-date: /home/ubuntuuser/ros2_ws/install/crazyflie_interfaces/include/crazyflie_interfaces/crazyflie_interfaces/msg/detail/position__type_support.h
[6.047s] -- Up-to-date: /home/ubuntuuser/ros2_ws/install/crazyflie_interfaces/include/crazyflie_interfaces/crazyflie_interfaces/msg/detail/hover__struct.h
[6.047s] -- Installing: /home/ubuntuuser/ros2_ws/install/crazyflie_interfaces/include/crazyflie_interfaces/crazyflie_interfaces/msg/detail/hover__type_support.c
[6.047s] -- Up-to-date: /home/ubuntuuser/ros2_ws/install/crazyflie_interfaces/include/crazyflie_interfaces/crazyflie_interfaces/msg/detail/connection_statistics__type_support.h
[6.048s] -- Up-to-date: /home/ubuntuuser/ros2_ws/install/crazyflie_interfaces/include/crazyflie_interfaces/crazyflie_interfaces/msg/detail/log_data_generic__description.c
[6.062s] -- Installing: /home/ubuntuuser/ros2_ws/install/crazyflie_interfaces/include/crazyflie_interfaces/crazyflie_interfaces/msg/detail/connection_statistics__type_support.c
[6.062s] -- Installing: /home/ubuntuuser/ros2_ws/install/crazyflie_interfaces/include/crazyflie_interfaces/crazyflie_interfaces/msg/detail/position__type_support.c
[6.062s] -- Up-to-date: /home/ubuntuuser/ros2_ws/install/crazyflie_interfaces/include/crazyflie_interfaces/crazyflie_interfaces/msg/detail/hover__description.c
[6.062s] -- Up-to-date: /home/ubuntuuser/ros2_ws/install/crazyflie_interfaces/include/crazyflie_interfaces/crazyflie_interfaces/msg/detail/log_data_generic__functions.c
[6.063s] -- Up-to-date: /home/ubuntuuser/ros2_ws/install/crazyflie_interfaces/include/crazyflie_interfaces/crazyflie_interfaces/msg/detail/trajectory_polynomial_piece__functions.h
[6.063s] -- Up-to-date: /home/ubuntuuser/ros2_ws/install/crazyflie_interfaces/include/crazyflie_interfaces/crazyflie_interfaces/msg/status.h
[6.063s] -- Up-to-date: /home/ubuntuuser/ros2_ws/install/crazyflie_interfaces/include/crazyflie_interfaces/crazyflie_interfaces/msg/trajectory_polynomial_piece.h
[6.063s] -- Up-to-date: /home/ubuntuuser/ros2_ws/install/crazyflie_interfaces/include/crazyflie_interfaces/crazyflie_interfaces/msg/log_data_generic.h
[6.063s] -- Up-to-date: /home/ubuntuuser/ros2_ws/install/crazyflie_interfaces/include/crazyflie_interfaces/crazyflie_interfaces/msg/log_block.h
[6.063s] -- Up-to-date: /home/ubuntuuser/ros2_ws/install/crazyflie_interfaces/include/crazyflie_interfaces/crazyflie_interfaces/msg/position.h
[6.064s] -- Up-to-date: /home/ubuntuuser/ros2_ws/install/crazyflie_interfaces/include/crazyflie_interfaces/crazyflie_interfaces/msg/connection_statistics.h
[6.064s] -- Up-to-date: /home/ubuntuuser/ros2_ws/install/crazyflie_interfaces/include/crazyflie_interfaces/crazyflie_interfaces/msg/full_state.h
[6.064s] -- Up-to-date: /home/ubuntuuser/ros2_ws/install/crazyflie_interfaces/include/crazyflie_interfaces/crazyflie_interfaces/msg/hover.h
[6.064s] -- Up-to-date: /home/ubuntuuser/ros2_ws/install/crazyflie_interfaces/include/crazyflie_interfaces/crazyflie_interfaces/msg/rosidl_generator_c__visibility_control.h
[6.064s] -- Up-to-date: /home/ubuntuuser/ros2_ws/install/crazyflie_interfaces/include/crazyflie_interfaces/crazyflie_interfaces/msg/velocity_world.h
[6.068s] -- Up-to-date: /home/ubuntuuser/ros2_ws/install/crazyflie_interfaces/include/crazyflie_interfaces/crazyflie_interfaces/srv
[6.068s] -- Up-to-date: /home/ubuntuuser/ros2_ws/install/crazyflie_interfaces/include/crazyflie_interfaces/crazyflie_interfaces/srv/update_params.h
[6.068s] -- Up-to-date: /home/ubuntuuser/ros2_ws/install/crazyflie_interfaces/include/crazyflie_interfaces/crazyflie_interfaces/srv/detail
[6.068s] -- Up-to-date: /home/ubuntuuser/ros2_ws/install/crazyflie_interfaces/include/crazyflie_interfaces/crazyflie_interfaces/srv/detail/arm__functions.c
[6.068s] -- Installing: /home/ubuntuuser/ros2_ws/install/crazyflie_interfaces/include/crazyflie_interfaces/crazyflie_interfaces/srv/detail/update_params__type_support.c
[6.069s] -- Up-to-date: /home/ubuntuuser/ros2_ws/install/crazyflie_interfaces/include/crazyflie_interfaces/crazyflie_interfaces/srv/detail/takeoff__description.c
[6.069s] -- Up-to-date: /home/ubuntuuser/ros2_ws/install/crazyflie_interfaces/include/crazyflie_interfaces/crazyflie_interfaces/srv/detail/notify_setpoints_stop__type_support.h
[6.069s] -- Up-to-date: /home/ubuntuuser/ros2_ws/install/crazyflie_interfaces/include/crazyflie_interfaces/crazyflie_interfaces/srv/detail/land__description.c
[6.069s] -- Up-to-date: /home/ubuntuuser/ros2_ws/install/crazyflie_interfaces/include/crazyflie_interfaces/crazyflie_interfaces/srv/detail/arm__type_support.h
[6.069s] -- Up-to-date: /home/ubuntuuser/ros2_ws/install/crazyflie_interfaces/include/crazyflie_interfaces/crazyflie_interfaces/srv/detail/update_params__functions.c
[6.069s] -- Up-to-date: /home/ubuntuuser/ros2_ws/install/crazyflie_interfaces/include/crazyflie_interfaces/crazyflie_interfaces/srv/detail/stop__struct.h
[6.070s] -- Up-to-date: /home/ubuntuuser/ros2_ws/install/crazyflie_interfaces/include/crazyflie_interfaces/crazyflie_interfaces/srv/detail/remove_logging__struct.h
[6.070s] -- Up-to-date: /home/ubuntuuser/ros2_ws/install/crazyflie_interfaces/include/crazyflie_interfaces/crazyflie_interfaces/srv/detail/add_logging__type_support.h
[6.072s] -- Up-to-date: /home/ubuntuuser/ros2_ws/install/crazyflie_interfaces/include/crazyflie_interfaces/crazyflie_interfaces/srv/detail/set_group_mask__functions.c
[6.072s] -- Up-to-date: /home/ubuntuuser/ros2_ws/install/crazyflie_interfaces/include/crazyflie_interfaces/crazyflie_interfaces/srv/detail/upload_trajectory__type_support.h
[6.072s] -- Up-to-date: /home/ubuntuuser/ros2_ws/install/crazyflie_interfaces/include/crazyflie_interfaces/crazyflie_interfaces/srv/detail/upload_trajectory__functions.h
[6.072s] -- Installing: /home/ubuntuuser/ros2_ws/install/crazyflie_interfaces/include/crazyflie_interfaces/crazyflie_interfaces/srv/detail/add_logging__type_support.c
[6.073s] -- Up-to-date: /home/ubuntuuser/ros2_ws/install/crazyflie_interfaces/include/crazyflie_interfaces/crazyflie_interfaces/srv/detail/start_trajectory__description.c
[6.073s] -- Up-to-date: /home/ubuntuuser/ros2_ws/install/crazyflie_interfaces/include/crazyflie_interfaces/crazyflie_interfaces/srv/detail/update_params__type_support.h
[6.073s] -- Installing: /home/ubuntuuser/ros2_ws/install/crazyflie_interfaces/include/crazyflie_interfaces/crazyflie_interfaces/srv/detail/start_trajectory__type_support.c
[6.073s] -- Up-to-date: /home/ubuntuuser/ros2_ws/install/crazyflie_interfaces/include/crazyflie_interfaces/crazyflie_interfaces/srv/detail/start_trajectory__struct.h
[6.073s] -- Up-to-date: /home/ubuntuuser/ros2_ws/install/crazyflie_interfaces/include/crazyflie_interfaces/crazyflie_interfaces/srv/detail/upload_trajectory__functions.c
[6.073s] -- Up-to-date: /home/ubuntuuser/ros2_ws/install/crazyflie_interfaces/include/crazyflie_interfaces/crazyflie_interfaces/srv/detail/takeoff__functions.h
[6.073s] -- Up-to-date: /home/ubuntuuser/ros2_ws/install/crazyflie_interfaces/include/crazyflie_interfaces/crazyflie_interfaces/srv/detail/add_logging__struct.h
[6.074s] -- Up-to-date: /home/ubuntuuser/ros2_ws/install/crazyflie_interfaces/include/crazyflie_interfaces/crazyflie_interfaces/srv/detail/go_to__struct.h
[6.074s] -- Up-to-date: /home/ubuntuuser/ros2_ws/install/crazyflie_interfaces/include/crazyflie_interfaces/crazyflie_interfaces/srv/detail/notify_setpoints_stop__functions.c
[6.074s] -- Up-to-date: /home/ubuntuuser/ros2_ws/install/crazyflie_interfaces/include/crazyflie_interfaces/crazyflie_interfaces/srv/detail/remove_logging__functions.h
[6.074s] -- Installing: /home/ubuntuuser/ros2_ws/install/crazyflie_interfaces/include/crazyflie_interfaces/crazyflie_interfaces/srv/detail/land__type_support.c
[6.085s] -- Installing: /home/ubuntuuser/ros2_ws/install/crazyflie_interfaces/include/crazyflie_interfaces/crazyflie_interfaces/srv/detail/remove_logging__type_support.c
[6.085s] -- Up-to-date: /home/ubuntuuser/ros2_ws/install/crazyflie_interfaces/include/crazyflie_interfaces/crazyflie_interfaces/srv/detail/stop__type_support.h
[6.086s] -- Up-to-date: /home/ubuntuuser/ros2_ws/install/crazyflie_interfaces/include/crazyflie_interfaces/crazyflie_interfaces/srv/detail/set_group_mask__type_support.h
[6.086s] -- Up-to-date: /home/ubuntuuser/ros2_ws/install/crazyflie_interfaces/include/crazyflie_interfaces/crazyflie_interfaces/srv/detail/set_group_mask__struct.h
[6.086s] -- Installing: /home/ubuntuuser/ros2_ws/install/crazyflie_interfaces/include/crazyflie_interfaces/crazyflie_interfaces/srv/detail/arm__type_support.c
[6.086s] -- Up-to-date: /home/ubuntuuser/ros2_ws/install/crazyflie_interfaces/include/crazyflie_interfaces/crazyflie_interfaces/srv/detail/notify_setpoints_stop__functions.h
[6.087s] -- Installing: /home/ubuntuuser/ros2_ws/install/crazyflie_interfaces/include/crazyflie_interfaces/crazyflie_interfaces/srv/detail/stop__type_support.c
[6.087s] -- Up-to-date: /home/ubuntuuser/ros2_ws/install/crazyflie_interfaces/include/crazyflie_interfaces/crazyflie_interfaces/srv/detail/go_to__functions.h
[6.087s] -- Installing: /home/ubuntuuser/ros2_ws/install/crazyflie_interfaces/include/crazyflie_interfaces/crazyflie_interfaces/srv/detail/go_to__type_support.c
[6.087s] -- Up-to-date: /home/ubuntuuser/ros2_ws/install/crazyflie_interfaces/include/crazyflie_interfaces/crazyflie_interfaces/srv/detail/set_group_mask__functions.h
[6.088s] -- Up-to-date: /home/ubuntuuser/ros2_ws/install/crazyflie_interfaces/include/crazyflie_interfaces/crazyflie_interfaces/srv/detail/land__functions.h
[6.088s] -- Up-to-date: /home/ubuntuuser/ros2_ws/install/crazyflie_interfaces/include/crazyflie_interfaces/crazyflie_interfaces/srv/detail/upload_trajectory__struct.h
[6.097s] -- Installing: /home/ubuntuuser/ros2_ws/install/crazyflie_interfaces/include/crazyflie_interfaces/crazyflie_interfaces/srv/detail/notify_setpoints_stop__type_support.c
[6.097s] -- Up-to-date: /home/ubuntuuser/ros2_ws/install/crazyflie_interfaces/include/crazyflie_interfaces/crazyflie_interfaces/srv/detail/takeoff__type_support.h
[6.097s] -- Up-to-date: /home/ubuntuuser/ros2_ws/install/crazyflie_interfaces/include/crazyflie_interfaces/crazyflie_interfaces/srv/detail/stop__functions.h
[6.097s] -- Up-to-date: /home/ubuntuuser/ros2_ws/install/crazyflie_interfaces/include/crazyflie_interfaces/crazyflie_interfaces/srv/detail/add_logging__description.c
[6.097s] -- Up-to-date: /home/ubuntuuser/ros2_ws/install/crazyflie_interfaces/include/crazyflie_interfaces/crazyflie_interfaces/srv/detail/set_group_mask__description.c
[6.098s] -- Up-to-date: /home/ubuntuuser/ros2_ws/install/crazyflie_interfaces/include/crazyflie_interfaces/crazyflie_interfaces/srv/detail/remove_logging__functions.c
[6.098s] -- Up-to-date: /home/ubuntuuser/ros2_ws/install/crazyflie_interfaces/include/crazyflie_interfaces/crazyflie_interfaces/srv/detail/update_params__struct.h
[6.098s] -- Installing: /home/ubuntuuser/ros2_ws/install/crazyflie_interfaces/include/crazyflie_interfaces/crazyflie_interfaces/srv/detail/takeoff__type_support.c
[6.098s] -- Up-to-date: /home/ubuntuuser/ros2_ws/install/crazyflie_interfaces/include/crazyflie_interfaces/crazyflie_interfaces/srv/detail/remove_logging__description.c
[6.098s] -- Up-to-date: /home/ubuntuuser/ros2_ws/install/crazyflie_interfaces/include/crazyflie_interfaces/crazyflie_interfaces/srv/detail/stop__description.c
[6.098s] -- Up-to-date: /home/ubuntuuser/ros2_ws/install/crazyflie_interfaces/include/crazyflie_interfaces/crazyflie_interfaces/srv/detail/notify_setpoints_stop__description.c
[6.098s] -- Up-to-date: /home/ubuntuuser/ros2_ws/install/crazyflie_interfaces/include/crazyflie_interfaces/crazyflie_interfaces/srv/detail/upload_trajectory__description.c
[6.099s] -- Up-to-date: /home/ubuntuuser/ros2_ws/install/crazyflie_interfaces/include/crazyflie_interfaces/crazyflie_interfaces/srv/detail/takeoff__functions.c
[6.099s] -- Installing: /home/ubuntuuser/ros2_ws/install/crazyflie_interfaces/include/crazyflie_interfaces/crazyflie_interfaces/srv/detail/upload_trajectory__type_support.c
[6.099s] -- Up-to-date: /home/ubuntuuser/ros2_ws/install/crazyflie_interfaces/include/crazyflie_interfaces/crazyflie_interfaces/srv/detail/start_trajectory__type_support.h
[6.099s] -- Up-to-date: /home/ubuntuuser/ros2_ws/install/crazyflie_interfaces/include/crazyflie_interfaces/crazyflie_interfaces/srv/detail/land__functions.c
[6.099s] -- Up-to-date: /home/ubuntuuser/ros2_ws/install/crazyflie_interfaces/include/crazyflie_interfaces/crazyflie_interfaces/srv/detail/update_params__description.c
[6.099s] -- Up-to-date: /home/ubuntuuser/ros2_ws/install/crazyflie_interfaces/include/crazyflie_interfaces/crazyflie_interfaces/srv/detail/add_logging__functions.c
[6.099s] -- Up-to-date: /home/ubuntuuser/ros2_ws/install/crazyflie_interfaces/include/crazyflie_interfaces/crazyflie_interfaces/srv/detail/go_to__type_support.h
[6.100s] -- Up-to-date: /home/ubuntuuser/ros2_ws/install/crazyflie_interfaces/include/crazyflie_interfaces/crazyflie_interfaces/srv/detail/start_trajectory__functions.c
[6.100s] -- Up-to-date: /home/ubuntuuser/ros2_ws/install/crazyflie_interfaces/include/crazyflie_interfaces/crazyflie_interfaces/srv/detail/remove_logging__type_support.h
[6.106s] -- Up-to-date: /home/ubuntuuser/ros2_ws/install/crazyflie_interfaces/include/crazyflie_interfaces/crazyflie_interfaces/srv/detail/land__struct.h
[6.106s] -- Up-to-date: /home/ubuntuuser/ros2_ws/install/crazyflie_interfaces/include/crazyflie_interfaces/crazyflie_interfaces/srv/detail/arm__description.c
[6.106s] -- Up-to-date: /home/ubuntuuser/ros2_ws/install/crazyflie_interfaces/include/crazyflie_interfaces/crazyflie_interfaces/srv/detail/notify_setpoints_stop__struct.h
[6.107s] -- Up-to-date: /home/ubuntuuser/ros2_ws/install/crazyflie_interfaces/include/crazyflie_interfaces/crazyflie_interfaces/srv/detail/go_to__functions.c
[6.107s] -- Up-to-date: /home/ubuntuuser/ros2_ws/install/crazyflie_interfaces/include/crazyflie_interfaces/crazyflie_interfaces/srv/detail/arm__struct.h
[6.107s] -- Up-to-date: /home/ubuntuuser/ros2_ws/install/crazyflie_interfaces/include/crazyflie_interfaces/crazyflie_interfaces/srv/detail/go_to__description.c
[6.117s] -- Up-to-date: /home/ubuntuuser/ros2_ws/install/crazyflie_interfaces/include/crazyflie_interfaces/crazyflie_interfaces/srv/detail/update_params__functions.h
[6.120s] -- Up-to-date: /home/ubuntuuser/ros2_ws/install/crazyflie_interfaces/include/crazyflie_interfaces/crazyflie_interfaces/srv/detail/land__type_support.h
[6.120s] -- Installing: /home/ubuntuuser/ros2_ws/install/crazyflie_interfaces/include/crazyflie_interfaces/crazyflie_interfaces/srv/detail/set_group_mask__type_support.c
[6.120s] -- Up-to-date: /home/ubuntuuser/ros2_ws/install/crazyflie_interfaces/include/crazyflie_interfaces/crazyflie_interfaces/srv/detail/takeoff__struct.h
[6.120s] -- Up-to-date: /home/ubuntuuser/ros2_ws/install/crazyflie_interfaces/include/crazyflie_interfaces/crazyflie_interfaces/srv/detail/start_trajectory__functions.h
[6.120s] -- Up-to-date: /home/ubuntuuser/ros2_ws/install/crazyflie_interfaces/include/crazyflie_interfaces/crazyflie_interfaces/srv/detail/add_logging__functions.h
[6.121s] -- Up-to-date: /home/ubuntuuser/ros2_ws/install/crazyflie_interfaces/include/crazyflie_interfaces/crazyflie_interfaces/srv/detail/arm__functions.h
[6.121s] -- Up-to-date: /home/ubuntuuser/ros2_ws/install/crazyflie_interfaces/include/crazyflie_interfaces/crazyflie_interfaces/srv/detail/stop__functions.c
[6.121s] -- Up-to-date: /home/ubuntuuser/ros2_ws/install/crazyflie_interfaces/include/crazyflie_interfaces/crazyflie_interfaces/srv/notify_setpoints_stop.h
[6.121s] -- Up-to-date: /home/ubuntuuser/ros2_ws/install/crazyflie_interfaces/include/crazyflie_interfaces/crazyflie_interfaces/srv/arm.h
[6.121s] -- Up-to-date: /home/ubuntuuser/ros2_ws/install/crazyflie_interfaces/include/crazyflie_interfaces/crazyflie_interfaces/srv/start_trajectory.h
[6.121s] -- Up-to-date: /home/ubuntuuser/ros2_ws/install/crazyflie_interfaces/include/crazyflie_interfaces/crazyflie_interfaces/srv/land.h
[6.121s] -- Up-to-date: /home/ubuntuuser/ros2_ws/install/crazyflie_interfaces/include/crazyflie_interfaces/crazyflie_interfaces/srv/set_group_mask.h
[6.121s] -- Up-to-date: /home/ubuntuuser/ros2_ws/install/crazyflie_interfaces/include/crazyflie_interfaces/crazyflie_interfaces/srv/takeoff.h
[6.121s] -- Up-to-date: /home/ubuntuuser/ros2_ws/install/crazyflie_interfaces/include/crazyflie_interfaces/crazyflie_interfaces/srv/remove_logging.h
[6.145s] -- Up-to-date: /home/ubuntuuser/ros2_ws/install/crazyflie_interfaces/include/crazyflie_interfaces/crazyflie_interfaces/srv/go_to.h
[6.145s] -- Up-to-date: /home/ubuntuuser/ros2_ws/install/crazyflie_interfaces/include/crazyflie_interfaces/crazyflie_interfaces/srv/stop.h
[6.155s] -- Up-to-date: /home/ubuntuuser/ros2_ws/install/crazyflie_interfaces/include/crazyflie_interfaces/crazyflie_interfaces/srv/upload_trajectory.h
[6.155s] -- Up-to-date: /home/ubuntuuser/ros2_ws/install/crazyflie_interfaces/include/crazyflie_interfaces/crazyflie_interfaces/srv/add_logging.h
[6.155s] -- Up-to-date: /home/ubuntuuser/ros2_ws/install/crazyflie_interfaces/share/crazyflie_interfaces/environment/library_path.sh
[6.156s] -- Up-to-date: /home/ubuntuuser/ros2_ws/install/crazyflie_interfaces/share/crazyflie_interfaces/environment/library_path.dsv
[6.168s] -- Up-to-date: /home/ubuntuuser/ros2_ws/install/crazyflie_interfaces/lib/libcrazyflie_interfaces__rosidl_generator_c.so
[6.168s] -- Up-to-date: /home/ubuntuuser/ros2_ws/install/crazyflie_interfaces/include/crazyflie_interfaces/crazyflie_interfaces
[6.168s] -- Up-to-date: /home/ubuntuuser/ros2_ws/install/crazyflie_interfaces/include/crazyflie_interfaces/crazyflie_interfaces/msg
[6.169s] -- Up-to-date: /home/ubuntuuser/ros2_ws/install/crazyflie_interfaces/include/crazyflie_interfaces/crazyflie_interfaces/msg/detail
[6.169s] -- Up-to-date: /home/ubuntuuser/ros2_ws/install/crazyflie_interfaces/include/crazyflie_interfaces/crazyflie_interfaces/msg/detail/position__rosidl_typesupport_fastrtps_c.h
[6.169s] -- Up-to-date: /home/ubuntuuser/ros2_ws/install/crazyflie_interfaces/include/crazyflie_interfaces/crazyflie_interfaces/msg/detail/log_data_generic__rosidl_typesupport_fastrtps_c.h
[6.169s] -- Up-to-date: /home/ubuntuuser/ros2_ws/install/crazyflie_interfaces/include/crazyflie_interfaces/crazyflie_interfaces/msg/detail/full_state__rosidl_typesupport_fastrtps_c.h
[6.169s] -- Up-to-date: /home/ubuntuuser/ros2_ws/install/crazyflie_interfaces/include/crazyflie_interfaces/crazyflie_interfaces/msg/detail/connection_statistics_array__rosidl_typesupport_fastrtps_c.h
[6.170s] -- Up-to-date: /home/ubuntuuser/ros2_ws/install/crazyflie_interfaces/include/crazyflie_interfaces/crazyflie_interfaces/msg/detail/velocity_world__rosidl_typesupport_fastrtps_c.h
[6.170s] -- Up-to-date: /home/ubuntuuser/ros2_ws/install/crazyflie_interfaces/include/crazyflie_interfaces/crazyflie_interfaces/msg/detail/log_block__rosidl_typesupport_fastrtps_c.h
[6.170s] -- Up-to-date: /home/ubuntuuser/ros2_ws/install/crazyflie_interfaces/include/crazyflie_interfaces/crazyflie_interfaces/msg/detail/trajectory_polynomial_piece__rosidl_typesupport_fastrtps_c.h
[6.179s] -- Up-to-date: /home/ubuntuuser/ros2_ws/install/crazyflie_interfaces/include/crazyflie_interfaces/crazyflie_interfaces/msg/detail/connection_statistics__rosidl_typesupport_fastrtps_c.h
[6.179s] -- Up-to-date: /home/ubuntuuser/ros2_ws/install/crazyflie_interfaces/include/crazyflie_interfaces/crazyflie_interfaces/msg/detail/status__rosidl_typesupport_fastrtps_c.h
[6.179s] -- Up-to-date: /home/ubuntuuser/ros2_ws/install/crazyflie_interfaces/include/crazyflie_interfaces/crazyflie_interfaces/msg/detail/hover__rosidl_typesupport_fastrtps_c.h
[6.179s] -- Up-to-date: /home/ubuntuuser/ros2_ws/install/crazyflie_interfaces/include/crazyflie_interfaces/crazyflie_interfaces/msg/rosidl_typesupport_fastrtps_c__visibility_control.h
[6.179s] -- Up-to-date: /home/ubuntuuser/ros2_ws/install/crazyflie_interfaces/include/crazyflie_interfaces/crazyflie_interfaces/srv
[6.179s] -- Up-to-date: /home/ubuntuuser/ros2_ws/install/crazyflie_interfaces/include/crazyflie_interfaces/crazyflie_interfaces/srv/detail
[6.180s] -- Up-to-date: /home/ubuntuuser/ros2_ws/install/crazyflie_interfaces/include/crazyflie_interfaces/crazyflie_interfaces/srv/detail/start_trajectory__rosidl_typesupport_fastrtps_c.h
[6.180s] -- Up-to-date: /home/ubuntuuser/ros2_ws/install/crazyflie_interfaces/include/crazyflie_interfaces/crazyflie_interfaces/srv/detail/land__rosidl_typesupport_fastrtps_c.h
[6.180s] -- Up-to-date: /home/ubuntuuser/ros2_ws/install/crazyflie_interfaces/include/crazyflie_interfaces/crazyflie_interfaces/srv/detail/stop__rosidl_typesupport_fastrtps_c.h
[6.180s] -- Up-to-date: /home/ubuntuuser/ros2_ws/install/crazyflie_interfaces/include/crazyflie_interfaces/crazyflie_interfaces/srv/detail/set_group_mask__rosidl_typesupport_fastrtps_c.h
[6.180s] -- Up-to-date: /home/ubuntuuser/ros2_ws/install/crazyflie_interfaces/include/crazyflie_interfaces/crazyflie_interfaces/srv/detail/update_params__rosidl_typesupport_fastrtps_c.h
[6.181s] -- Up-to-date: /home/ubuntuuser/ros2_ws/install/crazyflie_interfaces/include/crazyflie_interfaces/crazyflie_interfaces/srv/detail/notify_setpoints_stop__rosidl_typesupport_fastrtps_c.h
[6.187s] -- Up-to-date: /home/ubuntuuser/ros2_ws/install/crazyflie_interfaces/include/crazyflie_interfaces/crazyflie_interfaces/srv/detail/remove_logging__rosidl_typesupport_fastrtps_c.h
[6.188s] -- Up-to-date: /home/ubuntuuser/ros2_ws/install/crazyflie_interfaces/include/crazyflie_interfaces/crazyflie_interfaces/srv/detail/add_logging__rosidl_typesupport_fastrtps_c.h
[6.188s] -- Up-to-date: /home/ubuntuuser/ros2_ws/install/crazyflie_interfaces/include/crazyflie_interfaces/crazyflie_interfaces/srv/detail/takeoff__rosidl_typesupport_fastrtps_c.h
[6.188s] -- Up-to-date: /home/ubuntuuser/ros2_ws/install/crazyflie_interfaces/include/crazyflie_interfaces/crazyflie_interfaces/srv/detail/arm__rosidl_typesupport_fastrtps_c.h
[6.188s] -- Up-to-date: /home/ubuntuuser/ros2_ws/install/crazyflie_interfaces/include/crazyflie_interfaces/crazyflie_interfaces/srv/detail/upload_trajectory__rosidl_typesupport_fastrtps_c.h
[6.188s] -- Up-to-date: /home/ubuntuuser/ros2_ws/install/crazyflie_interfaces/include/crazyflie_interfaces/crazyflie_interfaces/srv/detail/go_to__rosidl_typesupport_fastrtps_c.h
[6.188s] -- Up-to-date: /home/ubuntuuser/ros2_ws/install/crazyflie_interfaces/lib/libcrazyflie_interfaces__rosidl_typesupport_fastrtps_c.so
[6.189s] -- Up-to-date: /home/ubuntuuser/ros2_ws/install/crazyflie_interfaces/include/crazyflie_interfaces/crazyflie_interfaces
[6.191s] -- Up-to-date: /home/ubuntuuser/ros2_ws/install/crazyflie_interfaces/include/crazyflie_interfaces/crazyflie_interfaces/msg
[6.194s] -- Up-to-date: /home/ubuntuuser/ros2_ws/install/crazyflie_interfaces/include/crazyflie_interfaces/crazyflie_interfaces/msg/rosidl_generator_cpp__visibility_control.hpp
[6.194s] -- Up-to-date: /home/ubuntuuser/ros2_ws/install/crazyflie_interfaces/include/crazyflie_interfaces/crazyflie_interfaces/msg/detail
[6.194s] -- Up-to-date: /home/ubuntuuser/ros2_ws/install/crazyflie_interfaces/include/crazyflie_interfaces/crazyflie_interfaces/msg/detail/connection_statistics_array__builder.hpp
[6.194s] -- Up-to-date: /home/ubuntuuser/ros2_ws/install/crazyflie_interfaces/include/crazyflie_interfaces/crazyflie_interfaces/msg/detail/trajectory_polynomial_piece__traits.hpp
[6.195s] -- Up-to-date: /home/ubuntuuser/ros2_ws/install/crazyflie_interfaces/include/crazyflie_interfaces/crazyflie_interfaces/msg/detail/log_block__type_support.hpp
[6.195s] -- Up-to-date: /home/ubuntuuser/ros2_ws/install/crazyflie_interfaces/include/crazyflie_interfaces/crazyflie_interfaces/msg/detail/trajectory_polynomial_piece__builder.hpp
[6.195s] -- Up-to-date: /home/ubuntuuser/ros2_ws/install/crazyflie_interfaces/include/crazyflie_interfaces/crazyflie_interfaces/msg/detail/position__type_support.hpp
[6.195s] -- Up-to-date: /home/ubuntuuser/ros2_ws/install/crazyflie_interfaces/include/crazyflie_interfaces/crazyflie_interfaces/msg/detail/log_block__struct.hpp
[6.195s] -- Up-to-date: /home/ubuntuuser/ros2_ws/install/crazyflie_interfaces/include/crazyflie_interfaces/crazyflie_interfaces/msg/detail/velocity_world__type_support.hpp
[6.195s] -- Up-to-date: /home/ubuntuuser/ros2_ws/install/crazyflie_interfaces/include/crazyflie_interfaces/crazyflie_interfaces/msg/detail/log_data_generic__type_support.hpp
[6.195s] -- Up-to-date: /home/ubuntuuser/ros2_ws/install/crazyflie_interfaces/include/crazyflie_interfaces/crazyflie_interfaces/msg/detail/connection_statistics__builder.hpp
[6.195s] -- Up-to-date: /home/ubuntuuser/ros2_ws/install/crazyflie_interfaces/include/crazyflie_interfaces/crazyflie_interfaces/msg/detail/connection_statistics__type_support.hpp
[6.195s] -- Up-to-date: /home/ubuntuuser/ros2_ws/install/crazyflie_interfaces/include/crazyflie_interfaces/crazyflie_interfaces/msg/detail/hover__traits.hpp
[6.196s] -- Up-to-date: /home/ubuntuuser/ros2_ws/install/crazyflie_interfaces/include/crazyflie_interfaces/crazyflie_interfaces/msg/detail/hover__type_support.hpp
[6.196s] -- Up-to-date: /home/ubuntuuser/ros2_ws/install/crazyflie_interfaces/include/crazyflie_interfaces/crazyflie_interfaces/msg/detail/connection_statistics_array__struct.hpp
[6.196s] -- Up-to-date: /home/ubuntuuser/ros2_ws/install/crazyflie_interfaces/include/crazyflie_interfaces/crazyflie_interfaces/msg/detail/status__builder.hpp
[6.196s] -- Up-to-date: /home/ubuntuuser/ros2_ws/install/crazyflie_interfaces/include/crazyflie_interfaces/crazyflie_interfaces/msg/detail/status__struct.hpp
[6.196s] -- Up-to-date: /home/ubuntuuser/ros2_ws/install/crazyflie_interfaces/include/crazyflie_interfaces/crazyflie_interfaces/msg/detail/connection_statistics__traits.hpp
[6.197s] -- Up-to-date: /home/ubuntuuser/ros2_ws/install/crazyflie_interfaces/include/crazyflie_interfaces/crazyflie_interfaces/msg/detail/log_data_generic__traits.hpp
[6.197s] -- Up-to-date: /home/ubuntuuser/ros2_ws/install/crazyflie_interfaces/include/crazyflie_interfaces/crazyflie_interfaces/msg/detail/log_block__traits.hpp
[6.205s] -- Up-to-date: /home/ubuntuuser/ros2_ws/install/crazyflie_interfaces/include/crazyflie_interfaces/crazyflie_interfaces/msg/detail/status__type_support.hpp
[6.205s] -- Up-to-date: /home/ubuntuuser/ros2_ws/install/crazyflie_interfaces/include/crazyflie_interfaces/crazyflie_interfaces/msg/detail/connection_statistics_array__type_support.hpp
[6.205s] -- Up-to-date: /home/ubuntuuser/ros2_ws/install/crazyflie_interfaces/include/crazyflie_interfaces/crazyflie_interfaces/msg/detail/trajectory_polynomial_piece__type_support.hpp
[6.206s] -- Up-to-date: /home/ubuntuuser/ros2_ws/install/crazyflie_interfaces/include/crazyflie_interfaces/crazyflie_interfaces/msg/detail/log_data_generic__struct.hpp
[6.206s] -- Up-to-date: /home/ubuntuuser/ros2_ws/install/crazyflie_interfaces/include/crazyflie_interfaces/crazyflie_interfaces/msg/detail/position__struct.hpp
[6.206s] -- Up-to-date: /home/ubuntuuser/ros2_ws/install/crazyflie_interfaces/include/crazyflie_interfaces/crazyflie_interfaces/msg/detail/status__traits.hpp
[6.206s] -- Up-to-date: /home/ubuntuuser/ros2_ws/install/crazyflie_interfaces/include/crazyflie_interfaces/crazyflie_interfaces/msg/detail/position__traits.hpp
[6.206s] -- Up-to-date: /home/ubuntuuser/ros2_ws/install/crazyflie_interfaces/include/crazyflie_interfaces/crazyflie_interfaces/msg/detail/position__builder.hpp
[6.206s] -- Up-to-date: /home/ubuntuuser/ros2_ws/install/crazyflie_interfaces/include/crazyflie_interfaces/crazyflie_interfaces/msg/detail/hover__struct.hpp
[6.206s] -- Up-to-date: /home/ubuntuuser/ros2_ws/install/crazyflie_interfaces/include/crazyflie_interfaces/crazyflie_interfaces/msg/detail/hover__builder.hpp
[6.206s] -- Up-to-date: /home/ubuntuuser/ros2_ws/install/crazyflie_interfaces/include/crazyflie_interfaces/crazyflie_interfaces/msg/detail/log_block__builder.hpp
[6.207s] -- Up-to-date: /home/ubuntuuser/ros2_ws/install/crazyflie_interfaces/include/crazyflie_interfaces/crazyflie_interfaces/msg/detail/full_state__struct.hpp
[6.207s] -- Up-to-date: /home/ubuntuuser/ros2_ws/install/crazyflie_interfaces/include/crazyflie_interfaces/crazyflie_interfaces/msg/detail/full_state__traits.hpp
[6.207s] -- Up-to-date: /home/ubuntuuser/ros2_ws/install/crazyflie_interfaces/include/crazyflie_interfaces/crazyflie_interfaces/msg/detail/log_data_generic__builder.hpp
[6.207s] -- Up-to-date: /home/ubuntuuser/ros2_ws/install/crazyflie_interfaces/include/crazyflie_interfaces/crazyflie_interfaces/msg/detail/full_state__builder.hpp
[6.207s] -- Up-to-date: /home/ubuntuuser/ros2_ws/install/crazyflie_interfaces/include/crazyflie_interfaces/crazyflie_interfaces/msg/detail/full_state__type_support.hpp
[6.207s] -- Up-to-date: /home/ubuntuuser/ros2_ws/install/crazyflie_interfaces/include/crazyflie_interfaces/crazyflie_interfaces/msg/detail/trajectory_polynomial_piece__struct.hpp
[6.207s] -- Up-to-date: /home/ubuntuuser/ros2_ws/install/crazyflie_interfaces/include/crazyflie_interfaces/crazyflie_interfaces/msg/detail/velocity_world__builder.hpp
[6.208s] -- Up-to-date: /home/ubuntuuser/ros2_ws/install/crazyflie_interfaces/include/crazyflie_interfaces/crazyflie_interfaces/msg/detail/connection_statistics__struct.hpp
[6.208s] -- Up-to-date: /home/ubuntuuser/ros2_ws/install/crazyflie_interfaces/include/crazyflie_interfaces/crazyflie_interfaces/msg/detail/connection_statistics_array__traits.hpp
[6.208s] -- Up-to-date: /home/ubuntuuser/ros2_ws/install/crazyflie_interfaces/include/crazyflie_interfaces/crazyflie_interfaces/msg/detail/velocity_world__struct.hpp
[6.208s] -- Up-to-date: /home/ubuntuuser/ros2_ws/install/crazyflie_interfaces/include/crazyflie_interfaces/crazyflie_interfaces/msg/detail/velocity_world__traits.hpp
[6.209s] -- Up-to-date: /home/ubuntuuser/ros2_ws/install/crazyflie_interfaces/include/crazyflie_interfaces/crazyflie_interfaces/msg/full_state.hpp
[6.209s] -- Up-to-date: /home/ubuntuuser/ros2_ws/install/crazyflie_interfaces/include/crazyflie_interfaces/crazyflie_interfaces/msg/log_block.hpp
[6.209s] -- Up-to-date: /home/ubuntuuser/ros2_ws/install/crazyflie_interfaces/include/crazyflie_interfaces/crazyflie_interfaces/msg/log_data_generic.hpp
[6.211s] -- Up-to-date: /home/ubuntuuser/ros2_ws/install/crazyflie_interfaces/include/crazyflie_interfaces/crazyflie_interfaces/msg/hover.hpp
[6.211s] -- Up-to-date: /home/ubuntuuser/ros2_ws/install/crazyflie_interfaces/include/crazyflie_interfaces/crazyflie_interfaces/msg/connection_statistics_array.hpp
[6.211s] -- Up-to-date: /home/ubuntuuser/ros2_ws/install/crazyflie_interfaces/include/crazyflie_interfaces/crazyflie_interfaces/msg/trajectory_polynomial_piece.hpp
[6.211s] -- Up-to-date: /home/ubuntuuser/ros2_ws/install/crazyflie_interfaces/include/crazyflie_interfaces/crazyflie_interfaces/msg/connection_statistics.hpp
[6.211s] -- Up-to-date: /home/ubuntuuser/ros2_ws/install/crazyflie_interfaces/include/crazyflie_interfaces/crazyflie_interfaces/msg/status.hpp
[6.211s] -- Up-to-date: /home/ubuntuuser/ros2_ws/install/crazyflie_interfaces/include/crazyflie_interfaces/crazyflie_interfaces/msg/velocity_world.hpp
[6.211s] -- Up-to-date: /home/ubuntuuser/ros2_ws/install/crazyflie_interfaces/include/crazyflie_interfaces/crazyflie_interfaces/msg/position.hpp
[6.211s] -- Up-to-date: /home/ubuntuuser/ros2_ws/install/crazyflie_interfaces/include/crazyflie_interfaces/crazyflie_interfaces/srv
[6.212s] -- Up-to-date: /home/ubuntuuser/ros2_ws/install/crazyflie_interfaces/include/crazyflie_interfaces/crazyflie_interfaces/srv/detail
[6.212s] -- Up-to-date: /home/ubuntuuser/ros2_ws/install/crazyflie_interfaces/include/crazyflie_interfaces/crazyflie_interfaces/srv/detail/stop__builder.hpp
[6.212s] -- Up-to-date: /home/ubuntuuser/ros2_ws/install/crazyflie_interfaces/include/crazyflie_interfaces/crazyflie_interfaces/srv/detail/notify_setpoints_stop__type_support.hpp
[6.212s] -- Up-to-date: /home/ubuntuuser/ros2_ws/install/crazyflie_interfaces/include/crazyflie_interfaces/crazyflie_interfaces/srv/detail/land__struct.hpp
[6.212s] -- Up-to-date: /home/ubuntuuser/ros2_ws/install/crazyflie_interfaces/include/crazyflie_interfaces/crazyflie_interfaces/srv/detail/notify_setpoints_stop__struct.hpp
[6.212s] -- Up-to-date: /home/ubuntuuser/ros2_ws/install/crazyflie_interfaces/include/crazyflie_interfaces/crazyflie_interfaces/srv/detail/upload_trajectory__type_support.hpp
[6.212s] -- Up-to-date: /home/ubuntuuser/ros2_ws/install/crazyflie_interfaces/include/crazyflie_interfaces/crazyflie_interfaces/srv/detail/land__builder.hpp
[6.212s] -- Up-to-date: /home/ubuntuuser/ros2_ws/install/crazyflie_interfaces/include/crazyflie_interfaces/crazyflie_interfaces/srv/detail/set_group_mask__traits.hpp
[6.212s] -- Up-to-date: /home/ubuntuuser/ros2_ws/install/crazyflie_interfaces/include/crazyflie_interfaces/crazyflie_interfaces/srv/detail/stop__traits.hpp
[6.213s] -- Up-to-date: /home/ubuntuuser/ros2_ws/install/crazyflie_interfaces/include/crazyflie_interfaces/crazyflie_interfaces/srv/detail/add_logging__traits.hpp
[6.213s] -- Up-to-date: /home/ubuntuuser/ros2_ws/install/crazyflie_interfaces/include/crazyflie_interfaces/crazyflie_interfaces/srv/detail/takeoff__builder.hpp
[6.213s] -- Up-to-date: /home/ubuntuuser/ros2_ws/install/crazyflie_interfaces/include/crazyflie_interfaces/crazyflie_interfaces/srv/detail/arm__type_support.hpp
[6.213s] -- Up-to-date: /home/ubuntuuser/ros2_ws/install/crazyflie_interfaces/include/crazyflie_interfaces/crazyflie_interfaces/srv/detail/upload_trajectory__traits.hpp
[6.213s] -- Up-to-date: /home/ubuntuuser/ros2_ws/install/crazyflie_interfaces/include/crazyflie_interfaces/crazyflie_interfaces/srv/detail/remove_logging__struct.hpp
[6.213s] -- Up-to-date: /home/ubuntuuser/ros2_ws/install/crazyflie_interfaces/include/crazyflie_interfaces/crazyflie_interfaces/srv/detail/start_trajectory__traits.hpp
[6.213s] -- Up-to-date: /home/ubuntuuser/ros2_ws/install/crazyflie_interfaces/include/crazyflie_interfaces/crazyflie_interfaces/srv/detail/go_to__type_support.hpp
[6.213s] -- Up-to-date: /home/ubuntuuser/ros2_ws/install/crazyflie_interfaces/include/crazyflie_interfaces/crazyflie_interfaces/srv/detail/add_logging__type_support.hpp
[6.213s] -- Up-to-date: /home/ubuntuuser/ros2_ws/install/crazyflie_interfaces/include/crazyflie_interfaces/crazyflie_interfaces/srv/detail/land__traits.hpp
[6.214s] -- Up-to-date: /home/ubuntuuser/ros2_ws/install/crazyflie_interfaces/include/crazyflie_interfaces/crazyflie_interfaces/srv/detail/set_group_mask__builder.hpp
[6.214s] -- Up-to-date: /home/ubuntuuser/ros2_ws/install/crazyflie_interfaces/include/crazyflie_interfaces/crazyflie_interfaces/srv/detail/takeoff__struct.hpp
[6.214s] -- Up-to-date: /home/ubuntuuser/ros2_ws/install/crazyflie_interfaces/include/crazyflie_interfaces/crazyflie_interfaces/srv/detail/set_group_mask__struct.hpp
[6.214s] -- Up-to-date: /home/ubuntuuser/ros2_ws/install/crazyflie_interfaces/include/crazyflie_interfaces/crazyflie_interfaces/srv/detail/arm__struct.hpp
[6.214s] -- Up-to-date: /home/ubuntuuser/ros2_ws/install/crazyflie_interfaces/include/crazyflie_interfaces/crazyflie_interfaces/srv/detail/go_to__builder.hpp
[6.214s] -- Up-to-date: /home/ubuntuuser/ros2_ws/install/crazyflie_interfaces/include/crazyflie_interfaces/crazyflie_interfaces/srv/detail/go_to__struct.hpp
[6.214s] -- Up-to-date: /home/ubuntuuser/ros2_ws/install/crazyflie_interfaces/include/crazyflie_interfaces/crazyflie_interfaces/srv/detail/land__type_support.hpp
[6.214s] -- Up-to-date: /home/ubuntuuser/ros2_ws/install/crazyflie_interfaces/include/crazyflie_interfaces/crazyflie_interfaces/srv/detail/notify_setpoints_stop__builder.hpp
[6.214s] -- Up-to-date: /home/ubuntuuser/ros2_ws/install/crazyflie_interfaces/include/crazyflie_interfaces/crazyflie_interfaces/srv/detail/notify_setpoints_stop__traits.hpp
[6.214s] -- Up-to-date: /home/ubuntuuser/ros2_ws/install/crazyflie_interfaces/include/crazyflie_interfaces/crazyflie_interfaces/srv/detail/update_params__type_support.hpp
[6.215s] -- Up-to-date: /home/ubuntuuser/ros2_ws/install/crazyflie_interfaces/include/crazyflie_interfaces/crazyflie_interfaces/srv/detail/takeoff__traits.hpp
[6.215s] -- Up-to-date: /home/ubuntuuser/ros2_ws/install/crazyflie_interfaces/include/crazyflie_interfaces/crazyflie_interfaces/srv/detail/arm__builder.hpp
[6.215s] -- Up-to-date: /home/ubuntuuser/ros2_ws/install/crazyflie_interfaces/include/crazyflie_interfaces/crazyflie_interfaces/srv/detail/start_trajectory__type_support.hpp
[6.215s] -- Up-to-date: /home/ubuntuuser/ros2_ws/install/crazyflie_interfaces/include/crazyflie_interfaces/crazyflie_interfaces/srv/detail/add_logging__struct.hpp
[6.221s] -- Up-to-date: /home/ubuntuuser/ros2_ws/install/crazyflie_interfaces/include/crazyflie_interfaces/crazyflie_interfaces/srv/detail/upload_trajectory__struct.hpp
[6.222s] -- Up-to-date: /home/ubuntuuser/ros2_ws/install/crazyflie_interfaces/include/crazyflie_interfaces/crazyflie_interfaces/srv/detail/remove_logging__type_support.hpp
[6.222s] -- Up-to-date: /home/ubuntuuser/ros2_ws/install/crazyflie_interfaces/include/crazyflie_interfaces/crazyflie_interfaces/srv/detail/update_params__struct.hpp
[6.222s] -- Up-to-date: /home/ubuntuuser/ros2_ws/install/crazyflie_interfaces/include/crazyflie_interfaces/crazyflie_interfaces/srv/detail/takeoff__type_support.hpp
[6.222s] -- Up-to-date: /home/ubuntuuser/ros2_ws/install/crazyflie_interfaces/include/crazyflie_interfaces/crazyflie_interfaces/srv/detail/upload_trajectory__builder.hpp
[6.222s] -- Up-to-date: /home/ubuntuuser/ros2_ws/install/crazyflie_interfaces/include/crazyflie_interfaces/crazyflie_interfaces/srv/detail/start_trajectory__builder.hpp
[6.222s] -- Up-to-date: /home/ubuntuuser/ros2_ws/install/crazyflie_interfaces/include/crazyflie_interfaces/crazyflie_interfaces/srv/detail/update_params__builder.hpp
[6.222s] -- Up-to-date: /home/ubuntuuser/ros2_ws/install/crazyflie_interfaces/include/crazyflie_interfaces/crazyflie_interfaces/srv/detail/start_trajectory__struct.hpp
[6.222s] -- Up-to-date: /home/ubuntuuser/ros2_ws/install/crazyflie_interfaces/include/crazyflie_interfaces/crazyflie_interfaces/srv/detail/arm__traits.hpp
[6.222s] -- Up-to-date: /home/ubuntuuser/ros2_ws/install/crazyflie_interfaces/include/crazyflie_interfaces/crazyflie_interfaces/srv/detail/set_group_mask__type_support.hpp
[6.223s] -- Up-to-date: /home/ubuntuuser/ros2_ws/install/crazyflie_interfaces/include/crazyflie_interfaces/crazyflie_interfaces/srv/detail/stop__type_support.hpp
[6.223s] -- Up-to-date: /home/ubuntuuser/ros2_ws/install/crazyflie_interfaces/include/crazyflie_interfaces/crazyflie_interfaces/srv/detail/remove_logging__builder.hpp
[6.223s] -- Up-to-date: /home/ubuntuuser/ros2_ws/install/crazyflie_interfaces/include/crazyflie_interfaces/crazyflie_interfaces/srv/detail/add_logging__builder.hpp
[6.223s] -- Up-to-date: /home/ubuntuuser/ros2_ws/install/crazyflie_interfaces/include/crazyflie_interfaces/crazyflie_interfaces/srv/detail/remove_logging__traits.hpp
[6.223s] -- Up-to-date: /home/ubuntuuser/ros2_ws/install/crazyflie_interfaces/include/crazyflie_interfaces/crazyflie_interfaces/srv/detail/go_to__traits.hpp
[6.223s] -- Up-to-date: /home/ubuntuuser/ros2_ws/install/crazyflie_interfaces/include/crazyflie_interfaces/crazyflie_interfaces/srv/detail/update_params__traits.hpp
[6.223s] -- Up-to-date: /home/ubuntuuser/ros2_ws/install/crazyflie_interfaces/include/crazyflie_interfaces/crazyflie_interfaces/srv/detail/stop__struct.hpp
[6.223s] -- Up-to-date: /home/ubuntuuser/ros2_ws/install/crazyflie_interfaces/include/crazyflie_interfaces/crazyflie_interfaces/srv/notify_setpoints_stop.hpp
[6.223s] -- Up-to-date: /home/ubuntuuser/ros2_ws/install/crazyflie_interfaces/include/crazyflie_interfaces/crazyflie_interfaces/srv/stop.hpp
[6.224s] -- Up-to-date: /home/ubuntuuser/ros2_ws/install/crazyflie_interfaces/include/crazyflie_interfaces/crazyflie_interfaces/srv/takeoff.hpp
[6.224s] -- Up-to-date: /home/ubuntuuser/ros2_ws/install/crazyflie_interfaces/include/crazyflie_interfaces/crazyflie_interfaces/srv/start_trajectory.hpp
[6.224s] -- Up-to-date: /home/ubuntuuser/ros2_ws/install/crazyflie_interfaces/include/crazyflie_interfaces/crazyflie_interfaces/srv/add_logging.hpp
[6.224s] -- Up-to-date: /home/ubuntuuser/ros2_ws/install/crazyflie_interfaces/include/crazyflie_interfaces/crazyflie_interfaces/srv/land.hpp
[6.224s] -- Up-to-date: /home/ubuntuuser/ros2_ws/install/crazyflie_interfaces/include/crazyflie_interfaces/crazyflie_interfaces/srv/go_to.hpp
[6.224s] -- Up-to-date: /home/ubuntuuser/ros2_ws/install/crazyflie_interfaces/include/crazyflie_interfaces/crazyflie_interfaces/srv/remove_logging.hpp
[6.224s] -- Up-to-date: /home/ubuntuuser/ros2_ws/install/crazyflie_interfaces/include/crazyflie_interfaces/crazyflie_interfaces/srv/update_params.hpp
[6.224s] -- Up-to-date: /home/ubuntuuser/ros2_ws/install/crazyflie_interfaces/include/crazyflie_interfaces/crazyflie_interfaces/srv/set_group_mask.hpp
[6.224s] -- Up-to-date: /home/ubuntuuser/ros2_ws/install/crazyflie_interfaces/include/crazyflie_interfaces/crazyflie_interfaces/srv/arm.hpp
[6.231s] -- Up-to-date: /home/ubuntuuser/ros2_ws/install/crazyflie_interfaces/include/crazyflie_interfaces/crazyflie_interfaces/srv/upload_trajectory.hpp
[6.232s] -- Up-to-date: /home/ubuntuuser/ros2_ws/install/crazyflie_interfaces/include/crazyflie_interfaces/crazyflie_interfaces
[6.232s] -- Up-to-date: /home/ubuntuuser/ros2_ws/install/crazyflie_interfaces/include/crazyflie_interfaces/crazyflie_interfaces/msg
[6.235s] -- Up-to-date: /home/ubuntuuser/ros2_ws/install/crazyflie_interfaces/include/crazyflie_interfaces/crazyflie_interfaces/msg/detail
[6.235s] -- Up-to-date: /home/ubuntuuser/ros2_ws/install/crazyflie_interfaces/include/crazyflie_interfaces/crazyflie_interfaces/msg/detail/hover__rosidl_typesupport_fastrtps_cpp.hpp
[6.235s] -- Up-to-date: /home/ubuntuuser/ros2_ws/install/crazyflie_interfaces/include/crazyflie_interfaces/crazyflie_interfaces/msg/detail/trajectory_polynomial_piece__rosidl_typesupport_fastrtps_cpp.hpp
[6.235s] -- Up-to-date: /home/ubuntuuser/ros2_ws/install/crazyflie_interfaces/include/crazyflie_interfaces/crazyflie_interfaces/msg/detail/velocity_world__rosidl_typesupport_fastrtps_cpp.hpp
[6.236s] -- Up-to-date: /home/ubuntuuser/ros2_ws/install/crazyflie_interfaces/include/crazyflie_interfaces/crazyflie_interfaces/msg/detail/full_state__rosidl_typesupport_fastrtps_cpp.hpp
[6.236s] -- Up-to-date: /home/ubuntuuser/ros2_ws/install/crazyflie_interfaces/include/crazyflie_interfaces/crazyflie_interfaces/msg/detail/status__rosidl_typesupport_fastrtps_cpp.hpp
[6.236s] -- Up-to-date: /home/ubuntuuser/ros2_ws/install/crazyflie_interfaces/include/crazyflie_interfaces/crazyflie_interfaces/msg/detail/connection_statistics_array__rosidl_typesupport_fastrtps_cpp.hpp
[6.236s] -- Up-to-date: /home/ubuntuuser/ros2_ws/install/crazyflie_interfaces/include/crazyflie_interfaces/crazyflie_interfaces/msg/detail/log_data_generic__rosidl_typesupport_fastrtps_cpp.hpp
[6.236s] -- Up-to-date: /home/ubuntuuser/ros2_ws/install/crazyflie_interfaces/include/crazyflie_interfaces/crazyflie_interfaces/msg/detail/log_block__rosidl_typesupport_fastrtps_cpp.hpp
[6.236s] -- Up-to-date: /home/ubuntuuser/ros2_ws/install/crazyflie_interfaces/include/crazyflie_interfaces/crazyflie_interfaces/msg/detail/connection_statistics__rosidl_typesupport_fastrtps_cpp.hpp
[6.236s] -- Up-to-date: /home/ubuntuuser/ros2_ws/install/crazyflie_interfaces/include/crazyflie_interfaces/crazyflie_interfaces/msg/detail/dds_fastrtps
[6.236s] -- Up-to-date: /home/ubuntuuser/ros2_ws/install/crazyflie_interfaces/include/crazyflie_interfaces/crazyflie_interfaces/msg/detail/position__rosidl_typesupport_fastrtps_cpp.hpp
[6.236s] -- Up-to-date: /home/ubuntuuser/ros2_ws/install/crazyflie_interfaces/include/crazyflie_interfaces/crazyflie_interfaces/msg/rosidl_typesupport_fastrtps_cpp__visibility_control.h
[6.237s] -- Up-to-date: /home/ubuntuuser/ros2_ws/install/crazyflie_interfaces/include/crazyflie_interfaces/crazyflie_interfaces/srv
[6.237s] -- Up-to-date: /home/ubuntuuser/ros2_ws/install/crazyflie_interfaces/include/crazyflie_interfaces/crazyflie_interfaces/srv/detail
[6.237s] -- Up-to-date: /home/ubuntuuser/ros2_ws/install/crazyflie_interfaces/include/crazyflie_interfaces/crazyflie_interfaces/srv/detail/notify_setpoints_stop__rosidl_typesupport_fastrtps_cpp.hpp
[6.237s] -- Up-to-date: /home/ubuntuuser/ros2_ws/install/crazyflie_interfaces/include/crazyflie_interfaces/crazyflie_interfaces/srv/detail/land__rosidl_typesupport_fastrtps_cpp.hpp
[6.237s] -- Up-to-date: /home/ubuntuuser/ros2_ws/install/crazyflie_interfaces/include/crazyflie_interfaces/crazyflie_interfaces/srv/detail/update_params__rosidl_typesupport_fastrtps_cpp.hpp
[6.237s] -- Up-to-date: /home/ubuntuuser/ros2_ws/install/crazyflie_interfaces/include/crazyflie_interfaces/crazyflie_interfaces/srv/detail/set_group_mask__rosidl_typesupport_fastrtps_cpp.hpp
[6.237s] -- Up-to-date: /home/ubuntuuser/ros2_ws/install/crazyflie_interfaces/include/crazyflie_interfaces/crazyflie_interfaces/srv/detail/go_to__rosidl_typesupport_fastrtps_cpp.hpp
[6.237s] -- Up-to-date: /home/ubuntuuser/ros2_ws/install/crazyflie_interfaces/include/crazyflie_interfaces/crazyflie_interfaces/srv/detail/arm__rosidl_typesupport_fastrtps_cpp.hpp
[6.237s] -- Up-to-date: /home/ubuntuuser/ros2_ws/install/crazyflie_interfaces/include/crazyflie_interfaces/crazyflie_interfaces/srv/detail/remove_logging__rosidl_typesupport_fastrtps_cpp.hpp
[6.238s] -- Up-to-date: /home/ubuntuuser/ros2_ws/install/crazyflie_interfaces/include/crazyflie_interfaces/crazyflie_interfaces/srv/detail/stop__rosidl_typesupport_fastrtps_cpp.hpp
[6.238s] -- Up-to-date: /home/ubuntuuser/ros2_ws/install/crazyflie_interfaces/include/crazyflie_interfaces/crazyflie_interfaces/srv/detail/add_logging__rosidl_typesupport_fastrtps_cpp.hpp
[6.238s] -- Up-to-date: /home/ubuntuuser/ros2_ws/install/crazyflie_interfaces/include/crazyflie_interfaces/crazyflie_interfaces/srv/detail/upload_trajectory__rosidl_typesupport_fastrtps_cpp.hpp
[6.243s] -- Up-to-date: /home/ubuntuuser/ros2_ws/install/crazyflie_interfaces/include/crazyflie_interfaces/crazyflie_interfaces/srv/detail/dds_fastrtps
[6.243s] -- Up-to-date: /home/ubuntuuser/ros2_ws/install/crazyflie_interfaces/include/crazyflie_interfaces/crazyflie_interfaces/srv/detail/takeoff__rosidl_typesupport_fastrtps_cpp.hpp
[6.243s] -- Up-to-date: /home/ubuntuuser/ros2_ws/install/crazyflie_interfaces/include/crazyflie_interfaces/crazyflie_interfaces/srv/detail/start_trajectory__rosidl_typesupport_fastrtps_cpp.hpp
[6.243s] -- Up-to-date: /home/ubuntuuser/ros2_ws/install/crazyflie_interfaces/lib/libcrazyflie_interfaces__rosidl_typesupport_fastrtps_cpp.so
[6.244s] -- Up-to-date: /home/ubuntuuser/ros2_ws/install/crazyflie_interfaces/include/crazyflie_interfaces/crazyflie_interfaces
[6.244s] -- Up-to-date: /home/ubuntuuser/ros2_ws/install/crazyflie_interfaces/include/crazyflie_interfaces/crazyflie_interfaces/msg
[6.244s] -- Up-to-date: /home/ubuntuuser/ros2_ws/install/crazyflie_interfaces/include/crazyflie_interfaces/crazyflie_interfaces/msg/detail
[6.244s] -- Installing: /home/ubuntuuser/ros2_ws/install/crazyflie_interfaces/include/crazyflie_interfaces/crazyflie_interfaces/msg/detail/velocity_world__type_support.c
[6.244s] -- Up-to-date: /home/ubuntuuser/ros2_ws/install/crazyflie_interfaces/include/crazyflie_interfaces/crazyflie_interfaces/msg/detail/full_state__rosidl_typesupport_introspection_c.h
[6.244s] -- Up-to-date: /home/ubuntuuser/ros2_ws/install/crazyflie_interfaces/include/crazyflie_interfaces/crazyflie_interfaces/msg/detail/position__rosidl_typesupport_introspection_c.h
[6.244s] -- Installing: /home/ubuntuuser/ros2_ws/install/crazyflie_interfaces/include/crazyflie_interfaces/crazyflie_interfaces/msg/detail/log_block__type_support.c
[6.244s] -- Up-to-date: /home/ubuntuuser/ros2_ws/install/crazyflie_interfaces/include/crazyflie_interfaces/crazyflie_interfaces/msg/detail/velocity_world__rosidl_typesupport_introspection_c.h
[6.245s] -- Up-to-date: /home/ubuntuuser/ros2_ws/install/crazyflie_interfaces/include/crazyflie_interfaces/crazyflie_interfaces/msg/detail/connection_statistics_array__rosidl_typesupport_introspection_c.h
[6.245s] -- Installing: /home/ubuntuuser/ros2_ws/install/crazyflie_interfaces/include/crazyflie_interfaces/crazyflie_interfaces/msg/detail/connection_statistics_array__type_support.c
[6.245s] -- Up-to-date: /home/ubuntuuser/ros2_ws/install/crazyflie_interfaces/include/crazyflie_interfaces/crazyflie_interfaces/msg/detail/log_block__rosidl_typesupport_introspection_c.h
[6.245s] -- Up-to-date: /home/ubuntuuser/ros2_ws/install/crazyflie_interfaces/include/crazyflie_interfaces/crazyflie_interfaces/msg/detail/trajectory_polynomial_piece__rosidl_typesupport_introspection_c.h
[6.245s] -- Up-to-date: /home/ubuntuuser/ros2_ws/install/crazyflie_interfaces/include/crazyflie_interfaces/crazyflie_interfaces/msg/detail/connection_statistics__rosidl_typesupport_introspection_c.h
[6.245s] -- Installing: /home/ubuntuuser/ros2_ws/install/crazyflie_interfaces/include/crazyflie_interfaces/crazyflie_interfaces/msg/detail/status__type_support.c
[6.245s] -- Up-to-date: /home/ubuntuuser/ros2_ws/install/crazyflie_interfaces/include/crazyflie_interfaces/crazyflie_interfaces/msg/detail/hover__rosidl_typesupport_introspection_c.h
[6.246s] -- Installing: /home/ubuntuuser/ros2_ws/install/crazyflie_interfaces/include/crazyflie_interfaces/crazyflie_interfaces/msg/detail/full_state__type_support.c
[6.249s] -- Up-to-date: /home/ubuntuuser/ros2_ws/install/crazyflie_interfaces/include/crazyflie_interfaces/crazyflie_interfaces/msg/detail/log_data_generic__rosidl_typesupport_introspection_c.h
[6.249s] -- Installing: /home/ubuntuuser/ros2_ws/install/crazyflie_interfaces/include/crazyflie_interfaces/crazyflie_interfaces/msg/detail/log_data_generic__type_support.c
[6.249s] -- Installing: /home/ubuntuuser/ros2_ws/install/crazyflie_interfaces/include/crazyflie_interfaces/crazyflie_interfaces/msg/detail/trajectory_polynomial_piece__type_support.c
[6.249s] -- Installing: /home/ubuntuuser/ros2_ws/install/crazyflie_interfaces/include/crazyflie_interfaces/crazyflie_interfaces/msg/detail/hover__type_support.c
[6.249s] -- Installing: /home/ubuntuuser/ros2_ws/install/crazyflie_interfaces/include/crazyflie_interfaces/crazyflie_interfaces/msg/detail/connection_statistics__type_support.c
[6.250s] -- Installing: /home/ubuntuuser/ros2_ws/install/crazyflie_interfaces/include/crazyflie_interfaces/crazyflie_interfaces/msg/detail/position__type_support.c
[6.250s] -- Up-to-date: /home/ubuntuuser/ros2_ws/install/crazyflie_interfaces/include/crazyflie_interfaces/crazyflie_interfaces/msg/detail/status__rosidl_typesupport_introspection_c.h
[6.250s] -- Up-to-date: /home/ubuntuuser/ros2_ws/install/crazyflie_interfaces/include/crazyflie_interfaces/crazyflie_interfaces/msg/rosidl_typesupport_introspection_c__visibility_control.h
[6.250s] -- Up-to-date: /home/ubuntuuser/ros2_ws/install/crazyflie_interfaces/include/crazyflie_interfaces/crazyflie_interfaces/srv
[6.250s] -- Up-to-date: /home/ubuntuuser/ros2_ws/install/crazyflie_interfaces/include/crazyflie_interfaces/crazyflie_interfaces/srv/detail
[6.252s] -- Installing: /home/ubuntuuser/ros2_ws/install/crazyflie_interfaces/include/crazyflie_interfaces/crazyflie_interfaces/srv/detail/update_params__type_support.c
[6.254s] -- Installing: /home/ubuntuuser/ros2_ws/install/crazyflie_interfaces/include/crazyflie_interfaces/crazyflie_interfaces/srv/detail/add_logging__type_support.c
[6.255s] -- Installing: /home/ubuntuuser/ros2_ws/install/crazyflie_interfaces/include/crazyflie_interfaces/crazyflie_interfaces/srv/detail/start_trajectory__type_support.c
[6.255s] -- Up-to-date: /home/ubuntuuser/ros2_ws/install/crazyflie_interfaces/include/crazyflie_interfaces/crazyflie_interfaces/srv/detail/takeoff__rosidl_typesupport_introspection_c.h
[6.255s] -- Up-to-date: /home/ubuntuuser/ros2_ws/install/crazyflie_interfaces/include/crazyflie_interfaces/crazyflie_interfaces/srv/detail/add_logging__rosidl_typesupport_introspection_c.h
[6.255s] -- Installing: /home/ubuntuuser/ros2_ws/install/crazyflie_interfaces/include/crazyflie_interfaces/crazyflie_interfaces/srv/detail/land__type_support.c
[6.259s] -- Installing: /home/ubuntuuser/ros2_ws/install/crazyflie_interfaces/include/crazyflie_interfaces/crazyflie_interfaces/srv/detail/remove_logging__type_support.c
[6.264s] -- Installing: /home/ubuntuuser/ros2_ws/install/crazyflie_interfaces/include/crazyflie_interfaces/crazyflie_interfaces/srv/detail/arm__type_support.c
[6.266s] -- Installing: /home/ubuntuuser/ros2_ws/install/crazyflie_interfaces/include/crazyflie_interfaces/crazyflie_interfaces/srv/detail/stop__type_support.c
[6.268s] -- Installing: /home/ubuntuuser/ros2_ws/install/crazyflie_interfaces/include/crazyflie_interfaces/crazyflie_interfaces/srv/detail/go_to__type_support.c
[6.273s] -- Up-to-date: /home/ubuntuuser/ros2_ws/install/crazyflie_interfaces/include/crazyflie_interfaces/crazyflie_interfaces/srv/detail/notify_setpoints_stop__rosidl_typesupport_introspection_c.h
[6.273s] -- Installing: /home/ubuntuuser/ros2_ws/install/crazyflie_interfaces/include/crazyflie_interfaces/crazyflie_interfaces/srv/detail/notify_setpoints_stop__type_support.c
[6.275s] -- Up-to-date: /home/ubuntuuser/ros2_ws/install/crazyflie_interfaces/include/crazyflie_interfaces/crazyflie_interfaces/srv/detail/stop__rosidl_typesupport_introspection_c.h
[6.275s] -- Installing: /home/ubuntuuser/ros2_ws/install/crazyflie_interfaces/include/crazyflie_interfaces/crazyflie_interfaces/srv/detail/takeoff__type_support.c
[6.280s] -- Up-to-date: /home/ubuntuuser/ros2_ws/install/crazyflie_interfaces/include/crazyflie_interfaces/crazyflie_interfaces/srv/detail/update_params__rosidl_typesupport_introspection_c.h
[6.281s] -- Up-to-date: /home/ubuntuuser/ros2_ws/install/crazyflie_interfaces/include/crazyflie_interfaces/crazyflie_interfaces/srv/detail/upload_trajectory__rosidl_typesupport_introspection_c.h
[6.281s] -- Up-to-date: /home/ubuntuuser/ros2_ws/install/crazyflie_interfaces/include/crazyflie_interfaces/crazyflie_interfaces/srv/detail/arm__rosidl_typesupport_introspection_c.h
[6.282s] -- Up-to-date: /home/ubuntuuser/ros2_ws/install/crazyflie_interfaces/include/crazyflie_interfaces/crazyflie_interfaces/srv/detail/land__rosidl_typesupport_introspection_c.h
[6.282s] -- Installing: /home/ubuntuuser/ros2_ws/install/crazyflie_interfaces/include/crazyflie_interfaces/crazyflie_interfaces/srv/detail/upload_trajectory__type_support.c
[6.284s] -- Up-to-date: /home/ubuntuuser/ros2_ws/install/crazyflie_interfaces/include/crazyflie_interfaces/crazyflie_interfaces/srv/detail/remove_logging__rosidl_typesupport_introspection_c.h
[6.284s] -- Up-to-date: /home/ubuntuuser/ros2_ws/install/crazyflie_interfaces/include/crazyflie_interfaces/crazyflie_interfaces/srv/detail/go_to__rosidl_typesupport_introspection_c.h
[6.284s] -- Installing: /home/ubuntuuser/ros2_ws/install/crazyflie_interfaces/include/crazyflie_interfaces/crazyflie_interfaces/srv/detail/set_group_mask__type_support.c
[6.291s] -- Up-to-date: /home/ubuntuuser/ros2_ws/install/crazyflie_interfaces/include/crazyflie_interfaces/crazyflie_interfaces/srv/detail/start_trajectory__rosidl_typesupport_introspection_c.h
[6.291s] -- Up-to-date: /home/ubuntuuser/ros2_ws/install/crazyflie_interfaces/include/crazyflie_interfaces/crazyflie_interfaces/srv/detail/set_group_mask__rosidl_typesupport_introspection_c.h
[6.291s] -- Up-to-date: /home/ubuntuuser/ros2_ws/install/crazyflie_interfaces/lib/libcrazyflie_interfaces__rosidl_typesupport_introspection_c.so
[6.291s] -- Up-to-date: /home/ubuntuuser/ros2_ws/install/crazyflie_interfaces/lib/libcrazyflie_interfaces__rosidl_typesupport_c.so
[6.291s] -- Up-to-date: /home/ubuntuuser/ros2_ws/install/crazyflie_interfaces/include/crazyflie_interfaces/crazyflie_interfaces
[6.302s] -- Up-to-date: /home/ubuntuuser/ros2_ws/install/crazyflie_interfaces/include/crazyflie_interfaces/crazyflie_interfaces/msg
[6.302s] -- Up-to-date: /home/ubuntuuser/ros2_ws/install/crazyflie_interfaces/include/crazyflie_interfaces/crazyflie_interfaces/msg/detail
[6.302s] -- Up-to-date: /home/ubuntuuser/ros2_ws/install/crazyflie_interfaces/include/crazyflie_interfaces/crazyflie_interfaces/msg/detail/log_block__rosidl_typesupport_introspection_cpp.hpp
[6.302s] -- Up-to-date: /home/ubuntuuser/ros2_ws/install/crazyflie_interfaces/include/crazyflie_interfaces/crazyflie_interfaces/msg/detail/full_state__rosidl_typesupport_introspection_cpp.hpp
[6.302s] -- Up-to-date: /home/ubuntuuser/ros2_ws/install/crazyflie_interfaces/include/crazyflie_interfaces/crazyflie_interfaces/msg/detail/status__rosidl_typesupport_introspection_cpp.hpp
[6.303s] -- Up-to-date: /home/ubuntuuser/ros2_ws/install/crazyflie_interfaces/include/crazyflie_interfaces/crazyflie_interfaces/msg/detail/trajectory_polynomial_piece__type_support.cpp
[6.303s] -- Up-to-date: /home/ubuntuuser/ros2_ws/install/crazyflie_interfaces/include/crazyflie_interfaces/crazyflie_interfaces/msg/detail/hover__type_support.cpp
[6.308s] -- Up-to-date: /home/ubuntuuser/ros2_ws/install/crazyflie_interfaces/include/crazyflie_interfaces/crazyflie_interfaces/msg/detail/status__type_support.cpp
[6.308s] -- Up-to-date: /home/ubuntuuser/ros2_ws/install/crazyflie_interfaces/include/crazyflie_interfaces/crazyflie_interfaces/msg/detail/connection_statistics_array__type_support.cpp
[6.308s] -- Up-to-date: /home/ubuntuuser/ros2_ws/install/crazyflie_interfaces/include/crazyflie_interfaces/crazyflie_interfaces/msg/detail/log_data_generic__type_support.cpp
[6.309s] -- Up-to-date: /home/ubuntuuser/ros2_ws/install/crazyflie_interfaces/include/crazyflie_interfaces/crazyflie_interfaces/msg/detail/full_state__type_support.cpp
[6.309s] -- Up-to-date: /home/ubuntuuser/ros2_ws/install/crazyflie_interfaces/include/crazyflie_interfaces/crazyflie_interfaces/msg/detail/connection_statistics__rosidl_typesupport_introspection_cpp.hpp
[6.314s] -- Up-to-date: /home/ubuntuuser/ros2_ws/install/crazyflie_interfaces/include/crazyflie_interfaces/crazyflie_interfaces/msg/detail/trajectory_polynomial_piece__rosidl_typesupport_introspection_cpp.hpp
[6.314s] -- Up-to-date: /home/ubuntuuser/ros2_ws/install/crazyflie_interfaces/include/crazyflie_interfaces/crazyflie_interfaces/msg/detail/connection_statistics__type_support.cpp
[6.314s] -- Up-to-date: /home/ubuntuuser/ros2_ws/install/crazyflie_interfaces/include/crazyflie_interfaces/crazyflie_interfaces/msg/detail/position__type_support.cpp
[6.315s] -- Up-to-date: /home/ubuntuuser/ros2_ws/install/crazyflie_interfaces/include/crazyflie_interfaces/crazyflie_interfaces/msg/detail/connection_statistics_array__rosidl_typesupport_introspection_cpp.hpp
[6.315s] -- Up-to-date: /home/ubuntuuser/ros2_ws/install/crazyflie_interfaces/include/crazyflie_interfaces/crazyflie_interfaces/msg/detail/hover__rosidl_typesupport_introspection_cpp.hpp
[6.315s] -- Up-to-date: /home/ubuntuuser/ros2_ws/install/crazyflie_interfaces/include/crazyflie_interfaces/crazyflie_interfaces/msg/detail/log_block__type_support.cpp
[6.315s] -- Up-to-date: /home/ubuntuuser/ros2_ws/install/crazyflie_interfaces/include/crazyflie_interfaces/crazyflie_interfaces/msg/detail/log_data_generic__rosidl_typesupport_introspection_cpp.hpp
[6.315s] -- Up-to-date: /home/ubuntuuser/ros2_ws/install/crazyflie_interfaces/include/crazyflie_interfaces/crazyflie_interfaces/msg/detail/position__rosidl_typesupport_introspection_cpp.hpp
[6.315s] -- Up-to-date: /home/ubuntuuser/ros2_ws/install/crazyflie_interfaces/include/crazyflie_interfaces/crazyflie_interfaces/msg/detail/velocity_world__rosidl_typesupport_introspection_cpp.hpp
[6.320s] -- Up-to-date: /home/ubuntuuser/ros2_ws/install/crazyflie_interfaces/include/crazyflie_interfaces/crazyflie_interfaces/msg/detail/velocity_world__type_support.cpp
[6.321s] -- Up-to-date: /home/ubuntuuser/ros2_ws/install/crazyflie_interfaces/include/crazyflie_interfaces/crazyflie_interfaces/srv
[6.321s] -- Up-to-date: /home/ubuntuuser/ros2_ws/install/crazyflie_interfaces/include/crazyflie_interfaces/crazyflie_interfaces/srv/detail
[6.321s] -- Up-to-date: /home/ubuntuuser/ros2_ws/install/crazyflie_interfaces/include/crazyflie_interfaces/crazyflie_interfaces/srv/detail/arm__rosidl_typesupport_introspection_cpp.hpp
[6.321s] -- Up-to-date: /home/ubuntuuser/ros2_ws/install/crazyflie_interfaces/include/crazyflie_interfaces/crazyflie_interfaces/srv/detail/notify_setpoints_stop__rosidl_typesupport_introspection_cpp.hpp
[6.321s] -- Up-to-date: /home/ubuntuuser/ros2_ws/install/crazyflie_interfaces/include/crazyflie_interfaces/crazyflie_interfaces/srv/detail/upload_trajectory__type_support.cpp
[6.322s] -- Up-to-date: /home/ubuntuuser/ros2_ws/install/crazyflie_interfaces/include/crazyflie_interfaces/crazyflie_interfaces/srv/detail/arm__type_support.cpp
[6.322s] -- Up-to-date: /home/ubuntuuser/ros2_ws/install/crazyflie_interfaces/include/crazyflie_interfaces/crazyflie_interfaces/srv/detail/takeoff__type_support.cpp
[6.322s] -- Up-to-date: /home/ubuntuuser/ros2_ws/install/crazyflie_interfaces/include/crazyflie_interfaces/crazyflie_interfaces/srv/detail/go_to__rosidl_typesupport_introspection_cpp.hpp
[6.322s] -- Up-to-date: /home/ubuntuuser/ros2_ws/install/crazyflie_interfaces/include/crazyflie_interfaces/crazyflie_interfaces/srv/detail/set_group_mask__type_support.cpp
[6.322s] -- Up-to-date: /home/ubuntuuser/ros2_ws/install/crazyflie_interfaces/include/crazyflie_interfaces/crazyflie_interfaces/srv/detail/add_logging__type_support.cpp
[6.322s] -- Up-to-date: /home/ubuntuuser/ros2_ws/install/crazyflie_interfaces/include/crazyflie_interfaces/crazyflie_interfaces/srv/detail/land__type_support.cpp
[6.323s] -- Up-to-date: /home/ubuntuuser/ros2_ws/install/crazyflie_interfaces/include/crazyflie_interfaces/crazyflie_interfaces/srv/detail/set_group_mask__rosidl_typesupport_introspection_cpp.hpp
[6.336s] -- Up-to-date: /home/ubuntuuser/ros2_ws/install/crazyflie_interfaces/include/crazyflie_interfaces/crazyflie_interfaces/srv/detail/add_logging__rosidl_typesupport_introspection_cpp.hpp
[6.336s] -- Up-to-date: /home/ubuntuuser/ros2_ws/install/crazyflie_interfaces/include/crazyflie_interfaces/crazyflie_interfaces/srv/detail/go_to__type_support.cpp
[6.336s] -- Up-to-date: /home/ubuntuuser/ros2_ws/install/crazyflie_interfaces/include/crazyflie_interfaces/crazyflie_interfaces/srv/detail/notify_setpoints_stop__type_support.cpp
[6.336s] -- Up-to-date: /home/ubuntuuser/ros2_ws/install/crazyflie_interfaces/include/crazyflie_interfaces/crazyflie_interfaces/srv/detail/takeoff__rosidl_typesupport_introspection_cpp.hpp
[6.336s] -- Up-to-date: /home/ubuntuuser/ros2_ws/install/crazyflie_interfaces/include/crazyflie_interfaces/crazyflie_interfaces/srv/detail/remove_logging__type_support.cpp
[6.336s] -- Up-to-date: /home/ubuntuuser/ros2_ws/install/crazyflie_interfaces/include/crazyflie_interfaces/crazyflie_interfaces/srv/detail/stop__type_support.cpp
[6.337s] -- Up-to-date: /home/ubuntuuser/ros2_ws/install/crazyflie_interfaces/include/crazyflie_interfaces/crazyflie_interfaces/srv/detail/upload_trajectory__rosidl_typesupport_introspection_cpp.hpp
[6.337s] -- Up-to-date: /home/ubuntuuser/ros2_ws/install/crazyflie_interfaces/include/crazyflie_interfaces/crazyflie_interfaces/srv/detail/remove_logging__rosidl_typesupport_introspection_cpp.hpp
[6.337s] -- Up-to-date: /home/ubuntuuser/ros2_ws/install/crazyflie_interfaces/include/crazyflie_interfaces/crazyflie_interfaces/srv/detail/start_trajectory__rosidl_typesupport_introspection_cpp.hpp
[6.337s] -- Up-to-date: /home/ubuntuuser/ros2_ws/install/crazyflie_interfaces/include/crazyflie_interfaces/crazyflie_interfaces/srv/detail/update_params__type_support.cpp
[6.337s] -- Up-to-date: /home/ubuntuuser/ros2_ws/install/crazyflie_interfaces/include/crazyflie_interfaces/crazyflie_interfaces/srv/detail/stop__rosidl_typesupport_introspection_cpp.hpp
[6.337s] -- Up-to-date: /home/ubuntuuser/ros2_ws/install/crazyflie_interfaces/include/crazyflie_interfaces/crazyflie_interfaces/srv/detail/start_trajectory__type_support.cpp
[6.337s] -- Up-to-date: /home/ubuntuuser/ros2_ws/install/crazyflie_interfaces/include/crazyflie_interfaces/crazyflie_interfaces/srv/detail/update_params__rosidl_typesupport_introspection_cpp.hpp
[6.337s] -- Up-to-date: /home/ubuntuuser/ros2_ws/install/crazyflie_interfaces/include/crazyflie_interfaces/crazyflie_interfaces/srv/detail/land__rosidl_typesupport_introspection_cpp.hpp
[6.338s] -- Up-to-date: /home/ubuntuuser/ros2_ws/install/crazyflie_interfaces/lib/libcrazyflie_interfaces__rosidl_typesupport_introspection_cpp.so
[6.346s] -- Up-to-date: /home/ubuntuuser/ros2_ws/install/crazyflie_interfaces/lib/libcrazyflie_interfaces__rosidl_typesupport_cpp.so
[6.346s] -- Up-to-date: /home/ubuntuuser/ros2_ws/install/crazyflie_interfaces/share/crazyflie_interfaces/environment/pythonpath.sh
[6.346s] -- Up-to-date: /home/ubuntuuser/ros2_ws/install/crazyflie_interfaces/share/crazyflie_interfaces/environment/pythonpath.dsv
[6.347s] -- Up-to-date: /home/ubuntuuser/ros2_ws/install/crazyflie_interfaces/lib/python3.12/site-packages/crazyflie_interfaces-1.0.3-py3.12.egg-info
[6.347s] -- Installing: /home/ubuntuuser/ros2_ws/install/crazyflie_interfaces/lib/python3.12/site-packages/crazyflie_interfaces-1.0.3-py3.12.egg-info/SOURCES.txt
[6.347s] -- Installing: /home/ubuntuuser/ros2_ws/install/crazyflie_interfaces/lib/python3.12/site-packages/crazyflie_interfaces-1.0.3-py3.12.egg-info/PKG-INFO
[6.347s] -- Installing: /home/ubuntuuser/ros2_ws/install/crazyflie_interfaces/lib/python3.12/site-packages/crazyflie_interfaces-1.0.3-py3.12.egg-info/dependency_links.txt
[6.347s] -- Installing: /home/ubuntuuser/ros2_ws/install/crazyflie_interfaces/lib/python3.12/site-packages/crazyflie_interfaces-1.0.3-py3.12.egg-info/top_level.txt
[6.348s] -- Up-to-date: /home/ubuntuuser/ros2_ws/install/crazyflie_interfaces/lib/python3.12/site-packages/crazyflie_interfaces
[6.348s] -- Up-to-date: /home/ubuntuuser/ros2_ws/install/crazyflie_interfaces/lib/python3.12/site-packages/crazyflie_interfaces/crazyflie_interfaces_s__rosidl_typesupport_c.so
[6.348s] -- Up-to-date: /home/ubuntuuser/ros2_ws/install/crazyflie_interfaces/lib/python3.12/site-packages/crazyflie_interfaces/msg
[6.348s] -- Up-to-date: /home/ubuntuuser/ros2_ws/install/crazyflie_interfaces/lib/python3.12/site-packages/crazyflie_interfaces/msg/_position.py
[6.348s] -- Up-to-date: /home/ubuntuuser/ros2_ws/install/crazyflie_interfaces/lib/python3.12/site-packages/crazyflie_interfaces/msg/_connection_statistics_array_s.c
[6.348s] -- Up-to-date: /home/ubuntuuser/ros2_ws/install/crazyflie_interfaces/lib/python3.12/site-packages/crazyflie_interfaces/msg/_log_block_s.c
[6.349s] -- Up-to-date: /home/ubuntuuser/ros2_ws/install/crazyflie_interfaces/lib/python3.12/site-packages/crazyflie_interfaces/msg/_connection_statistics_s.c
[6.360s] -- Up-to-date: /home/ubuntuuser/ros2_ws/install/crazyflie_interfaces/lib/python3.12/site-packages/crazyflie_interfaces/msg/_trajectory_polynomial_piece_s.c
[6.360s] -- Up-to-date: /home/ubuntuuser/ros2_ws/install/crazyflie_interfaces/lib/python3.12/site-packages/crazyflie_interfaces/msg/_hover.py
[6.361s] -- Up-to-date: /home/ubuntuuser/ros2_ws/install/crazyflie_interfaces/lib/python3.12/site-packages/crazyflie_interfaces/msg/__init__.py
[6.366s] -- Up-to-date: /home/ubuntuuser/ros2_ws/install/crazyflie_interfaces/lib/python3.12/site-packages/crazyflie_interfaces/msg/_log_block.py
[6.366s] -- Up-to-date: /home/ubuntuuser/ros2_ws/install/crazyflie_interfaces/lib/python3.12/site-packages/crazyflie_interfaces/msg/_velocity_world.py
[6.366s] -- Up-to-date: /home/ubuntuuser/ros2_ws/install/crazyflie_interfaces/lib/python3.12/site-packages/crazyflie_interfaces/msg/_velocity_world_s.c
[6.366s] -- Up-to-date: /home/ubuntuuser/ros2_ws/install/crazyflie_interfaces/lib/python3.12/site-packages/crazyflie_interfaces/msg/_connection_statistics_array.py
[6.366s] -- Up-to-date: /home/ubuntuuser/ros2_ws/install/crazyflie_interfaces/lib/python3.12/site-packages/crazyflie_interfaces/msg/_position_s.c
[6.367s] -- Up-to-date: /home/ubuntuuser/ros2_ws/install/crazyflie_interfaces/lib/python3.12/site-packages/crazyflie_interfaces/msg/_log_data_generic_s.c
[6.377s] -- Up-to-date: /home/ubuntuuser/ros2_ws/install/crazyflie_interfaces/lib/python3.12/site-packages/crazyflie_interfaces/msg/_status.py
[6.378s] -- Up-to-date: /home/ubuntuuser/ros2_ws/install/crazyflie_interfaces/lib/python3.12/site-packages/crazyflie_interfaces/msg/_status_s.c
[6.378s] -- Up-to-date: /home/ubuntuuser/ros2_ws/install/crazyflie_interfaces/lib/python3.12/site-packages/crazyflie_interfaces/msg/_full_state_s.c
[6.378s] -- Up-to-date: /home/ubuntuuser/ros2_ws/install/crazyflie_interfaces/lib/python3.12/site-packages/crazyflie_interfaces/msg/_log_data_generic.py
[6.378s] -- Up-to-date: /home/ubuntuuser/ros2_ws/install/crazyflie_interfaces/lib/python3.12/site-packages/crazyflie_interfaces/msg/_full_state.py
[6.378s] -- Up-to-date: /home/ubuntuuser/ros2_ws/install/crazyflie_interfaces/lib/python3.12/site-packages/crazyflie_interfaces/msg/_trajectory_polynomial_piece.py
[6.379s] -- Up-to-date: /home/ubuntuuser/ros2_ws/install/crazyflie_interfaces/lib/python3.12/site-packages/crazyflie_interfaces/msg/_connection_statistics.py
[6.379s] -- Up-to-date: /home/ubuntuuser/ros2_ws/install/crazyflie_interfaces/lib/python3.12/site-packages/crazyflie_interfaces/msg/_hover_s.c
[6.379s] -- Up-to-date: /home/ubuntuuser/ros2_ws/install/crazyflie_interfaces/lib/python3.12/site-packages/crazyflie_interfaces/__init__.py
[6.379s] -- Up-to-date: /home/ubuntuuser/ros2_ws/install/crazyflie_interfaces/lib/python3.12/site-packages/crazyflie_interfaces/_crazyflie_interfaces_s.ep.rosidl_typesupport_introspection_c.c
[6.379s] -- Up-to-date: /home/ubuntuuser/ros2_ws/install/crazyflie_interfaces/lib/python3.12/site-packages/crazyflie_interfaces/crazyflie_interfaces_s__rosidl_typesupport_introspection_c.so
[6.379s] -- Up-to-date: /home/ubuntuuser/ros2_ws/install/crazyflie_interfaces/lib/python3.12/site-packages/crazyflie_interfaces/srv
[6.379s] -- Up-to-date: /home/ubuntuuser/ros2_ws/install/crazyflie_interfaces/lib/python3.12/site-packages/crazyflie_interfaces/srv/_notify_setpoints_stop.py
[6.380s] -- Up-to-date: /home/ubuntuuser/ros2_ws/install/crazyflie_interfaces/lib/python3.12/site-packages/crazyflie_interfaces/srv/_takeoff.py
[6.389s] -- Up-to-date: /home/ubuntuuser/ros2_ws/install/crazyflie_interfaces/lib/python3.12/site-packages/crazyflie_interfaces/srv/_start_trajectory.py
[6.389s] -- Up-to-date: /home/ubuntuuser/ros2_ws/install/crazyflie_interfaces/lib/python3.12/site-packages/crazyflie_interfaces/srv/_stop.py
[6.390s] -- Up-to-date: /home/ubuntuuser/ros2_ws/install/crazyflie_interfaces/lib/python3.12/site-packages/crazyflie_interfaces/srv/_set_group_mask_s.c
[6.390s] -- Up-to-date: /home/ubuntuuser/ros2_ws/install/crazyflie_interfaces/lib/python3.12/site-packages/crazyflie_interfaces/srv/__init__.py
[6.390s] -- Up-to-date: /home/ubuntuuser/ros2_ws/install/crazyflie_interfaces/lib/python3.12/site-packages/crazyflie_interfaces/srv/_go_to_s.c
[6.390s] -- Up-to-date: /home/ubuntuuser/ros2_ws/install/crazyflie_interfaces/lib/python3.12/site-packages/crazyflie_interfaces/srv/_takeoff_s.c
[6.391s] -- Up-to-date: /home/ubuntuuser/ros2_ws/install/crazyflie_interfaces/lib/python3.12/site-packages/crazyflie_interfaces/srv/_remove_logging.py
[6.391s] -- Up-to-date: /home/ubuntuuser/ros2_ws/install/crazyflie_interfaces/lib/python3.12/site-packages/crazyflie_interfaces/srv/_go_to.py
[6.400s] -- Up-to-date: /home/ubuntuuser/ros2_ws/install/crazyflie_interfaces/lib/python3.12/site-packages/crazyflie_interfaces/srv/_land_s.c
[6.400s] -- Up-to-date: /home/ubuntuuser/ros2_ws/install/crazyflie_interfaces/lib/python3.12/site-packages/crazyflie_interfaces/srv/_remove_logging_s.c
[6.400s] -- Up-to-date: /home/ubuntuuser/ros2_ws/install/crazyflie_interfaces/lib/python3.12/site-packages/crazyflie_interfaces/srv/_notify_setpoints_stop_s.c
[6.400s] -- Up-to-date: /home/ubuntuuser/ros2_ws/install/crazyflie_interfaces/lib/python3.12/site-packages/crazyflie_interfaces/srv/_arm_s.c
[6.400s] -- Up-to-date: /home/ubuntuuser/ros2_ws/install/crazyflie_interfaces/lib/python3.12/site-packages/crazyflie_interfaces/srv/_start_trajectory_s.c
[6.401s] -- Up-to-date: /home/ubuntuuser/ros2_ws/install/crazyflie_interfaces/lib/python3.12/site-packages/crazyflie_interfaces/srv/_land.py
[6.401s] -- Up-to-date: /home/ubuntuuser/ros2_ws/install/crazyflie_interfaces/lib/python3.12/site-packages/crazyflie_interfaces/srv/_stop_s.c
[6.402s] -- Up-to-date: /home/ubuntuuser/ros2_ws/install/crazyflie_interfaces/lib/python3.12/site-packages/crazyflie_interfaces/srv/_set_group_mask.py
[6.402s] -- Up-to-date: /home/ubuntuuser/ros2_ws/install/crazyflie_interfaces/lib/python3.12/site-packages/crazyflie_interfaces/srv/_update_params.py
[6.402s] -- Up-to-date: /home/ubuntuuser/ros2_ws/install/crazyflie_interfaces/lib/python3.12/site-packages/crazyflie_interfaces/srv/_arm.py
[6.402s] -- Up-to-date: /home/ubuntuuser/ros2_ws/install/crazyflie_interfaces/lib/python3.12/site-packages/crazyflie_interfaces/srv/_add_logging_s.c
[6.403s] -- Up-to-date: /home/ubuntuuser/ros2_ws/install/crazyflie_interfaces/lib/python3.12/site-packages/crazyflie_interfaces/srv/_upload_trajectory.py
[6.413s] -- Up-to-date: /home/ubuntuuser/ros2_ws/install/crazyflie_interfaces/lib/python3.12/site-packages/crazyflie_interfaces/srv/_add_logging.py
[6.414s] -- Up-to-date: /home/ubuntuuser/ros2_ws/install/crazyflie_interfaces/lib/python3.12/site-packages/crazyflie_interfaces/srv/_upload_trajectory_s.c
[6.415s] -- Up-to-date: /home/ubuntuuser/ros2_ws/install/crazyflie_interfaces/lib/python3.12/site-packages/crazyflie_interfaces/srv/_update_params_s.c
[6.416s] -- Up-to-date: /home/ubuntuuser/ros2_ws/install/crazyflie_interfaces/lib/python3.12/site-packages/crazyflie_interfaces/_crazyflie_interfaces_s.ep.rosidl_typesupport_c.c
[6.416s] -- Up-to-date: /home/ubuntuuser/ros2_ws/install/crazyflie_interfaces/lib/python3.12/site-packages/crazyflie_interfaces/_crazyflie_interfaces_s.ep.rosidl_typesupport_fastrtps_c.c
[6.416s] -- Up-to-date: /home/ubuntuuser/ros2_ws/install/crazyflie_interfaces/lib/python3.12/site-packages/crazyflie_interfaces/crazyflie_interfaces_s__rosidl_typesupport_fastrtps_c.so
[6.959s] Listing '/home/ubuntuuser/ros2_ws/install/crazyflie_interfaces/lib/python3.12/site-packages/crazyflie_interfaces'...
[6.959s] Listing '/home/ubuntuuser/ros2_ws/install/crazyflie_interfaces/lib/python3.12/site-packages/crazyflie_interfaces/msg'...
[6.959s] Listing '/home/ubuntuuser/ros2_ws/install/crazyflie_interfaces/lib/python3.12/site-packages/crazyflie_interfaces/srv'...
[6.987s] -- Up-to-date: /home/ubuntuuser/ros2_ws/install/crazyflie_interfaces/lib/python3.12/site-packages/crazyflie_interfaces/crazyflie_interfaces_s__rosidl_typesupport_fastrtps_c.so
[6.992s] -- Up-to-date: /home/ubuntuuser/ros2_ws/install/crazyflie_interfaces/lib/python3.12/site-packages/crazyflie_interfaces/crazyflie_interfaces_s__rosidl_typesupport_introspection_c.so
[6.999s] -- Up-to-date: /home/ubuntuuser/ros2_ws/install/crazyflie_interfaces/lib/python3.12/site-packages/crazyflie_interfaces/crazyflie_interfaces_s__rosidl_typesupport_c.so
[6.999s] -- Up-to-date: /home/ubuntuuser/ros2_ws/install/crazyflie_interfaces/lib/libcrazyflie_interfaces__rosidl_generator_py.so
[7.000s] -- Up-to-date: /home/ubuntuuser/ros2_ws/install/crazyflie_interfaces/share/crazyflie_interfaces/msg/ConnectionStatistics.idl
[7.001s] -- Up-to-date: /home/ubuntuuser/ros2_ws/install/crazyflie_interfaces/share/crazyflie_interfaces/msg/ConnectionStatisticsArray.idl
[7.011s] -- Up-to-date: /home/ubuntuuser/ros2_ws/install/crazyflie_interfaces/share/crazyflie_interfaces/msg/FullState.idl
[7.011s] -- Up-to-date: /home/ubuntuuser/ros2_ws/install/crazyflie_interfaces/share/crazyflie_interfaces/msg/LogDataGeneric.idl
[7.011s] -- Up-to-date: /home/ubuntuuser/ros2_ws/install/crazyflie_interfaces/share/crazyflie_interfaces/msg/Hover.idl
[7.011s] -- Up-to-date: /home/ubuntuuser/ros2_ws/install/crazyflie_interfaces/share/crazyflie_interfaces/msg/LogBlock.idl
[7.011s] -- Up-to-date: /home/ubuntuuser/ros2_ws/install/crazyflie_interfaces/share/crazyflie_interfaces/msg/Position.idl
[7.011s] -- Up-to-date: /home/ubuntuuser/ros2_ws/install/crazyflie_interfaces/share/crazyflie_interfaces/msg/Status.idl
[7.016s] -- Up-to-date: /home/ubuntuuser/ros2_ws/install/crazyflie_interfaces/share/crazyflie_interfaces/msg/TrajectoryPolynomialPiece.idl
[7.016s] -- Up-to-date: /home/ubuntuuser/ros2_ws/install/crazyflie_interfaces/share/crazyflie_interfaces/msg/VelocityWorld.idl
[7.017s] -- Up-to-date: /home/ubuntuuser/ros2_ws/install/crazyflie_interfaces/share/crazyflie_interfaces/srv/GoTo.idl
[7.017s] -- Up-to-date: /home/ubuntuuser/ros2_ws/install/crazyflie_interfaces/share/crazyflie_interfaces/srv/Land.idl
[7.017s] -- Up-to-date: /home/ubuntuuser/ros2_ws/install/crazyflie_interfaces/share/crazyflie_interfaces/srv/NotifySetpointsStop.idl
[7.021s] -- Up-to-date: /home/ubuntuuser/ros2_ws/install/crazyflie_interfaces/share/crazyflie_interfaces/srv/SetGroupMask.idl
[7.021s] -- Up-to-date: /home/ubuntuuser/ros2_ws/install/crazyflie_interfaces/share/crazyflie_interfaces/srv/StartTrajectory.idl
[7.023s] -- Up-to-date: /home/ubuntuuser/ros2_ws/install/crazyflie_interfaces/share/crazyflie_interfaces/srv/Stop.idl
[7.023s] -- Up-to-date: /home/ubuntuuser/ros2_ws/install/crazyflie_interfaces/share/crazyflie_interfaces/srv/Takeoff.idl
[7.025s] -- Up-to-date: /home/ubuntuuser/ros2_ws/install/crazyflie_interfaces/share/crazyflie_interfaces/srv/UpdateParams.idl
[7.026s] -- Up-to-date: /home/ubuntuuser/ros2_ws/install/crazyflie_interfaces/share/crazyflie_interfaces/srv/UploadTrajectory.idl
[7.027s] -- Up-to-date: /home/ubuntuuser/ros2_ws/install/crazyflie_interfaces/share/crazyflie_interfaces/srv/RemoveLogging.idl
[7.029s] -- Up-to-date: /home/ubuntuuser/ros2_ws/install/crazyflie_interfaces/share/crazyflie_interfaces/srv/AddLogging.idl
[7.029s] -- Up-to-date: /home/ubuntuuser/ros2_ws/install/crazyflie_interfaces/share/crazyflie_interfaces/srv/Arm.idl
[7.033s] -- Up-to-date: /home/ubuntuuser/ros2_ws/install/crazyflie_interfaces/share/crazyflie_interfaces/msg/ConnectionStatistics.msg
[7.034s] -- Up-to-date: /home/ubuntuuser/ros2_ws/install/crazyflie_interfaces/share/crazyflie_interfaces/msg/ConnectionStatisticsArray.msg
[7.034s] -- Up-to-date: /home/ubuntuuser/ros2_ws/install/crazyflie_interfaces/share/crazyflie_interfaces/msg/FullState.msg
[7.034s] -- Up-to-date: /home/ubuntuuser/ros2_ws/install/crazyflie_interfaces/share/crazyflie_interfaces/msg/LogDataGeneric.msg
[7.034s] -- Up-to-date: /home/ubuntuuser/ros2_ws/install/crazyflie_interfaces/share/crazyflie_interfaces/msg/Hover.msg
[7.034s] -- Up-to-date: /home/ubuntuuser/ros2_ws/install/crazyflie_interfaces/share/crazyflie_interfaces/msg/LogBlock.msg
[7.035s] -- Up-to-date: /home/ubuntuuser/ros2_ws/install/crazyflie_interfaces/share/crazyflie_interfaces/msg/Position.msg
[7.035s] -- Up-to-date: /home/ubuntuuser/ros2_ws/install/crazyflie_interfaces/share/crazyflie_interfaces/msg/Status.msg
[7.035s] -- Up-to-date: /home/ubuntuuser/ros2_ws/install/crazyflie_interfaces/share/crazyflie_interfaces/msg/TrajectoryPolynomialPiece.msg
[7.035s] -- Up-to-date: /home/ubuntuuser/ros2_ws/install/crazyflie_interfaces/share/crazyflie_interfaces/msg/VelocityWorld.msg
[7.035s] -- Up-to-date: /home/ubuntuuser/ros2_ws/install/crazyflie_interfaces/share/crazyflie_interfaces/srv/GoTo.srv
[7.042s] -- Up-to-date: /home/ubuntuuser/ros2_ws/install/crazyflie_interfaces/share/crazyflie_interfaces/srv/Land.srv
[7.042s] -- Up-to-date: /home/ubuntuuser/ros2_ws/install/crazyflie_interfaces/share/crazyflie_interfaces/srv/NotifySetpointsStop.srv
[7.042s] -- Up-to-date: /home/ubuntuuser/ros2_ws/install/crazyflie_interfaces/share/crazyflie_interfaces/srv/SetGroupMask.srv
[7.042s] -- Up-to-date: /home/ubuntuuser/ros2_ws/install/crazyflie_interfaces/share/crazyflie_interfaces/srv/StartTrajectory.srv
[7.042s] -- Up-to-date: /home/ubuntuuser/ros2_ws/install/crazyflie_interfaces/share/crazyflie_interfaces/srv/Stop.srv
[7.043s] -- Up-to-date: /home/ubuntuuser/ros2_ws/install/crazyflie_interfaces/share/crazyflie_interfaces/srv/Takeoff.srv
[7.043s] -- Up-to-date: /home/ubuntuuser/ros2_ws/install/crazyflie_interfaces/share/crazyflie_interfaces/srv/UpdateParams.srv
[7.043s] -- Up-to-date: /home/ubuntuuser/ros2_ws/install/crazyflie_interfaces/share/crazyflie_interfaces/srv/UploadTrajectory.srv
[7.043s] -- Up-to-date: /home/ubuntuuser/ros2_ws/install/crazyflie_interfaces/share/crazyflie_interfaces/srv/RemoveLogging.srv
[7.043s] -- Up-to-date: /home/ubuntuuser/ros2_ws/install/crazyflie_interfaces/share/crazyflie_interfaces/srv/AddLogging.srv
[7.045s] -- Up-to-date: /home/ubuntuuser/ros2_ws/install/crazyflie_interfaces/share/crazyflie_interfaces/srv/Arm.srv
[7.053s] -- Up-to-date: /home/ubuntuuser/ros2_ws/install/crazyflie_interfaces/share/ament_index/resource_index/package_run_dependencies/crazyflie_interfaces
[7.054s] -- Up-to-date: /home/ubuntuuser/ros2_ws/install/crazyflie_interfaces/share/ament_index/resource_index/parent_prefix_path/crazyflie_interfaces
[7.054s] -- Up-to-date: /home/ubuntuuser/ros2_ws/install/crazyflie_interfaces/share/crazyflie_interfaces/environment/ament_prefix_path.sh
[7.054s] -- Up-to-date: /home/ubuntuuser/ros2_ws/install/crazyflie_interfaces/share/crazyflie_interfaces/environment/ament_prefix_path.dsv
[7.054s] -- Up-to-date: /home/ubuntuuser/ros2_ws/install/crazyflie_interfaces/share/crazyflie_interfaces/environment/path.sh
[7.055s] -- Up-to-date: /home/ubuntuuser/ros2_ws/install/crazyflie_interfaces/share/crazyflie_interfaces/environment/path.dsv
[7.055s] -- Up-to-date: /home/ubuntuuser/ros2_ws/install/crazyflie_interfaces/share/crazyflie_interfaces/local_setup.bash
[7.055s] -- Up-to-date: /home/ubuntuuser/ros2_ws/install/crazyflie_interfaces/share/crazyflie_interfaces/local_setup.sh
[7.056s] -- Up-to-date: /home/ubuntuuser/ros2_ws/install/crazyflie_interfaces/share/crazyflie_interfaces/local_setup.zsh
[7.056s] -- Up-to-date: /home/ubuntuuser/ros2_ws/install/crazyflie_interfaces/share/crazyflie_interfaces/local_setup.dsv
[7.057s] -- Installing: /home/ubuntuuser/ros2_ws/install/crazyflie_interfaces/share/crazyflie_interfaces/package.dsv
[7.062s] -- Up-to-date: /home/ubuntuuser/ros2_ws/install/crazyflie_interfaces/share/ament_index/resource_index/packages/crazyflie_interfaces
[7.066s] -- Up-to-date: /home/ubuntuuser/ros2_ws/install/crazyflie_interfaces/share/crazyflie_interfaces/cmake/export_crazyflie_interfaces__rosidl_generator_cExport.cmake
[7.066s] -- Up-to-date: /home/ubuntuuser/ros2_ws/install/crazyflie_interfaces/share/crazyflie_interfaces/cmake/export_crazyflie_interfaces__rosidl_generator_cExport-noconfig.cmake
[7.081s] -- Up-to-date: /home/ubuntuuser/ros2_ws/install/crazyflie_interfaces/share/crazyflie_interfaces/cmake/export_crazyflie_interfaces__rosidl_typesupport_fastrtps_cExport.cmake
[7.081s] -- Up-to-date: /home/ubuntuuser/ros2_ws/install/crazyflie_interfaces/share/crazyflie_interfaces/cmake/export_crazyflie_interfaces__rosidl_typesupport_fastrtps_cExport-noconfig.cmake
[7.088s] -- Up-to-date: /home/ubuntuuser/ros2_ws/install/crazyflie_interfaces/share/crazyflie_interfaces/cmake/export_crazyflie_interfaces__rosidl_generator_cppExport.cmake
[7.098s] -- Up-to-date: /home/ubuntuuser/ros2_ws/install/crazyflie_interfaces/share/crazyflie_interfaces/cmake/export_crazyflie_interfaces__rosidl_typesupport_fastrtps_cppExport.cmake
[7.098s] -- Up-to-date: /home/ubuntuuser/ros2_ws/install/crazyflie_interfaces/share/crazyflie_interfaces/cmake/export_crazyflie_interfaces__rosidl_typesupport_fastrtps_cppExport-noconfig.cmake
[7.103s] -- Up-to-date: /home/ubuntuuser/ros2_ws/install/crazyflie_interfaces/share/crazyflie_interfaces/cmake/crazyflie_interfaces__rosidl_typesupport_introspection_cExport.cmake
[7.106s] -- Up-to-date: /home/ubuntuuser/ros2_ws/install/crazyflie_interfaces/share/crazyflie_interfaces/cmake/crazyflie_interfaces__rosidl_typesupport_introspection_cExport-noconfig.cmake
[7.119s] -- Up-to-date: /home/ubuntuuser/ros2_ws/install/crazyflie_interfaces/share/crazyflie_interfaces/cmake/crazyflie_interfaces__rosidl_typesupport_cExport.cmake
[7.119s] -- Up-to-date: /home/ubuntuuser/ros2_ws/install/crazyflie_interfaces/share/crazyflie_interfaces/cmake/crazyflie_interfaces__rosidl_typesupport_cExport-noconfig.cmake
[7.140s] -- Up-to-date: /home/ubuntuuser/ros2_ws/install/crazyflie_interfaces/share/crazyflie_interfaces/cmake/crazyflie_interfaces__rosidl_typesupport_introspection_cppExport.cmake
[7.141s] -- Up-to-date: /home/ubuntuuser/ros2_ws/install/crazyflie_interfaces/share/crazyflie_interfaces/cmake/crazyflie_interfaces__rosidl_typesupport_introspection_cppExport-noconfig.cmake
[7.153s] -- Up-to-date: /home/ubuntuuser/ros2_ws/install/crazyflie_interfaces/share/crazyflie_interfaces/cmake/crazyflie_interfaces__rosidl_typesupport_cppExport.cmake
[7.157s] -- Up-to-date: /home/ubuntuuser/ros2_ws/install/crazyflie_interfaces/share/crazyflie_interfaces/cmake/crazyflie_interfaces__rosidl_typesupport_cppExport-noconfig.cmake
[7.162s] -- Up-to-date: /home/ubuntuuser/ros2_ws/install/crazyflie_interfaces/share/crazyflie_interfaces/cmake/export_crazyflie_interfaces__rosidl_generator_pyExport.cmake
[7.162s] -- Up-to-date: /home/ubuntuuser/ros2_ws/install/crazyflie_interfaces/share/crazyflie_interfaces/cmake/export_crazyflie_interfaces__rosidl_generator_pyExport-noconfig.cmake
[7.162s] -- Up-to-date: /home/ubuntuuser/ros2_ws/install/crazyflie_interfaces/share/crazyflie_interfaces/cmake/rosidl_cmake-extras.cmake
[7.163s] -- Up-to-date: /home/ubuntuuser/ros2_ws/install/crazyflie_interfaces/share/crazyflie_interfaces/cmake/ament_cmake_export_dependencies-extras.cmake
[7.163s] -- Up-to-date: /home/ubuntuuser/ros2_ws/install/crazyflie_interfaces/share/crazyflie_interfaces/cmake/ament_cmake_export_include_directories-extras.cmake
[7.167s] -- Up-to-date: /home/ubuntuuser/ros2_ws/install/crazyflie_interfaces/share/crazyflie_interfaces/cmake/ament_cmake_export_libraries-extras.cmake
[7.167s] -- Up-to-date: /home/ubuntuuser/ros2_ws/install/crazyflie_interfaces/share/crazyflie_interfaces/cmake/ament_cmake_export_targets-extras.cmake
[7.167s] -- Up-to-date: /home/ubuntuuser/ros2_ws/install/crazyflie_interfaces/share/crazyflie_interfaces/cmake/rosidl_cmake_export_typesupport_targets-extras.cmake
[7.167s] -- Up-to-date: /home/ubuntuuser/ros2_ws/install/crazyflie_interfaces/share/crazyflie_interfaces/cmake/rosidl_cmake_export_typesupport_libraries-extras.cmake
[7.167s] -- Up-to-date: /home/ubuntuuser/ros2_ws/install/crazyflie_interfaces/share/crazyflie_interfaces/cmake/crazyflie_interfacesConfig.cmake
[7.168s] -- Up-to-date: /home/ubuntuuser/ros2_ws/install/crazyflie_interfaces/share/crazyflie_interfaces/cmake/crazyflie_interfacesConfig-version.cmake
[7.168s] -- Up-to-date: /home/ubuntuuser/ros2_ws/install/crazyflie_interfaces/share/crazyflie_interfaces/package.xml
[7.237s] Invoked command in '/home/ubuntuuser/ros2_ws/build/crazyflie_interfaces' returned '0': CMAKE_PREFIX_PATH=${CMAKE_PREFIX_PATH}:/home/ubuntuuser/ros2_ws/install/turtlebot3_trailer:/home/ubuntuuser/ros2_ws/install/r7021e_exploration:/home/ubuntuuser/ros2_ws/install/crazyflie_py:/opt/ros/jazzy DEBUGINFOD_URLS=https://debuginfod.ubuntu.com PS1=(.venv) \[\e]0;\u@\h: \w\a\]${debian_chroot:+($debian_chroot)}\[\033[01;32m\]\u@\h\[\033[00m\]:\[\033[01;34m\]\w\[\033[00m\]\$ VIRTUAL_ENV_PROMPT=(.venv) /usr/bin/cmake --install /home/ubuntuuser/ros2_ws/build/crazyflie_interfaces
