[0.065s] Invoking command in '/home/ubuntuuser/ros2_ws/build/crazyflie_interfaces': CMAKE_PREFIX_PATH=${CMAKE_PREFIX_PATH}:/home/ubuntuuser/ros2_ws/install/turtlebot3_trailer:/home/ubuntuuser/ros2_ws/install/r7021e_exploration:/home/ubuntuuser/ros2_ws/install/crazyflie_py:/opt/ros/jazzy DEBUGINFOD_URLS=https://debuginfod.ubuntu.com PS1=(.venv) \[\e]0;\u@\h: \w\a\]${debian_chroot:+($debian_chroot)}\[\033[01;32m\]\u@\h\[\033[00m\]:\[\033[01;34m\]\w\[\033[00m\]\$ VIRTUAL_ENV_PROMPT=(.venv) /usr/bin/cmake --build /home/ubuntuuser/ros2_ws/build/crazyflie_interfaces -- -j4 -l4
[0.315s] [  0%] Built target crazyflie_interfaces__rosidl_generator_type_description
[0.363s] [  0%] Built target ament_cmake_python_copy_crazyflie_interfaces
[0.423s] [  0%] Built target crazyflie_interfaces__cpp
[0.488s] [ 28%] Built target crazyflie_interfaces__rosidl_generator_c
[0.621s] [ 37%] Built target crazyflie_interfaces__rosidl_typesupport_fastrtps_cpp
[0.638s] [ 47%] Built target crazyflie_interfaces__rosidl_typesupport_fastrtps_c
[0.653s] [ 57%] Built target crazyflie_interfaces__rosidl_typesupport_cpp
[0.710s] [ 67%] Built target crazyflie_interfaces__rosidl_typesupport_introspection_c
[0.737s] [ 77%] Built target crazyflie_interfaces__rosidl_typesupport_c
[0.799s] [ 87%] Built target crazyflie_interfaces__rosidl_typesupport_introspection_cpp
[0.922s] [ 87%] Built target crazyflie_interfaces
[0.975s] [ 87%] Built target crazyflie_interfaces__py
[1.069s] [ 97%] Built target crazyflie_interfaces__rosidl_generator_py
[1.099s] running egg_info
[1.182s] writing crazyflie_interfaces.egg-info/PKG-INFO
[1.185s] writing dependency_links to crazyflie_interfaces.egg-info/dependency_links.txt
[1.188s] writing top-level names to crazyflie_interfaces.egg-info/top_level.txt
[1.191s] [ 98%] Built target crazyflie_interfaces_s__rosidl_typesupport_c
[1.192s] [ 99%] Built target crazyflie_interfaces_s__rosidl_typesupport_fastrtps_c
[1.208s] [100%] Built target crazyflie_interfaces_s__rosidl_typesupport_introspection_c
[1.344s] reading manifest file 'crazyflie_interfaces.egg-info/SOURCES.txt'
[1.353s] writing manifest file 'crazyflie_interfaces.egg-info/SOURCES.txt'
[1.474s] [100%] Built target ament_cmake_python_build_crazyflie_interfaces_egg
[1.701s] Invoked command in '/home/ubuntuuser/ros2_ws/build/crazyflie_interfaces' returned '0': CMAKE_PREFIX_PATH=${CMAKE_PREFIX_PATH}:/home/ubuntuuser/ros2_ws/install/turtlebot3_trailer:/home/ubuntuuser/ros2_ws/install/r7021e_exploration:/home/ubuntuuser/ros2_ws/install/crazyflie_py:/opt/ros/jazzy DEBUGINFOD_URLS=https://debuginfod.ubuntu.com PS1=(.venv) \[\e]0;\u@\h: \w\a\]${debian_chroot:+($debian_chroot)}\[\033[01;32m\]\u@\h\[\033[00m\]:\[\033[01;34m\]\w\[\033[00m\]\$ VIRTUAL_ENV_PROMPT=(.venv) /usr/bin/cmake --build /home/ubuntuuser/ros2_ws/build/crazyflie_interfaces -- -j4 -l4
[1.704s] Invoking command in '/home/ubuntuuser/ros2_ws/build/crazyflie_interfaces': CMAKE_PREFIX_PATH=${CMAKE_PREFIX_PATH}:/home/ubuntuuser/ros2_ws/install/turtlebot3_trailer:/home/ubuntuuser/ros2_ws/install/r7021e_exploration:/home/ubuntuuser/ros2_ws/install/crazyflie_py:/opt/ros/jazzy DEBUGINFOD_URLS=https://debuginfod.ubuntu.com PS1=(.venv) \[\e]0;\u@\h: \w\a\]${debian_chroot:+($debian_chroot)}\[\033[01;32m\]\u@\h\[\033[00m\]:\[\033[01;34m\]\w\[\033[00m\]\$ VIRTUAL_ENV_PROMPT=(.venv) /usr/bin/cmake --install /home/ubuntuuser/ros2_ws/build/crazyflie_interfaces
[1.751s] -- Install configuration: ""
[1.752s] -- Up-to-date: /home/ubuntuuser/ros2_ws/install/crazyflie_interfaces/share/ament_index/resource_index/rosidl_interfaces/crazyflie_interfaces
[1.752s] -- Up-to-date: /home/ubuntuuser/ros2_ws/install/crazyflie_interfaces/share/crazyflie_interfaces/msg/ConnectionStatistics.json
[1.753s] -- Up-to-date: /home/ubuntuuser/ros2_ws/install/crazyflie_interfaces/share/crazyflie_interfaces/msg/ConnectionStatisticsArray.json
[1.753s] -- Up-to-date: /home/ubuntuuser/ros2_ws/install/crazyflie_interfaces/share/crazyflie_interfaces/msg/FullState.json
[1.753s] -- Up-to-date: /home/ubuntuuser/ros2_ws/install/crazyflie_interfaces/share/crazyflie_interfaces/msg/LogDataGeneric.json
[1.753s] -- Up-to-date: /home/ubuntuuser/ros2_ws/install/crazyflie_interfaces/share/crazyflie_interfaces/msg/Hover.json
[1.754s] -- Up-to-date: /home/ubuntuuser/ros2_ws/install/crazyflie_interfaces/share/crazyflie_interfaces/msg/LogBlock.json
[1.754s] -- Up-to-date: /home/ubuntuuser/ros2_ws/install/crazyflie_interfaces/share/crazyflie_interfaces/msg/Position.json
[1.754s] -- Up-to-date: /home/ubuntuuser/ros2_ws/install/crazyflie_interfaces/share/crazyflie_interfaces/msg/Status.json
[1.754s] -- Up-to-date: /home/ubuntuuser/ros2_ws/install/crazyflie_interfaces/share/crazyflie_interfaces/msg/TrajectoryPolynomialPiece.json
[1.757s] -- Up-to-date: /home/ubuntuuser/ros2_ws/install/crazyflie_interfaces/share/crazyflie_interfaces/msg/VelocityWorld.json
[1.757s] -- Up-to-date: /home/ubuntuuser/ros2_ws/install/crazyflie_interfaces/share/crazyflie_interfaces/srv/GoTo.json
[1.757s] -- Up-to-date: /home/ubuntuuser/ros2_ws/install/crazyflie_interfaces/share/crazyflie_interfaces/srv/Land.json
[1.757s] -- Up-to-date: /home/ubuntuuser/ros2_ws/install/crazyflie_interfaces/share/crazyflie_interfaces/srv/NotifySetpointsStop.json
[1.757s] -- Up-to-date: /home/ubuntuuser/ros2_ws/install/crazyflie_interfaces/share/crazyflie_interfaces/srv/SetGroupMask.json
[1.757s] -- Up-to-date: /home/ubuntuuser/ros2_ws/install/crazyflie_interfaces/share/crazyflie_interfaces/srv/StartTrajectory.json
[1.757s] -- Up-to-date: /home/ubuntuuser/ros2_ws/install/crazyflie_interfaces/share/crazyflie_interfaces/srv/Stop.json
[1.759s] -- Up-to-date: /home/ubuntuuser/ros2_ws/install/crazyflie_interfaces/share/crazyflie_interfaces/srv/Takeoff.json
[1.760s] -- Up-to-date: /home/ubuntuuser/ros2_ws/install/crazyflie_interfaces/share/crazyflie_interfaces/srv/UpdateParams.json
[1.760s] -- Up-to-date: /home/ubuntuuser/ros2_ws/install/crazyflie_interfaces/share/crazyflie_interfaces/srv/UploadTrajectory.json
[1.764s] -- Up-to-date: /home/ubuntuuser/ros2_ws/install/crazyflie_interfaces/share/crazyflie_interfaces/srv/RemoveLogging.json
[1.764s] -- Up-to-date: /home/ubuntuuser/ros2_ws/install/crazyflie_interfaces/share/crazyflie_interfaces/srv/AddLogging.json
[1.765s] -- Up-to-date: /home/ubuntuuser/ros2_ws/install/crazyflie_interfaces/share/crazyflie_interfaces/srv/Arm.json
[1.765s] -- Up-to-date: /home/ubuntuuser/ros2_ws/install/crazyflie_interfaces/include/crazyflie_interfaces/crazyflie_interfaces
[1.765s] -- Up-to-date: /home/ubuntuuser/ros2_ws/install/crazyflie_interfaces/include/crazyflie_interfaces/crazyflie_interfaces/msg
[1.765s] -- Up-to-date: /home/ubuntuuser/ros2_ws/install/crazyflie_interfaces/include/crazyflie_interfaces/crazyflie_interfaces/msg/connection_statistics_array.h
[1.769s] -- Up-to-date: /home/ubuntuuser/ros2_ws/install/crazyflie_interfaces/include/crazyflie_interfaces/crazyflie_interfaces/msg/detail
[1.770s] -- Installing: /home/ubuntuuser/ros2_ws/install/crazyflie_interfaces/include/crazyflie_interfaces/crazyflie_interfaces/msg/detail/velocity_world__type_support.c
[1.770s] -- Up-to-date: /home/ubuntuuser/ros2_ws/install/crazyflie_interfaces/include/crazyflie_interfaces/crazyflie_interfaces/msg/detail/full_state__description.c
[1.773s] -- Up-to-date: /home/ubuntuuser/ros2_ws/install/crazyflie_interfaces/include/crazyflie_interfaces/crazyflie_interfaces/msg/detail/connection_statistics_array__functions.h
[1.773s] -- Up-to-date: /home/ubuntuuser/ros2_ws/install/crazyflie_interfaces/include/crazyflie_interfaces/crazyflie_interfaces/msg/detail/log_block__functions.c
[1.773s] -- Up-to-date: /home/ubuntuuser/ros2_ws/install/crazyflie_interfaces/include/crazyflie_interfaces/crazyflie_interfaces/msg/detail/hover__functions.h
[1.773s] -- Up-to-date: /home/ubuntuuser/ros2_ws/install/crazyflie_interfaces/include/crazyflie_interfaces/crazyflie_interfaces/msg/detail/position__functions.h
[1.773s] -- Installing: /home/ubuntuuser/ros2_ws/install/crazyflie_interfaces/include/crazyflie_interfaces/crazyflie_interfaces/msg/detail/log_block__type_support.c
[1.774s] -- Up-to-date: /home/ubuntuuser/ros2_ws/install/crazyflie_interfaces/include/crazyflie_interfaces/crazyflie_interfaces/msg/detail/connection_statistics__struct.h
[1.774s] -- Up-to-date: /home/ubuntuuser/ros2_ws/install/crazyflie_interfaces/include/crazyflie_interfaces/crazyflie_interfaces/msg/detail/connection_statistics__description.c
[1.774s] -- Installing: /home/ubuntuuser/ros2_ws/install/crazyflie_interfaces/include/crazyflie_interfaces/crazyflie_interfaces/msg/detail/connection_statistics_array__type_support.c
[1.774s] -- Up-to-date: /home/ubuntuuser/ros2_ws/install/crazyflie_interfaces/include/crazyflie_interfaces/crazyflie_interfaces/msg/detail/velocity_world__struct.h
[1.774s] -- Up-to-date: /home/ubuntuuser/ros2_ws/install/crazyflie_interfaces/include/crazyflie_interfaces/crazyflie_interfaces/msg/detail/full_state__struct.h
[1.774s] -- Up-to-date: /home/ubuntuuser/ros2_ws/install/crazyflie_interfaces/include/crazyflie_interfaces/crazyflie_interfaces/msg/detail/status__type_support.h
[1.774s] -- Up-to-date: /home/ubuntuuser/ros2_ws/install/crazyflie_interfaces/include/crazyflie_interfaces/crazyflie_interfaces/msg/detail/full_state__functions.h
[1.774s] -- Up-to-date: /home/ubuntuuser/ros2_ws/install/crazyflie_interfaces/include/crazyflie_interfaces/crazyflie_interfaces/msg/detail/log_block__type_support.h
[1.775s] -- Up-to-date: /home/ubuntuuser/ros2_ws/install/crazyflie_interfaces/include/crazyflie_interfaces/crazyflie_interfaces/msg/detail/connection_statistics_array__struct.h
[1.775s] -- Up-to-date: /home/ubuntuuser/ros2_ws/install/crazyflie_interfaces/include/crazyflie_interfaces/crazyflie_interfaces/msg/detail/status__struct.h
[1.775s] -- Up-to-date: /home/ubuntuuser/ros2_ws/install/crazyflie_interfaces/include/crazyflie_interfaces/crazyflie_interfaces/msg/detail/log_block__functions.h
[1.775s] -- Up-to-date: /home/ubuntuuser/ros2_ws/install/crazyflie_interfaces/include/crazyflie_interfaces/crazyflie_interfaces/msg/detail/trajectory_polynomial_piece__description.c
[1.775s] -- Up-to-date: /home/ubuntuuser/ros2_ws/install/crazyflie_interfaces/include/crazyflie_interfaces/crazyflie_interfaces/msg/detail/log_block__description.c
[1.775s] -- Up-to-date: /home/ubuntuuser/ros2_ws/install/crazyflie_interfaces/include/crazyflie_interfaces/crazyflie_interfaces/msg/detail/log_data_generic__struct.h
[1.776s] -- Up-to-date: /home/ubuntuuser/ros2_ws/install/crazyflie_interfaces/include/crazyflie_interfaces/crazyflie_interfaces/msg/detail/full_state__type_support.h
[1.776s] -- Up-to-date: /home/ubuntuuser/ros2_ws/install/crazyflie_interfaces/include/crazyflie_interfaces/crazyflie_interfaces/msg/detail/trajectory_polynomial_piece__functions.c
[1.776s] -- Up-to-date: /home/ubuntuuser/ros2_ws/install/crazyflie_interfaces/include/crazyflie_interfaces/crazyflie_interfaces/msg/detail/connection_statistics_array__description.c
[1.776s] -- Up-to-date: /home/ubuntuuser/ros2_ws/install/crazyflie_interfaces/include/crazyflie_interfaces/crazyflie_interfaces/msg/detail/log_data_generic__type_support.h
[1.776s] -- Up-to-date: /home/ubuntuuser/ros2_ws/install/crazyflie_interfaces/include/crazyflie_interfaces/crazyflie_interfaces/msg/detail/hover__functions.c
[1.776s] -- Up-to-date: /home/ubuntuuser/ros2_ws/install/crazyflie_interfaces/include/crazyflie_interfaces/crazyflie_interfaces/msg/detail/log_block__struct.h
[1.776s] -- Up-to-date: /home/ubuntuuser/ros2_ws/install/crazyflie_interfaces/include/crazyflie_interfaces/crazyflie_interfaces/msg/detail/velocity_world__functions.h
[1.777s] -- Up-to-date: /home/ubuntuuser/ros2_ws/install/crazyflie_interfaces/include/crazyflie_interfaces/crazyflie_interfaces/msg/detail/status__functions.c
[1.778s] -- Installing: /home/ubuntuuser/ros2_ws/install/crazyflie_interfaces/include/crazyflie_interfaces/crazyflie_interfaces/msg/detail/status__type_support.c
[1.778s] -- Up-to-date: /home/ubuntuuser/ros2_ws/install/crazyflie_interfaces/include/crazyflie_interfaces/crazyflie_interfaces/msg/detail/trajectory_polynomial_piece__struct.h
[1.779s] -- Up-to-date: /home/ubuntuuser/ros2_ws/install/crazyflie_interfaces/include/crazyflie_interfaces/crazyflie_interfaces/msg/detail/position__functions.c
[1.779s] -- Installing: /home/ubuntuuser/ros2_ws/install/crazyflie_interfaces/include/crazyflie_interfaces/crazyflie_interfaces/msg/detail/full_state__type_support.c
[1.780s] -- Up-to-date: /home/ubuntuuser/ros2_ws/install/crazyflie_interfaces/include/crazyflie_interfaces/crazyflie_interfaces/msg/detail/connection_statistics__functions.h
[1.780s] -- Up-to-date: /home/ubuntuuser/ros2_ws/install/crazyflie_interfaces/include/crazyflie_interfaces/crazyflie_interfaces/msg/detail/log_data_generic__functions.h
[1.780s] -- Up-to-date: /home/ubuntuuser/ros2_ws/install/crazyflie_interfaces/include/crazyflie_interfaces/crazyflie_interfaces/msg/detail/connection_statistics_array__type_support.h
[1.780s] -- Up-to-date: /home/ubuntuuser/ros2_ws/install/crazyflie_interfaces/include/crazyflie_interfaces/crazyflie_interfaces/msg/detail/full_state__functions.c
[1.780s] -- Up-to-date: /home/ubuntuuser/ros2_ws/install/crazyflie_interfaces/include/crazyflie_interfaces/crazyflie_interfaces/msg/detail/velocity_world__description.c
[1.780s] -- Installing: /home/ubuntuuser/ros2_ws/install/crazyflie_interfaces/include/crazyflie_interfaces/crazyflie_interfaces/msg/detail/log_data_generic__type_support.c
[1.780s] -- Up-to-date: /home/ubuntuuser/ros2_ws/install/crazyflie_interfaces/include/crazyflie_interfaces/crazyflie_interfaces/msg/detail/connection_statistics_array__functions.c
[1.780s] -- Up-to-date: /home/ubuntuuser/ros2_ws/install/crazyflie_interfaces/include/crazyflie_interfaces/crazyflie_interfaces/msg/detail/trajectory_polynomial_piece__type_support.h
[1.781s] -- Up-to-date: /home/ubuntuuser/ros2_ws/install/crazyflie_interfaces/include/crazyflie_interfaces/crazyflie_interfaces/msg/detail/status__description.c
[1.781s] -- Up-to-date: /home/ubuntuuser/ros2_ws/install/crazyflie_interfaces/include/crazyflie_interfaces/crazyflie_interfaces/msg/detail/velocity_world__functions.c
[1.781s] -- Up-to-date: /home/ubuntuuser/ros2_ws/install/crazyflie_interfaces/include/crazyflie_interfaces/crazyflie_interfaces/msg/detail/status__functions.h
[1.781s] -- Up-to-date: /home/ubuntuuser/ros2_ws/install/crazyflie_interfaces/include/crazyflie_interfaces/crazyflie_interfaces/msg/detail/hover__type_support.h
[1.781s] -- Up-to-date: /home/ubuntuuser/ros2_ws/install/crazyflie_interfaces/include/crazyflie_interfaces/crazyflie_interfaces/msg/detail/connection_statistics__functions.c
[1.781s] -- Installing: /home/ubuntuuser/ros2_ws/install/crazyflie_interfaces/include/crazyflie_interfaces/crazyflie_interfaces/msg/detail/trajectory_polynomial_piece__type_support.c
[1.782s] -- Up-to-date: /home/ubuntuuser/ros2_ws/install/crazyflie_interfaces/include/crazyflie_interfaces/crazyflie_interfaces/msg/detail/position__description.c
[1.782s] -- Up-to-date: /home/ubuntuuser/ros2_ws/install/crazyflie_interfaces/include/crazyflie_interfaces/crazyflie_interfaces/msg/detail/position__struct.h
[1.782s] -- Up-to-date: /home/ubuntuuser/ros2_ws/install/crazyflie_interfaces/include/crazyflie_interfaces/crazyflie_interfaces/msg/detail/velocity_world__type_support.h
[1.782s] -- Up-to-date: /home/ubuntuuser/ros2_ws/install/crazyflie_interfaces/include/crazyflie_interfaces/crazyflie_interfaces/msg/detail/position__type_support.h
[1.782s] -- Up-to-date: /home/ubuntuuser/ros2_ws/install/crazyflie_interfaces/include/crazyflie_interfaces/crazyflie_interfaces/msg/detail/hover__struct.h
[1.783s] -- Installing: /home/ubuntuuser/ros2_ws/install/crazyflie_interfaces/include/crazyflie_interfaces/crazyflie_interfaces/msg/detail/hover__type_support.c
[1.783s] -- Up-to-date: /home/ubuntuuser/ros2_ws/install/crazyflie_interfaces/include/crazyflie_interfaces/crazyflie_interfaces/msg/detail/connection_statistics__type_support.h
[1.783s] -- Up-to-date: /home/ubuntuuser/ros2_ws/install/crazyflie_interfaces/include/crazyflie_interfaces/crazyflie_interfaces/msg/detail/log_data_generic__description.c
[1.783s] -- Installing: /home/ubuntuuser/ros2_ws/install/crazyflie_interfaces/include/crazyflie_interfaces/crazyflie_interfaces/msg/detail/connection_statistics__type_support.c
[1.785s] -- Installing: /home/ubuntuuser/ros2_ws/install/crazyflie_interfaces/include/crazyflie_interfaces/crazyflie_interfaces/msg/detail/position__type_support.c
[1.786s] -- Up-to-date: /home/ubuntuuser/ros2_ws/install/crazyflie_interfaces/include/crazyflie_interfaces/crazyflie_interfaces/msg/detail/hover__description.c
[1.787s] -- Up-to-date: /home/ubuntuuser/ros2_ws/install/crazyflie_interfaces/include/crazyflie_interfaces/crazyflie_interfaces/msg/detail/log_data_generic__functions.c
[1.787s] -- Up-to-date: /home/ubuntuuser/ros2_ws/install/crazyflie_interfaces/include/crazyflie_interfaces/crazyflie_interfaces/msg/detail/trajectory_polynomial_piece__functions.h
[1.787s] -- Up-to-date: /home/ubuntuuser/ros2_ws/install/crazyflie_interfaces/include/crazyflie_interfaces/crazyflie_interfaces/msg/status.h
[1.789s] -- Up-to-date: /home/ubuntuuser/ros2_ws/install/crazyflie_interfaces/include/crazyflie_interfaces/crazyflie_interfaces/msg/trajectory_polynomial_piece.h
[1.789s] -- Up-to-date: /home/ubuntuuser/ros2_ws/install/crazyflie_interfaces/include/crazyflie_interfaces/crazyflie_interfaces/msg/log_data_generic.h
[1.789s] -- Up-to-date: /home/ubuntuuser/ros2_ws/install/crazyflie_interfaces/include/crazyflie_interfaces/crazyflie_interfaces/msg/log_block.h
[1.789s] -- Up-to-date: /home/ubuntuuser/ros2_ws/install/crazyflie_interfaces/include/crazyflie_interfaces/crazyflie_interfaces/msg/position.h
[1.789s] -- Up-to-date: /home/ubuntuuser/ros2_ws/install/crazyflie_interfaces/include/crazyflie_interfaces/crazyflie_interfaces/msg/connection_statistics.h
[1.789s] -- Up-to-date: /home/ubuntuuser/ros2_ws/install/crazyflie_interfaces/include/crazyflie_interfaces/crazyflie_interfaces/msg/full_state.h
[1.790s] -- Up-to-date: /home/ubuntuuser/ros2_ws/install/crazyflie_interfaces/include/crazyflie_interfaces/crazyflie_interfaces/msg/hover.h
[1.790s] -- Up-to-date: /home/ubuntuuser/ros2_ws/install/crazyflie_interfaces/include/crazyflie_interfaces/crazyflie_interfaces/msg/rosidl_generator_c__visibility_control.h
[1.793s] -- Up-to-date: /home/ubuntuuser/ros2_ws/install/crazyflie_interfaces/include/crazyflie_interfaces/crazyflie_interfaces/msg/velocity_world.h
[1.793s] -- Up-to-date: /home/ubuntuuser/ros2_ws/install/crazyflie_interfaces/include/crazyflie_interfaces/crazyflie_interfaces/srv
[1.794s] -- Up-to-date: /home/ubuntuuser/ros2_ws/install/crazyflie_interfaces/include/crazyflie_interfaces/crazyflie_interfaces/srv/update_params.h
[1.794s] -- Up-to-date: /home/ubuntuuser/ros2_ws/install/crazyflie_interfaces/include/crazyflie_interfaces/crazyflie_interfaces/srv/detail
[1.794s] -- Up-to-date: /home/ubuntuuser/ros2_ws/install/crazyflie_interfaces/include/crazyflie_interfaces/crazyflie_interfaces/srv/detail/arm__functions.c
[1.794s] -- Installing: /home/ubuntuuser/ros2_ws/install/crazyflie_interfaces/include/crazyflie_interfaces/crazyflie_interfaces/srv/detail/update_params__type_support.c
[1.795s] -- Up-to-date: /home/ubuntuuser/ros2_ws/install/crazyflie_interfaces/include/crazyflie_interfaces/crazyflie_interfaces/srv/detail/takeoff__description.c
[1.795s] -- Up-to-date: /home/ubuntuuser/ros2_ws/install/crazyflie_interfaces/include/crazyflie_interfaces/crazyflie_interfaces/srv/detail/notify_setpoints_stop__type_support.h
[1.795s] -- Up-to-date: /home/ubuntuuser/ros2_ws/install/crazyflie_interfaces/include/crazyflie_interfaces/crazyflie_interfaces/srv/detail/land__description.c
[1.795s] -- Up-to-date: /home/ubuntuuser/ros2_ws/install/crazyflie_interfaces/include/crazyflie_interfaces/crazyflie_interfaces/srv/detail/arm__type_support.h
[1.795s] -- Up-to-date: /home/ubuntuuser/ros2_ws/install/crazyflie_interfaces/include/crazyflie_interfaces/crazyflie_interfaces/srv/detail/update_params__functions.c
[1.795s] -- Up-to-date: /home/ubuntuuser/ros2_ws/install/crazyflie_interfaces/include/crazyflie_interfaces/crazyflie_interfaces/srv/detail/stop__struct.h
[1.795s] -- Up-to-date: /home/ubuntuuser/ros2_ws/install/crazyflie_interfaces/include/crazyflie_interfaces/crazyflie_interfaces/srv/detail/remove_logging__struct.h
[1.798s] -- Up-to-date: /home/ubuntuuser/ros2_ws/install/crazyflie_interfaces/include/crazyflie_interfaces/crazyflie_interfaces/srv/detail/add_logging__type_support.h
[1.798s] -- Up-to-date: /home/ubuntuuser/ros2_ws/install/crazyflie_interfaces/include/crazyflie_interfaces/crazyflie_interfaces/srv/detail/set_group_mask__functions.c
[1.798s] -- Up-to-date: /home/ubuntuuser/ros2_ws/install/crazyflie_interfaces/include/crazyflie_interfaces/crazyflie_interfaces/srv/detail/upload_trajectory__type_support.h
[1.799s] -- Up-to-date: /home/ubuntuuser/ros2_ws/install/crazyflie_interfaces/include/crazyflie_interfaces/crazyflie_interfaces/srv/detail/upload_trajectory__functions.h
[1.799s] -- Installing: /home/ubuntuuser/ros2_ws/install/crazyflie_interfaces/include/crazyflie_interfaces/crazyflie_interfaces/srv/detail/add_logging__type_support.c
[1.799s] -- Up-to-date: /home/ubuntuuser/ros2_ws/install/crazyflie_interfaces/include/crazyflie_interfaces/crazyflie_interfaces/srv/detail/start_trajectory__description.c
[1.799s] -- Up-to-date: /home/ubuntuuser/ros2_ws/install/crazyflie_interfaces/include/crazyflie_interfaces/crazyflie_interfaces/srv/detail/update_params__type_support.h
[1.799s] -- Installing: /home/ubuntuuser/ros2_ws/install/crazyflie_interfaces/include/crazyflie_interfaces/crazyflie_interfaces/srv/detail/start_trajectory__type_support.c
[1.800s] -- Up-to-date: /home/ubuntuuser/ros2_ws/install/crazyflie_interfaces/include/crazyflie_interfaces/crazyflie_interfaces/srv/detail/start_trajectory__struct.h
[1.800s] -- Up-to-date: /home/ubuntuuser/ros2_ws/install/crazyflie_interfaces/include/crazyflie_interfaces/crazyflie_interfaces/srv/detail/upload_trajectory__functions.c
[1.802s] -- Up-to-date: /home/ubuntuuser/ros2_ws/install/crazyflie_interfaces/include/crazyflie_interfaces/crazyflie_interfaces/srv/detail/takeoff__functions.h
[1.802s] -- Up-to-date: /home/ubuntuuser/ros2_ws/install/crazyflie_interfaces/include/crazyflie_interfaces/crazyflie_interfaces/srv/detail/add_logging__struct.h
[1.802s] -- Up-to-date: /home/ubuntuuser/ros2_ws/install/crazyflie_interfaces/include/crazyflie_interfaces/crazyflie_interfaces/srv/detail/go_to__struct.h
[1.802s] -- Up-to-date: /home/ubuntuuser/ros2_ws/install/crazyflie_interfaces/include/crazyflie_interfaces/crazyflie_interfaces/srv/detail/notify_setpoints_stop__functions.c
[1.802s] -- Up-to-date: /home/ubuntuuser/ros2_ws/install/crazyflie_interfaces/include/crazyflie_interfaces/crazyflie_interfaces/srv/detail/remove_logging__functions.h
[1.802s] -- Installing: /home/ubuntuuser/ros2_ws/install/crazyflie_interfaces/include/crazyflie_interfaces/crazyflie_interfaces/srv/detail/land__type_support.c
[1.802s] -- Installing: /home/ubuntuuser/ros2_ws/install/crazyflie_interfaces/include/crazyflie_interfaces/crazyflie_interfaces/srv/detail/remove_logging__type_support.c
[1.802s] -- Up-to-date: /home/ubuntuuser/ros2_ws/install/crazyflie_interfaces/include/crazyflie_interfaces/crazyflie_interfaces/srv/detail/stop__type_support.h
[1.804s] -- Up-to-date: /home/ubuntuuser/ros2_ws/install/crazyflie_interfaces/include/crazyflie_interfaces/crazyflie_interfaces/srv/detail/set_group_mask__type_support.h
[1.804s] -- Up-to-date: /home/ubuntuuser/ros2_ws/install/crazyflie_interfaces/include/crazyflie_interfaces/crazyflie_interfaces/srv/detail/set_group_mask__struct.h
[1.804s] -- Installing: /home/ubuntuuser/ros2_ws/install/crazyflie_interfaces/include/crazyflie_interfaces/crazyflie_interfaces/srv/detail/arm__type_support.c
[1.805s] -- Up-to-date: /home/ubuntuuser/ros2_ws/install/crazyflie_interfaces/include/crazyflie_interfaces/crazyflie_interfaces/srv/detail/notify_setpoints_stop__functions.h
[1.805s] -- Installing: /home/ubuntuuser/ros2_ws/install/crazyflie_interfaces/include/crazyflie_interfaces/crazyflie_interfaces/srv/detail/stop__type_support.c
[1.805s] -- Up-to-date: /home/ubuntuuser/ros2_ws/install/crazyflie_interfaces/include/crazyflie_interfaces/crazyflie_interfaces/srv/detail/go_to__functions.h
[1.805s] -- Installing: /home/ubuntuuser/ros2_ws/install/crazyflie_interfaces/include/crazyflie_interfaces/crazyflie_interfaces/srv/detail/go_to__type_support.c
[1.805s] -- Up-to-date: /home/ubuntuuser/ros2_ws/install/crazyflie_interfaces/include/crazyflie_interfaces/crazyflie_interfaces/srv/detail/set_group_mask__functions.h
[1.805s] -- Up-to-date: /home/ubuntuuser/ros2_ws/install/crazyflie_interfaces/include/crazyflie_interfaces/crazyflie_interfaces/srv/detail/land__functions.h
[1.806s] -- Up-to-date: /home/ubuntuuser/ros2_ws/install/crazyflie_interfaces/include/crazyflie_interfaces/crazyflie_interfaces/srv/detail/upload_trajectory__struct.h
[1.806s] -- Installing: /home/ubuntuuser/ros2_ws/install/crazyflie_interfaces/include/crazyflie_interfaces/crazyflie_interfaces/srv/detail/notify_setpoints_stop__type_support.c
[1.806s] -- Up-to-date: /home/ubuntuuser/ros2_ws/install/crazyflie_interfaces/include/crazyflie_interfaces/crazyflie_interfaces/srv/detail/takeoff__type_support.h
[1.806s] -- Up-to-date: /home/ubuntuuser/ros2_ws/install/crazyflie_interfaces/include/crazyflie_interfaces/crazyflie_interfaces/srv/detail/stop__functions.h
[1.806s] -- Up-to-date: /home/ubuntuuser/ros2_ws/install/crazyflie_interfaces/include/crazyflie_interfaces/crazyflie_interfaces/srv/detail/add_logging__description.c
[1.806s] -- Up-to-date: /home/ubuntuuser/ros2_ws/install/crazyflie_interfaces/include/crazyflie_interfaces/crazyflie_interfaces/srv/detail/set_group_mask__description.c
[1.806s] -- Up-to-date: /home/ubuntuuser/ros2_ws/install/crazyflie_interfaces/include/crazyflie_interfaces/crazyflie_interfaces/srv/detail/remove_logging__functions.c
[1.806s] -- Up-to-date: /home/ubuntuuser/ros2_ws/install/crazyflie_interfaces/include/crazyflie_interfaces/crazyflie_interfaces/srv/detail/update_params__struct.h
[1.807s] -- Installing: /home/ubuntuuser/ros2_ws/install/crazyflie_interfaces/include/crazyflie_interfaces/crazyflie_interfaces/srv/detail/takeoff__type_support.c
[1.808s] -- Up-to-date: /home/ubuntuuser/ros2_ws/install/crazyflie_interfaces/include/crazyflie_interfaces/crazyflie_interfaces/srv/detail/remove_logging__description.c
[1.809s] -- Up-to-date: /home/ubuntuuser/ros2_ws/install/crazyflie_interfaces/include/crazyflie_interfaces/crazyflie_interfaces/srv/detail/stop__description.c
[1.809s] -- Up-to-date: /home/ubuntuuser/ros2_ws/install/crazyflie_interfaces/include/crazyflie_interfaces/crazyflie_interfaces/srv/detail/notify_setpoints_stop__description.c
[1.809s] -- Up-to-date: /home/ubuntuuser/ros2_ws/install/crazyflie_interfaces/include/crazyflie_interfaces/crazyflie_interfaces/srv/detail/upload_trajectory__description.c
[1.809s] -- Up-to-date: /home/ubuntuuser/ros2_ws/install/crazyflie_interfaces/include/crazyflie_interfaces/crazyflie_interfaces/srv/detail/takeoff__functions.c
[1.809s] -- Installing: /home/ubuntuuser/ros2_ws/install/crazyflie_interfaces/include/crazyflie_interfaces/crazyflie_interfaces/srv/detail/upload_trajectory__type_support.c
[1.809s] -- Up-to-date: /home/ubuntuuser/ros2_ws/install/crazyflie_interfaces/include/crazyflie_interfaces/crazyflie_interfaces/srv/detail/start_trajectory__type_support.h
[1.815s] -- Up-to-date: /home/ubuntuuser/ros2_ws/install/crazyflie_interfaces/include/crazyflie_interfaces/crazyflie_interfaces/srv/detail/land__functions.c
[1.815s] -- Up-to-date: /home/ubuntuuser/ros2_ws/install/crazyflie_interfaces/include/crazyflie_interfaces/crazyflie_interfaces/srv/detail/update_params__description.c
[1.815s] -- Up-to-date: /home/ubuntuuser/ros2_ws/install/crazyflie_interfaces/include/crazyflie_interfaces/crazyflie_interfaces/srv/detail/add_logging__functions.c
[1.815s] -- Up-to-date: /home/ubuntuuser/ros2_ws/install/crazyflie_interfaces/include/crazyflie_interfaces/crazyflie_interfaces/srv/detail/go_to__type_support.h
[1.815s] -- Up-to-date: /home/ubuntuuser/ros2_ws/install/crazyflie_interfaces/include/crazyflie_interfaces/crazyflie_interfaces/srv/detail/start_trajectory__functions.c
[1.815s] -- Up-to-date: /home/ubuntuuser/ros2_ws/install/crazyflie_interfaces/include/crazyflie_interfaces/crazyflie_interfaces/srv/detail/remove_logging__type_support.h
[1.815s] -- Up-to-date: /home/ubuntuuser/ros2_ws/install/crazyflie_interfaces/include/crazyflie_interfaces/crazyflie_interfaces/srv/detail/land__struct.h
[1.816s] -- Up-to-date: /home/ubuntuuser/ros2_ws/install/crazyflie_interfaces/include/crazyflie_interfaces/crazyflie_interfaces/srv/detail/arm__description.c
[1.816s] -- Up-to-date: /home/ubuntuuser/ros2_ws/install/crazyflie_interfaces/include/crazyflie_interfaces/crazyflie_interfaces/srv/detail/notify_setpoints_stop__struct.h
[1.816s] -- Up-to-date: /home/ubuntuuser/ros2_ws/install/crazyflie_interfaces/include/crazyflie_interfaces/crazyflie_interfaces/srv/detail/go_to__functions.c
[1.816s] -- Up-to-date: /home/ubuntuuser/ros2_ws/install/crazyflie_interfaces/include/crazyflie_interfaces/crazyflie_interfaces/srv/detail/arm__struct.h
[1.816s] -- Up-to-date: /home/ubuntuuser/ros2_ws/install/crazyflie_interfaces/include/crazyflie_interfaces/crazyflie_interfaces/srv/detail/go_to__description.c
[1.816s] -- Up-to-date: /home/ubuntuuser/ros2_ws/install/crazyflie_interfaces/include/crazyflie_interfaces/crazyflie_interfaces/srv/detail/update_params__functions.h
[1.819s] -- Up-to-date: /home/ubuntuuser/ros2_ws/install/crazyflie_interfaces/include/crazyflie_interfaces/crazyflie_interfaces/srv/detail/land__type_support.h
[1.819s] -- Installing: /home/ubuntuuser/ros2_ws/install/crazyflie_interfaces/include/crazyflie_interfaces/crazyflie_interfaces/srv/detail/set_group_mask__type_support.c
[1.819s] -- Up-to-date: /home/ubuntuuser/ros2_ws/install/crazyflie_interfaces/include/crazyflie_interfaces/crazyflie_interfaces/srv/detail/takeoff__struct.h
[1.819s] -- Up-to-date: /home/ubuntuuser/ros2_ws/install/crazyflie_interfaces/include/crazyflie_interfaces/crazyflie_interfaces/srv/detail/start_trajectory__functions.h
[1.819s] -- Up-to-date: /home/ubuntuuser/ros2_ws/install/crazyflie_interfaces/include/crazyflie_interfaces/crazyflie_interfaces/srv/detail/add_logging__functions.h
[1.819s] -- Up-to-date: /home/ubuntuuser/ros2_ws/install/crazyflie_interfaces/include/crazyflie_interfaces/crazyflie_interfaces/srv/detail/arm__functions.h
[1.826s] -- Up-to-date: /home/ubuntuuser/ros2_ws/install/crazyflie_interfaces/include/crazyflie_interfaces/crazyflie_interfaces/srv/detail/stop__functions.c
[1.826s] -- Up-to-date: /home/ubuntuuser/ros2_ws/install/crazyflie_interfaces/include/crazyflie_interfaces/crazyflie_interfaces/srv/notify_setpoints_stop.h
[1.826s] -- Up-to-date: /home/ubuntuuser/ros2_ws/install/crazyflie_interfaces/include/crazyflie_interfaces/crazyflie_interfaces/srv/arm.h
[1.826s] -- Up-to-date: /home/ubuntuuser/ros2_ws/install/crazyflie_interfaces/include/crazyflie_interfaces/crazyflie_interfaces/srv/start_trajectory.h
[1.826s] -- Up-to-date: /home/ubuntuuser/ros2_ws/install/crazyflie_interfaces/include/crazyflie_interfaces/crazyflie_interfaces/srv/land.h
[1.826s] -- Up-to-date: /home/ubuntuuser/ros2_ws/install/crazyflie_interfaces/include/crazyflie_interfaces/crazyflie_interfaces/srv/set_group_mask.h
[1.826s] -- Up-to-date: /home/ubuntuuser/ros2_ws/install/crazyflie_interfaces/include/crazyflie_interfaces/crazyflie_interfaces/srv/takeoff.h
[1.826s] -- Up-to-date: /home/ubuntuuser/ros2_ws/install/crazyflie_interfaces/include/crazyflie_interfaces/crazyflie_interfaces/srv/remove_logging.h
[1.827s] -- Up-to-date: /home/ubuntuuser/ros2_ws/install/crazyflie_interfaces/include/crazyflie_interfaces/crazyflie_interfaces/srv/go_to.h
[1.827s] -- Up-to-date: /home/ubuntuuser/ros2_ws/install/crazyflie_interfaces/include/crazyflie_interfaces/crazyflie_interfaces/srv/stop.h
[1.827s] -- Up-to-date: /home/ubuntuuser/ros2_ws/install/crazyflie_interfaces/include/crazyflie_interfaces/crazyflie_interfaces/srv/upload_trajectory.h
[1.827s] -- Up-to-date: /home/ubuntuuser/ros2_ws/install/crazyflie_interfaces/include/crazyflie_interfaces/crazyflie_interfaces/srv/add_logging.h
[1.828s] -- Up-to-date: /home/ubuntuuser/ros2_ws/install/crazyflie_interfaces/share/crazyflie_interfaces/environment/library_path.sh
[1.828s] -- Up-to-date: /home/ubuntuuser/ros2_ws/install/crazyflie_interfaces/share/crazyflie_interfaces/environment/library_path.dsv
[1.828s] -- Up-to-date: /home/ubuntuuser/ros2_ws/install/crazyflie_interfaces/lib/libcrazyflie_interfaces__rosidl_generator_c.so
[1.828s] -- Up-to-date: /home/ubuntuuser/ros2_ws/install/crazyflie_interfaces/include/crazyflie_interfaces/crazyflie_interfaces
[1.828s] -- Up-to-date: /home/ubuntuuser/ros2_ws/install/crazyflie_interfaces/include/crazyflie_interfaces/crazyflie_interfaces/msg
[1.828s] -- Up-to-date: /home/ubuntuuser/ros2_ws/install/crazyflie_interfaces/include/crazyflie_interfaces/crazyflie_interfaces/msg/detail
[1.828s] -- Up-to-date: /home/ubuntuuser/ros2_ws/install/crazyflie_interfaces/include/crazyflie_interfaces/crazyflie_interfaces/msg/detail/position__rosidl_typesupport_fastrtps_c.h
[1.828s] -- Up-to-date: /home/ubuntuuser/ros2_ws/install/crazyflie_interfaces/include/crazyflie_interfaces/crazyflie_interfaces/msg/detail/log_data_generic__rosidl_typesupport_fastrtps_c.h
[1.833s] -- Up-to-date: /home/ubuntuuser/ros2_ws/install/crazyflie_interfaces/include/crazyflie_interfaces/crazyflie_interfaces/msg/detail/full_state__rosidl_typesupport_fastrtps_c.h
[1.833s] -- Up-to-date: /home/ubuntuuser/ros2_ws/install/crazyflie_interfaces/include/crazyflie_interfaces/crazyflie_interfaces/msg/detail/connection_statistics_array__rosidl_typesupport_fastrtps_c.h
[1.833s] -- Up-to-date: /home/ubuntuuser/ros2_ws/install/crazyflie_interfaces/include/crazyflie_interfaces/crazyflie_interfaces/msg/detail/velocity_world__rosidl_typesupport_fastrtps_c.h
[1.833s] -- Up-to-date: /home/ubuntuuser/ros2_ws/install/crazyflie_interfaces/include/crazyflie_interfaces/crazyflie_interfaces/msg/detail/log_block__rosidl_typesupport_fastrtps_c.h
[1.834s] -- Up-to-date: /home/ubuntuuser/ros2_ws/install/crazyflie_interfaces/include/crazyflie_interfaces/crazyflie_interfaces/msg/detail/trajectory_polynomial_piece__rosidl_typesupport_fastrtps_c.h
[1.834s] -- Up-to-date: /home/ubuntuuser/ros2_ws/install/crazyflie_interfaces/include/crazyflie_interfaces/crazyflie_interfaces/msg/detail/connection_statistics__rosidl_typesupport_fastrtps_c.h
[1.834s] -- Up-to-date: /home/ubuntuuser/ros2_ws/install/crazyflie_interfaces/include/crazyflie_interfaces/crazyflie_interfaces/msg/detail/status__rosidl_typesupport_fastrtps_c.h
[1.834s] -- Up-to-date: /home/ubuntuuser/ros2_ws/install/crazyflie_interfaces/include/crazyflie_interfaces/crazyflie_interfaces/msg/detail/hover__rosidl_typesupport_fastrtps_c.h
[1.834s] -- Up-to-date: /home/ubuntuuser/ros2_ws/install/crazyflie_interfaces/include/crazyflie_interfaces/crazyflie_interfaces/msg/rosidl_typesupport_fastrtps_c__visibility_control.h
[1.834s] -- Up-to-date: /home/ubuntuuser/ros2_ws/install/crazyflie_interfaces/include/crazyflie_interfaces/crazyflie_interfaces/srv
[1.834s] -- Up-to-date: /home/ubuntuuser/ros2_ws/install/crazyflie_interfaces/include/crazyflie_interfaces/crazyflie_interfaces/srv/detail
[1.835s] -- Up-to-date: /home/ubuntuuser/ros2_ws/install/crazyflie_interfaces/include/crazyflie_interfaces/crazyflie_interfaces/srv/detail/start_trajectory__rosidl_typesupport_fastrtps_c.h
[1.835s] -- Up-to-date: /home/ubuntuuser/ros2_ws/install/crazyflie_interfaces/include/crazyflie_interfaces/crazyflie_interfaces/srv/detail/land__rosidl_typesupport_fastrtps_c.h
[1.835s] -- Up-to-date: /home/ubuntuuser/ros2_ws/install/crazyflie_interfaces/include/crazyflie_interfaces/crazyflie_interfaces/srv/detail/stop__rosidl_typesupport_fastrtps_c.h
[1.835s] -- Up-to-date: /home/ubuntuuser/ros2_ws/install/crazyflie_interfaces/include/crazyflie_interfaces/crazyflie_interfaces/srv/detail/set_group_mask__rosidl_typesupport_fastrtps_c.h
[1.835s] -- Up-to-date: /home/ubuntuuser/ros2_ws/install/crazyflie_interfaces/include/crazyflie_interfaces/crazyflie_interfaces/srv/detail/update_params__rosidl_typesupport_fastrtps_c.h
[1.835s] -- Up-to-date: /home/ubuntuuser/ros2_ws/install/crazyflie_interfaces/include/crazyflie_interfaces/crazyflie_interfaces/srv/detail/notify_setpoints_stop__rosidl_typesupport_fastrtps_c.h
[1.835s] -- Up-to-date: /home/ubuntuuser/ros2_ws/install/crazyflie_interfaces/include/crazyflie_interfaces/crazyflie_interfaces/srv/detail/remove_logging__rosidl_typesupport_fastrtps_c.h
[1.843s] -- Up-to-date: /home/ubuntuuser/ros2_ws/install/crazyflie_interfaces/include/crazyflie_interfaces/crazyflie_interfaces/srv/detail/add_logging__rosidl_typesupport_fastrtps_c.h
[1.843s] -- Up-to-date: /home/ubuntuuser/ros2_ws/install/crazyflie_interfaces/include/crazyflie_interfaces/crazyflie_interfaces/srv/detail/takeoff__rosidl_typesupport_fastrtps_c.h
[1.843s] -- Up-to-date: /home/ubuntuuser/ros2_ws/install/crazyflie_interfaces/include/crazyflie_interfaces/crazyflie_interfaces/srv/detail/arm__rosidl_typesupport_fastrtps_c.h
[1.844s] -- Up-to-date: /home/ubuntuuser/ros2_ws/install/crazyflie_interfaces/include/crazyflie_interfaces/crazyflie_interfaces/srv/detail/upload_trajectory__rosidl_typesupport_fastrtps_c.h
[1.844s] -- Up-to-date: /home/ubuntuuser/ros2_ws/install/crazyflie_interfaces/include/crazyflie_interfaces/crazyflie_interfaces/srv/detail/go_to__rosidl_typesupport_fastrtps_c.h
[1.844s] -- Up-to-date: /home/ubuntuuser/ros2_ws/install/crazyflie_interfaces/lib/libcrazyflie_interfaces__rosidl_typesupport_fastrtps_c.so
[1.844s] -- Up-to-date: /home/ubuntuuser/ros2_ws/install/crazyflie_interfaces/include/crazyflie_interfaces/crazyflie_interfaces
[1.844s] -- Up-to-date: /home/ubuntuuser/ros2_ws/install/crazyflie_interfaces/include/crazyflie_interfaces/crazyflie_interfaces/msg
[1.844s] -- Up-to-date: /home/ubuntuuser/ros2_ws/install/crazyflie_interfaces/include/crazyflie_interfaces/crazyflie_interfaces/msg/rosidl_generator_cpp__visibility_control.hpp
[1.844s] -- Up-to-date: /home/ubuntuuser/ros2_ws/install/crazyflie_interfaces/include/crazyflie_interfaces/crazyflie_interfaces/msg/detail
[1.844s] -- Up-to-date: /home/ubuntuuser/ros2_ws/install/crazyflie_interfaces/include/crazyflie_interfaces/crazyflie_interfaces/msg/detail/connection_statistics_array__builder.hpp
[1.845s] -- Up-to-date: /home/ubuntuuser/ros2_ws/install/crazyflie_interfaces/include/crazyflie_interfaces/crazyflie_interfaces/msg/detail/trajectory_polynomial_piece__traits.hpp
[1.845s] -- Up-to-date: /home/ubuntuuser/ros2_ws/install/crazyflie_interfaces/include/crazyflie_interfaces/crazyflie_interfaces/msg/detail/log_block__type_support.hpp
[1.845s] -- Up-to-date: /home/ubuntuuser/ros2_ws/install/crazyflie_interfaces/include/crazyflie_interfaces/crazyflie_interfaces/msg/detail/trajectory_polynomial_piece__builder.hpp
[1.845s] -- Up-to-date: /home/ubuntuuser/ros2_ws/install/crazyflie_interfaces/include/crazyflie_interfaces/crazyflie_interfaces/msg/detail/position__type_support.hpp
[1.845s] -- Up-to-date: /home/ubuntuuser/ros2_ws/install/crazyflie_interfaces/include/crazyflie_interfaces/crazyflie_interfaces/msg/detail/log_block__struct.hpp
[1.845s] -- Up-to-date: /home/ubuntuuser/ros2_ws/install/crazyflie_interfaces/include/crazyflie_interfaces/crazyflie_interfaces/msg/detail/velocity_world__type_support.hpp
[1.845s] -- Up-to-date: /home/ubuntuuser/ros2_ws/install/crazyflie_interfaces/include/crazyflie_interfaces/crazyflie_interfaces/msg/detail/log_data_generic__type_support.hpp
[1.845s] -- Up-to-date: /home/ubuntuuser/ros2_ws/install/crazyflie_interfaces/include/crazyflie_interfaces/crazyflie_interfaces/msg/detail/connection_statistics__builder.hpp
[1.852s] -- Up-to-date: /home/ubuntuuser/ros2_ws/install/crazyflie_interfaces/include/crazyflie_interfaces/crazyflie_interfaces/msg/detail/connection_statistics__type_support.hpp
[1.853s] -- Up-to-date: /home/ubuntuuser/ros2_ws/install/crazyflie_interfaces/include/crazyflie_interfaces/crazyflie_interfaces/msg/detail/hover__traits.hpp
[1.853s] -- Up-to-date: /home/ubuntuuser/ros2_ws/install/crazyflie_interfaces/include/crazyflie_interfaces/crazyflie_interfaces/msg/detail/hover__type_support.hpp
[1.853s] -- Up-to-date: /home/ubuntuuser/ros2_ws/install/crazyflie_interfaces/include/crazyflie_interfaces/crazyflie_interfaces/msg/detail/connection_statistics_array__struct.hpp
[1.853s] -- Up-to-date: /home/ubuntuuser/ros2_ws/install/crazyflie_interfaces/include/crazyflie_interfaces/crazyflie_interfaces/msg/detail/status__builder.hpp
[1.853s] -- Up-to-date: /home/ubuntuuser/ros2_ws/install/crazyflie_interfaces/include/crazyflie_interfaces/crazyflie_interfaces/msg/detail/status__struct.hpp
[1.854s] -- Up-to-date: /home/ubuntuuser/ros2_ws/install/crazyflie_interfaces/include/crazyflie_interfaces/crazyflie_interfaces/msg/detail/connection_statistics__traits.hpp
[1.854s] -- Up-to-date: /home/ubuntuuser/ros2_ws/install/crazyflie_interfaces/include/crazyflie_interfaces/crazyflie_interfaces/msg/detail/log_data_generic__traits.hpp
[1.854s] -- Up-to-date: /home/ubuntuuser/ros2_ws/install/crazyflie_interfaces/include/crazyflie_interfaces/crazyflie_interfaces/msg/detail/log_block__traits.hpp
[1.854s] -- Up-to-date: /home/ubuntuuser/ros2_ws/install/crazyflie_interfaces/include/crazyflie_interfaces/crazyflie_interfaces/msg/detail/status__type_support.hpp
[1.861s] -- Up-to-date: /home/ubuntuuser/ros2_ws/install/crazyflie_interfaces/include/crazyflie_interfaces/crazyflie_interfaces/msg/detail/connection_statistics_array__type_support.hpp
[1.861s] -- Up-to-date: /home/ubuntuuser/ros2_ws/install/crazyflie_interfaces/include/crazyflie_interfaces/crazyflie_interfaces/msg/detail/trajectory_polynomial_piece__type_support.hpp
[1.861s] -- Up-to-date: /home/ubuntuuser/ros2_ws/install/crazyflie_interfaces/include/crazyflie_interfaces/crazyflie_interfaces/msg/detail/log_data_generic__struct.hpp
[1.861s] -- Up-to-date: /home/ubuntuuser/ros2_ws/install/crazyflie_interfaces/include/crazyflie_interfaces/crazyflie_interfaces/msg/detail/position__struct.hpp
[1.861s] -- Up-to-date: /home/ubuntuuser/ros2_ws/install/crazyflie_interfaces/include/crazyflie_interfaces/crazyflie_interfaces/msg/detail/status__traits.hpp
[1.861s] -- Up-to-date: /home/ubuntuuser/ros2_ws/install/crazyflie_interfaces/include/crazyflie_interfaces/crazyflie_interfaces/msg/detail/position__traits.hpp
[1.862s] -- Up-to-date: /home/ubuntuuser/ros2_ws/install/crazyflie_interfaces/include/crazyflie_interfaces/crazyflie_interfaces/msg/detail/position__builder.hpp
[1.862s] -- Up-to-date: /home/ubuntuuser/ros2_ws/install/crazyflie_interfaces/include/crazyflie_interfaces/crazyflie_interfaces/msg/detail/hover__struct.hpp
[1.862s] -- Up-to-date: /home/ubuntuuser/ros2_ws/install/crazyflie_interfaces/include/crazyflie_interfaces/crazyflie_interfaces/msg/detail/hover__builder.hpp
[1.862s] -- Up-to-date: /home/ubuntuuser/ros2_ws/install/crazyflie_interfaces/include/crazyflie_interfaces/crazyflie_interfaces/msg/detail/log_block__builder.hpp
[1.862s] -- Up-to-date: /home/ubuntuuser/ros2_ws/install/crazyflie_interfaces/include/crazyflie_interfaces/crazyflie_interfaces/msg/detail/full_state__struct.hpp
[1.862s] -- Up-to-date: /home/ubuntuuser/ros2_ws/install/crazyflie_interfaces/include/crazyflie_interfaces/crazyflie_interfaces/msg/detail/full_state__traits.hpp
[1.862s] -- Up-to-date: /home/ubuntuuser/ros2_ws/install/crazyflie_interfaces/include/crazyflie_interfaces/crazyflie_interfaces/msg/detail/log_data_generic__builder.hpp
[1.863s] -- Up-to-date: /home/ubuntuuser/ros2_ws/install/crazyflie_interfaces/include/crazyflie_interfaces/crazyflie_interfaces/msg/detail/full_state__builder.hpp
[1.874s] -- Up-to-date: /home/ubuntuuser/ros2_ws/install/crazyflie_interfaces/include/crazyflie_interfaces/crazyflie_interfaces/msg/detail/full_state__type_support.hpp
[1.874s] -- Up-to-date: /home/ubuntuuser/ros2_ws/install/crazyflie_interfaces/include/crazyflie_interfaces/crazyflie_interfaces/msg/detail/trajectory_polynomial_piece__struct.hpp
[1.875s] -- Up-to-date: /home/ubuntuuser/ros2_ws/install/crazyflie_interfaces/include/crazyflie_interfaces/crazyflie_interfaces/msg/detail/velocity_world__builder.hpp
[1.875s] -- Up-to-date: /home/ubuntuuser/ros2_ws/install/crazyflie_interfaces/include/crazyflie_interfaces/crazyflie_interfaces/msg/detail/connection_statistics__struct.hpp
[1.875s] -- Up-to-date: /home/ubuntuuser/ros2_ws/install/crazyflie_interfaces/include/crazyflie_interfaces/crazyflie_interfaces/msg/detail/connection_statistics_array__traits.hpp
[1.875s] -- Up-to-date: /home/ubuntuuser/ros2_ws/install/crazyflie_interfaces/include/crazyflie_interfaces/crazyflie_interfaces/msg/detail/velocity_world__struct.hpp
[1.875s] -- Up-to-date: /home/ubuntuuser/ros2_ws/install/crazyflie_interfaces/include/crazyflie_interfaces/crazyflie_interfaces/msg/detail/velocity_world__traits.hpp
[1.876s] -- Up-to-date: /home/ubuntuuser/ros2_ws/install/crazyflie_interfaces/include/crazyflie_interfaces/crazyflie_interfaces/msg/full_state.hpp
[1.876s] -- Up-to-date: /home/ubuntuuser/ros2_ws/install/crazyflie_interfaces/include/crazyflie_interfaces/crazyflie_interfaces/msg/log_block.hpp
[1.876s] -- Up-to-date: /home/ubuntuuser/ros2_ws/install/crazyflie_interfaces/include/crazyflie_interfaces/crazyflie_interfaces/msg/log_data_generic.hpp
[1.876s] -- Up-to-date: /home/ubuntuuser/ros2_ws/install/crazyflie_interfaces/include/crazyflie_interfaces/crazyflie_interfaces/msg/hover.hpp
[1.876s] -- Up-to-date: /home/ubuntuuser/ros2_ws/install/crazyflie_interfaces/include/crazyflie_interfaces/crazyflie_interfaces/msg/connection_statistics_array.hpp
[1.876s] -- Up-to-date: /home/ubuntuuser/ros2_ws/install/crazyflie_interfaces/include/crazyflie_interfaces/crazyflie_interfaces/msg/trajectory_polynomial_piece.hpp
[1.876s] -- Up-to-date: /home/ubuntuuser/ros2_ws/install/crazyflie_interfaces/include/crazyflie_interfaces/crazyflie_interfaces/msg/connection_statistics.hpp
[1.884s] -- Up-to-date: /home/ubuntuuser/ros2_ws/install/crazyflie_interfaces/include/crazyflie_interfaces/crazyflie_interfaces/msg/status.hpp
[1.884s] -- Up-to-date: /home/ubuntuuser/ros2_ws/install/crazyflie_interfaces/include/crazyflie_interfaces/crazyflie_interfaces/msg/velocity_world.hpp
[1.884s] -- Up-to-date: /home/ubuntuuser/ros2_ws/install/crazyflie_interfaces/include/crazyflie_interfaces/crazyflie_interfaces/msg/position.hpp
[1.884s] -- Up-to-date: /home/ubuntuuser/ros2_ws/install/crazyflie_interfaces/include/crazyflie_interfaces/crazyflie_interfaces/srv
[1.885s] -- Up-to-date: /home/ubuntuuser/ros2_ws/install/crazyflie_interfaces/include/crazyflie_interfaces/crazyflie_interfaces/srv/detail
[1.885s] -- Up-to-date: /home/ubuntuuser/ros2_ws/install/crazyflie_interfaces/include/crazyflie_interfaces/crazyflie_interfaces/srv/detail/stop__builder.hpp
[1.885s] -- Up-to-date: /home/ubuntuuser/ros2_ws/install/crazyflie_interfaces/include/crazyflie_interfaces/crazyflie_interfaces/srv/detail/notify_setpoints_stop__type_support.hpp
[1.885s] -- Up-to-date: /home/ubuntuuser/ros2_ws/install/crazyflie_interfaces/include/crazyflie_interfaces/crazyflie_interfaces/srv/detail/land__struct.hpp
[1.885s] -- Up-to-date: /home/ubuntuuser/ros2_ws/install/crazyflie_interfaces/include/crazyflie_interfaces/crazyflie_interfaces/srv/detail/notify_setpoints_stop__struct.hpp
[1.886s] -- Up-to-date: /home/ubuntuuser/ros2_ws/install/crazyflie_interfaces/include/crazyflie_interfaces/crazyflie_interfaces/srv/detail/upload_trajectory__type_support.hpp
[1.886s] -- Up-to-date: /home/ubuntuuser/ros2_ws/install/crazyflie_interfaces/include/crazyflie_interfaces/crazyflie_interfaces/srv/detail/land__builder.hpp
[1.886s] -- Up-to-date: /home/ubuntuuser/ros2_ws/install/crazyflie_interfaces/include/crazyflie_interfaces/crazyflie_interfaces/srv/detail/set_group_mask__traits.hpp
[1.886s] -- Up-to-date: /home/ubuntuuser/ros2_ws/install/crazyflie_interfaces/include/crazyflie_interfaces/crazyflie_interfaces/srv/detail/stop__traits.hpp
[1.886s] -- Up-to-date: /home/ubuntuuser/ros2_ws/install/crazyflie_interfaces/include/crazyflie_interfaces/crazyflie_interfaces/srv/detail/add_logging__traits.hpp
[1.886s] -- Up-to-date: /home/ubuntuuser/ros2_ws/install/crazyflie_interfaces/include/crazyflie_interfaces/crazyflie_interfaces/srv/detail/takeoff__builder.hpp
[1.886s] -- Up-to-date: /home/ubuntuuser/ros2_ws/install/crazyflie_interfaces/include/crazyflie_interfaces/crazyflie_interfaces/srv/detail/arm__type_support.hpp
[1.890s] -- Up-to-date: /home/ubuntuuser/ros2_ws/install/crazyflie_interfaces/include/crazyflie_interfaces/crazyflie_interfaces/srv/detail/upload_trajectory__traits.hpp
[1.890s] -- Up-to-date: /home/ubuntuuser/ros2_ws/install/crazyflie_interfaces/include/crazyflie_interfaces/crazyflie_interfaces/srv/detail/remove_logging__struct.hpp
[1.891s] -- Up-to-date: /home/ubuntuuser/ros2_ws/install/crazyflie_interfaces/include/crazyflie_interfaces/crazyflie_interfaces/srv/detail/start_trajectory__traits.hpp
[1.891s] -- Up-to-date: /home/ubuntuuser/ros2_ws/install/crazyflie_interfaces/include/crazyflie_interfaces/crazyflie_interfaces/srv/detail/go_to__type_support.hpp
[1.891s] -- Up-to-date: /home/ubuntuuser/ros2_ws/install/crazyflie_interfaces/include/crazyflie_interfaces/crazyflie_interfaces/srv/detail/add_logging__type_support.hpp
[1.891s] -- Up-to-date: /home/ubuntuuser/ros2_ws/install/crazyflie_interfaces/include/crazyflie_interfaces/crazyflie_interfaces/srv/detail/land__traits.hpp
[1.891s] -- Up-to-date: /home/ubuntuuser/ros2_ws/install/crazyflie_interfaces/include/crazyflie_interfaces/crazyflie_interfaces/srv/detail/set_group_mask__builder.hpp
[1.891s] -- Up-to-date: /home/ubuntuuser/ros2_ws/install/crazyflie_interfaces/include/crazyflie_interfaces/crazyflie_interfaces/srv/detail/takeoff__struct.hpp
[1.891s] -- Up-to-date: /home/ubuntuuser/ros2_ws/install/crazyflie_interfaces/include/crazyflie_interfaces/crazyflie_interfaces/srv/detail/set_group_mask__struct.hpp
[1.891s] -- Up-to-date: /home/ubuntuuser/ros2_ws/install/crazyflie_interfaces/include/crazyflie_interfaces/crazyflie_interfaces/srv/detail/arm__struct.hpp
[1.892s] -- Up-to-date: /home/ubuntuuser/ros2_ws/install/crazyflie_interfaces/include/crazyflie_interfaces/crazyflie_interfaces/srv/detail/go_to__builder.hpp
[1.892s] -- Up-to-date: /home/ubuntuuser/ros2_ws/install/crazyflie_interfaces/include/crazyflie_interfaces/crazyflie_interfaces/srv/detail/go_to__struct.hpp
[1.892s] -- Up-to-date: /home/ubuntuuser/ros2_ws/install/crazyflie_interfaces/include/crazyflie_interfaces/crazyflie_interfaces/srv/detail/land__type_support.hpp
[1.892s] -- Up-to-date: /home/ubuntuuser/ros2_ws/install/crazyflie_interfaces/include/crazyflie_interfaces/crazyflie_interfaces/srv/detail/notify_setpoints_stop__builder.hpp
[1.892s] -- Up-to-date: /home/ubuntuuser/ros2_ws/install/crazyflie_interfaces/include/crazyflie_interfaces/crazyflie_interfaces/srv/detail/notify_setpoints_stop__traits.hpp
[1.892s] -- Up-to-date: /home/ubuntuuser/ros2_ws/install/crazyflie_interfaces/include/crazyflie_interfaces/crazyflie_interfaces/srv/detail/update_params__type_support.hpp
[1.892s] -- Up-to-date: /home/ubuntuuser/ros2_ws/install/crazyflie_interfaces/include/crazyflie_interfaces/crazyflie_interfaces/srv/detail/takeoff__traits.hpp
[1.892s] -- Up-to-date: /home/ubuntuuser/ros2_ws/install/crazyflie_interfaces/include/crazyflie_interfaces/crazyflie_interfaces/srv/detail/arm__builder.hpp
[1.892s] -- Up-to-date: /home/ubuntuuser/ros2_ws/install/crazyflie_interfaces/include/crazyflie_interfaces/crazyflie_interfaces/srv/detail/start_trajectory__type_support.hpp
[1.894s] -- Up-to-date: /home/ubuntuuser/ros2_ws/install/crazyflie_interfaces/include/crazyflie_interfaces/crazyflie_interfaces/srv/detail/add_logging__struct.hpp
[1.894s] -- Up-to-date: /home/ubuntuuser/ros2_ws/install/crazyflie_interfaces/include/crazyflie_interfaces/crazyflie_interfaces/srv/detail/upload_trajectory__struct.hpp
[1.895s] -- Up-to-date: /home/ubuntuuser/ros2_ws/install/crazyflie_interfaces/include/crazyflie_interfaces/crazyflie_interfaces/srv/detail/remove_logging__type_support.hpp
[1.895s] -- Up-to-date: /home/ubuntuuser/ros2_ws/install/crazyflie_interfaces/include/crazyflie_interfaces/crazyflie_interfaces/srv/detail/update_params__struct.hpp
[1.895s] -- Up-to-date: /home/ubuntuuser/ros2_ws/install/crazyflie_interfaces/include/crazyflie_interfaces/crazyflie_interfaces/srv/detail/takeoff__type_support.hpp
[1.895s] -- Up-to-date: /home/ubuntuuser/ros2_ws/install/crazyflie_interfaces/include/crazyflie_interfaces/crazyflie_interfaces/srv/detail/upload_trajectory__builder.hpp
[1.895s] -- Up-to-date: /home/ubuntuuser/ros2_ws/install/crazyflie_interfaces/include/crazyflie_interfaces/crazyflie_interfaces/srv/detail/start_trajectory__builder.hpp
[1.896s] -- Up-to-date: /home/ubuntuuser/ros2_ws/install/crazyflie_interfaces/include/crazyflie_interfaces/crazyflie_interfaces/srv/detail/update_params__builder.hpp
[1.896s] -- Up-to-date: /home/ubuntuuser/ros2_ws/install/crazyflie_interfaces/include/crazyflie_interfaces/crazyflie_interfaces/srv/detail/start_trajectory__struct.hpp
[1.896s] -- Up-to-date: /home/ubuntuuser/ros2_ws/install/crazyflie_interfaces/include/crazyflie_interfaces/crazyflie_interfaces/srv/detail/arm__traits.hpp
[1.896s] -- Up-to-date: /home/ubuntuuser/ros2_ws/install/crazyflie_interfaces/include/crazyflie_interfaces/crazyflie_interfaces/srv/detail/set_group_mask__type_support.hpp
[1.896s] -- Up-to-date: /home/ubuntuuser/ros2_ws/install/crazyflie_interfaces/include/crazyflie_interfaces/crazyflie_interfaces/srv/detail/stop__type_support.hpp
[1.896s] -- Up-to-date: /home/ubuntuuser/ros2_ws/install/crazyflie_interfaces/include/crazyflie_interfaces/crazyflie_interfaces/srv/detail/remove_logging__builder.hpp
[1.896s] -- Up-to-date: /home/ubuntuuser/ros2_ws/install/crazyflie_interfaces/include/crazyflie_interfaces/crazyflie_interfaces/srv/detail/add_logging__builder.hpp
[1.900s] -- Up-to-date: /home/ubuntuuser/ros2_ws/install/crazyflie_interfaces/include/crazyflie_interfaces/crazyflie_interfaces/srv/detail/remove_logging__traits.hpp
[1.900s] -- Up-to-date: /home/ubuntuuser/ros2_ws/install/crazyflie_interfaces/include/crazyflie_interfaces/crazyflie_interfaces/srv/detail/go_to__traits.hpp
[1.900s] -- Up-to-date: /home/ubuntuuser/ros2_ws/install/crazyflie_interfaces/include/crazyflie_interfaces/crazyflie_interfaces/srv/detail/update_params__traits.hpp
[1.900s] -- Up-to-date: /home/ubuntuuser/ros2_ws/install/crazyflie_interfaces/include/crazyflie_interfaces/crazyflie_interfaces/srv/detail/stop__struct.hpp
[1.900s] -- Up-to-date: /home/ubuntuuser/ros2_ws/install/crazyflie_interfaces/include/crazyflie_interfaces/crazyflie_interfaces/srv/notify_setpoints_stop.hpp
[1.900s] -- Up-to-date: /home/ubuntuuser/ros2_ws/install/crazyflie_interfaces/include/crazyflie_interfaces/crazyflie_interfaces/srv/stop.hpp
[1.902s] -- Up-to-date: /home/ubuntuuser/ros2_ws/install/crazyflie_interfaces/include/crazyflie_interfaces/crazyflie_interfaces/srv/takeoff.hpp
[1.902s] -- Up-to-date: /home/ubuntuuser/ros2_ws/install/crazyflie_interfaces/include/crazyflie_interfaces/crazyflie_interfaces/srv/start_trajectory.hpp
[1.902s] -- Up-to-date: /home/ubuntuuser/ros2_ws/install/crazyflie_interfaces/include/crazyflie_interfaces/crazyflie_interfaces/srv/add_logging.hpp
[1.904s] -- Up-to-date: /home/ubuntuuser/ros2_ws/install/crazyflie_interfaces/include/crazyflie_interfaces/crazyflie_interfaces/srv/land.hpp
[1.904s] -- Up-to-date: /home/ubuntuuser/ros2_ws/install/crazyflie_interfaces/include/crazyflie_interfaces/crazyflie_interfaces/srv/go_to.hpp
[1.904s] -- Up-to-date: /home/ubuntuuser/ros2_ws/install/crazyflie_interfaces/include/crazyflie_interfaces/crazyflie_interfaces/srv/remove_logging.hpp
[1.904s] -- Up-to-date: /home/ubuntuuser/ros2_ws/install/crazyflie_interfaces/include/crazyflie_interfaces/crazyflie_interfaces/srv/update_params.hpp
[1.908s] -- Up-to-date: /home/ubuntuuser/ros2_ws/install/crazyflie_interfaces/include/crazyflie_interfaces/crazyflie_interfaces/srv/set_group_mask.hpp
[1.908s] -- Up-to-date: /home/ubuntuuser/ros2_ws/install/crazyflie_interfaces/include/crazyflie_interfaces/crazyflie_interfaces/srv/arm.hpp
[1.908s] -- Up-to-date: /home/ubuntuuser/ros2_ws/install/crazyflie_interfaces/include/crazyflie_interfaces/crazyflie_interfaces/srv/upload_trajectory.hpp
[1.908s] -- Up-to-date: /home/ubuntuuser/ros2_ws/install/crazyflie_interfaces/include/crazyflie_interfaces/crazyflie_interfaces
[1.908s] -- Up-to-date: /home/ubuntuuser/ros2_ws/install/crazyflie_interfaces/include/crazyflie_interfaces/crazyflie_interfaces/msg
[1.909s] -- Up-to-date: /home/ubuntuuser/ros2_ws/install/crazyflie_interfaces/include/crazyflie_interfaces/crazyflie_interfaces/msg/detail
[1.909s] -- Up-to-date: /home/ubuntuuser/ros2_ws/install/crazyflie_interfaces/include/crazyflie_interfaces/crazyflie_interfaces/msg/detail/hover__rosidl_typesupport_fastrtps_cpp.hpp
[1.909s] -- Up-to-date: /home/ubuntuuser/ros2_ws/install/crazyflie_interfaces/include/crazyflie_interfaces/crazyflie_interfaces/msg/detail/trajectory_polynomial_piece__rosidl_typesupport_fastrtps_cpp.hpp
[1.909s] -- Up-to-date: /home/ubuntuuser/ros2_ws/install/crazyflie_interfaces/include/crazyflie_interfaces/crazyflie_interfaces/msg/detail/velocity_world__rosidl_typesupport_fastrtps_cpp.hpp
[1.909s] -- Up-to-date: /home/ubuntuuser/ros2_ws/install/crazyflie_interfaces/include/crazyflie_interfaces/crazyflie_interfaces/msg/detail/full_state__rosidl_typesupport_fastrtps_cpp.hpp
[1.909s] -- Up-to-date: /home/ubuntuuser/ros2_ws/install/crazyflie_interfaces/include/crazyflie_interfaces/crazyflie_interfaces/msg/detail/status__rosidl_typesupport_fastrtps_cpp.hpp
[1.910s] -- Up-to-date: /home/ubuntuuser/ros2_ws/install/crazyflie_interfaces/include/crazyflie_interfaces/crazyflie_interfaces/msg/detail/connection_statistics_array__rosidl_typesupport_fastrtps_cpp.hpp
[1.910s] -- Up-to-date: /home/ubuntuuser/ros2_ws/install/crazyflie_interfaces/include/crazyflie_interfaces/crazyflie_interfaces/msg/detail/log_data_generic__rosidl_typesupport_fastrtps_cpp.hpp
[1.910s] -- Up-to-date: /home/ubuntuuser/ros2_ws/install/crazyflie_interfaces/include/crazyflie_interfaces/crazyflie_interfaces/msg/detail/log_block__rosidl_typesupport_fastrtps_cpp.hpp
[1.910s] -- Up-to-date: /home/ubuntuuser/ros2_ws/install/crazyflie_interfaces/include/crazyflie_interfaces/crazyflie_interfaces/msg/detail/connection_statistics__rosidl_typesupport_fastrtps_cpp.hpp
[1.910s] -- Up-to-date: /home/ubuntuuser/ros2_ws/install/crazyflie_interfaces/include/crazyflie_interfaces/crazyflie_interfaces/msg/detail/dds_fastrtps
[1.910s] -- Up-to-date: /home/ubuntuuser/ros2_ws/install/crazyflie_interfaces/include/crazyflie_interfaces/crazyflie_interfaces/msg/detail/position__rosidl_typesupport_fastrtps_cpp.hpp
[1.910s] -- Up-to-date: /home/ubuntuuser/ros2_ws/install/crazyflie_interfaces/include/crazyflie_interfaces/crazyflie_interfaces/msg/rosidl_typesupport_fastrtps_cpp__visibility_control.h
[1.914s] -- Up-to-date: /home/ubuntuuser/ros2_ws/install/crazyflie_interfaces/include/crazyflie_interfaces/crazyflie_interfaces/srv
[1.914s] -- Up-to-date: /home/ubuntuuser/ros2_ws/install/crazyflie_interfaces/include/crazyflie_interfaces/crazyflie_interfaces/srv/detail
[1.915s] -- Up-to-date: /home/ubuntuuser/ros2_ws/install/crazyflie_interfaces/include/crazyflie_interfaces/crazyflie_interfaces/srv/detail/notify_setpoints_stop__rosidl_typesupport_fastrtps_cpp.hpp
[1.917s] -- Up-to-date: /home/ubuntuuser/ros2_ws/install/crazyflie_interfaces/include/crazyflie_interfaces/crazyflie_interfaces/srv/detail/land__rosidl_typesupport_fastrtps_cpp.hpp
[1.917s] -- Up-to-date: /home/ubuntuuser/ros2_ws/install/crazyflie_interfaces/include/crazyflie_interfaces/crazyflie_interfaces/srv/detail/update_params__rosidl_typesupport_fastrtps_cpp.hpp
[1.918s] -- Up-to-date: /home/ubuntuuser/ros2_ws/install/crazyflie_interfaces/include/crazyflie_interfaces/crazyflie_interfaces/srv/detail/set_group_mask__rosidl_typesupport_fastrtps_cpp.hpp
[1.918s] -- Up-to-date: /home/ubuntuuser/ros2_ws/install/crazyflie_interfaces/include/crazyflie_interfaces/crazyflie_interfaces/srv/detail/go_to__rosidl_typesupport_fastrtps_cpp.hpp
[1.918s] -- Up-to-date: /home/ubuntuuser/ros2_ws/install/crazyflie_interfaces/include/crazyflie_interfaces/crazyflie_interfaces/srv/detail/arm__rosidl_typesupport_fastrtps_cpp.hpp
[1.919s] -- Up-to-date: /home/ubuntuuser/ros2_ws/install/crazyflie_interfaces/include/crazyflie_interfaces/crazyflie_interfaces/srv/detail/remove_logging__rosidl_typesupport_fastrtps_cpp.hpp
[1.919s] -- Up-to-date: /home/ubuntuuser/ros2_ws/install/crazyflie_interfaces/include/crazyflie_interfaces/crazyflie_interfaces/srv/detail/stop__rosidl_typesupport_fastrtps_cpp.hpp
[1.923s] -- Up-to-date: /home/ubuntuuser/ros2_ws/install/crazyflie_interfaces/include/crazyflie_interfaces/crazyflie_interfaces/srv/detail/add_logging__rosidl_typesupport_fastrtps_cpp.hpp
[1.923s] -- Up-to-date: /home/ubuntuuser/ros2_ws/install/crazyflie_interfaces/include/crazyflie_interfaces/crazyflie_interfaces/srv/detail/upload_trajectory__rosidl_typesupport_fastrtps_cpp.hpp
[1.923s] -- Up-to-date: /home/ubuntuuser/ros2_ws/install/crazyflie_interfaces/include/crazyflie_interfaces/crazyflie_interfaces/srv/detail/dds_fastrtps
[1.923s] -- Up-to-date: /home/ubuntuuser/ros2_ws/install/crazyflie_interfaces/include/crazyflie_interfaces/crazyflie_interfaces/srv/detail/takeoff__rosidl_typesupport_fastrtps_cpp.hpp
[1.923s] -- Up-to-date: /home/ubuntuuser/ros2_ws/install/crazyflie_interfaces/include/crazyflie_interfaces/crazyflie_interfaces/srv/detail/start_trajectory__rosidl_typesupport_fastrtps_cpp.hpp
[1.924s] -- Up-to-date: /home/ubuntuuser/ros2_ws/install/crazyflie_interfaces/lib/libcrazyflie_interfaces__rosidl_typesupport_fastrtps_cpp.so
[1.924s] -- Up-to-date: /home/ubuntuuser/ros2_ws/install/crazyflie_interfaces/include/crazyflie_interfaces/crazyflie_interfaces
[1.924s] -- Up-to-date: /home/ubuntuuser/ros2_ws/install/crazyflie_interfaces/include/crazyflie_interfaces/crazyflie_interfaces/msg
[1.924s] -- Up-to-date: /home/ubuntuuser/ros2_ws/install/crazyflie_interfaces/include/crazyflie_interfaces/crazyflie_interfaces/msg/detail
[1.924s] -- Installing: /home/ubuntuuser/ros2_ws/install/crazyflie_interfaces/include/crazyflie_interfaces/crazyflie_interfaces/msg/detail/velocity_world__type_support.c
[1.924s] -- Up-to-date: /home/ubuntuuser/ros2_ws/install/crazyflie_interfaces/include/crazyflie_interfaces/crazyflie_interfaces/msg/detail/full_state__rosidl_typesupport_introspection_c.h
[1.926s] -- Up-to-date: /home/ubuntuuser/ros2_ws/install/crazyflie_interfaces/include/crazyflie_interfaces/crazyflie_interfaces/msg/detail/position__rosidl_typesupport_introspection_c.h
[1.926s] -- Installing: /home/ubuntuuser/ros2_ws/install/crazyflie_interfaces/include/crazyflie_interfaces/crazyflie_interfaces/msg/detail/log_block__type_support.c
[1.928s] -- Up-to-date: /home/ubuntuuser/ros2_ws/install/crazyflie_interfaces/include/crazyflie_interfaces/crazyflie_interfaces/msg/detail/velocity_world__rosidl_typesupport_introspection_c.h
[1.928s] -- Up-to-date: /home/ubuntuuser/ros2_ws/install/crazyflie_interfaces/include/crazyflie_interfaces/crazyflie_interfaces/msg/detail/connection_statistics_array__rosidl_typesupport_introspection_c.h
[1.928s] -- Installing: /home/ubuntuuser/ros2_ws/install/crazyflie_interfaces/include/crazyflie_interfaces/crazyflie_interfaces/msg/detail/connection_statistics_array__type_support.c
[1.928s] -- Up-to-date: /home/ubuntuuser/ros2_ws/install/crazyflie_interfaces/include/crazyflie_interfaces/crazyflie_interfaces/msg/detail/log_block__rosidl_typesupport_introspection_c.h
[1.928s] -- Up-to-date: /home/ubuntuuser/ros2_ws/install/crazyflie_interfaces/include/crazyflie_interfaces/crazyflie_interfaces/msg/detail/trajectory_polynomial_piece__rosidl_typesupport_introspection_c.h
[1.929s] -- Up-to-date: /home/ubuntuuser/ros2_ws/install/crazyflie_interfaces/include/crazyflie_interfaces/crazyflie_interfaces/msg/detail/connection_statistics__rosidl_typesupport_introspection_c.h
[1.929s] -- Installing: /home/ubuntuuser/ros2_ws/install/crazyflie_interfaces/include/crazyflie_interfaces/crazyflie_interfaces/msg/detail/status__type_support.c
[1.929s] -- Up-to-date: /home/ubuntuuser/ros2_ws/install/crazyflie_interfaces/include/crazyflie_interfaces/crazyflie_interfaces/msg/detail/hover__rosidl_typesupport_introspection_c.h
[1.932s] -- Installing: /home/ubuntuuser/ros2_ws/install/crazyflie_interfaces/include/crazyflie_interfaces/crazyflie_interfaces/msg/detail/full_state__type_support.c
[1.932s] -- Up-to-date: /home/ubuntuuser/ros2_ws/install/crazyflie_interfaces/include/crazyflie_interfaces/crazyflie_interfaces/msg/detail/log_data_generic__rosidl_typesupport_introspection_c.h
[1.932s] -- Installing: /home/ubuntuuser/ros2_ws/install/crazyflie_interfaces/include/crazyflie_interfaces/crazyflie_interfaces/msg/detail/log_data_generic__type_support.c
[1.932s] -- Installing: /home/ubuntuuser/ros2_ws/install/crazyflie_interfaces/include/crazyflie_interfaces/crazyflie_interfaces/msg/detail/trajectory_polynomial_piece__type_support.c
[1.932s] -- Installing: /home/ubuntuuser/ros2_ws/install/crazyflie_interfaces/include/crazyflie_interfaces/crazyflie_interfaces/msg/detail/hover__type_support.c
[1.933s] -- Installing: /home/ubuntuuser/ros2_ws/install/crazyflie_interfaces/include/crazyflie_interfaces/crazyflie_interfaces/msg/detail/connection_statistics__type_support.c
[1.933s] -- Installing: /home/ubuntuuser/ros2_ws/install/crazyflie_interfaces/include/crazyflie_interfaces/crazyflie_interfaces/msg/detail/position__type_support.c
[1.933s] -- Up-to-date: /home/ubuntuuser/ros2_ws/install/crazyflie_interfaces/include/crazyflie_interfaces/crazyflie_interfaces/msg/detail/status__rosidl_typesupport_introspection_c.h
[1.933s] -- Up-to-date: /home/ubuntuuser/ros2_ws/install/crazyflie_interfaces/include/crazyflie_interfaces/crazyflie_interfaces/msg/rosidl_typesupport_introspection_c__visibility_control.h
[1.933s] -- Up-to-date: /home/ubuntuuser/ros2_ws/install/crazyflie_interfaces/include/crazyflie_interfaces/crazyflie_interfaces/srv
[1.933s] -- Up-to-date: /home/ubuntuuser/ros2_ws/install/crazyflie_interfaces/include/crazyflie_interfaces/crazyflie_interfaces/srv/detail
[1.933s] -- Installing: /home/ubuntuuser/ros2_ws/install/crazyflie_interfaces/include/crazyflie_interfaces/crazyflie_interfaces/srv/detail/update_params__type_support.c
[1.937s] -- Installing: /home/ubuntuuser/ros2_ws/install/crazyflie_interfaces/include/crazyflie_interfaces/crazyflie_interfaces/srv/detail/add_logging__type_support.c
[1.937s] -- Installing: /home/ubuntuuser/ros2_ws/install/crazyflie_interfaces/include/crazyflie_interfaces/crazyflie_interfaces/srv/detail/start_trajectory__type_support.c
[1.937s] -- Up-to-date: /home/ubuntuuser/ros2_ws/install/crazyflie_interfaces/include/crazyflie_interfaces/crazyflie_interfaces/srv/detail/takeoff__rosidl_typesupport_introspection_c.h
[1.937s] -- Up-to-date: /home/ubuntuuser/ros2_ws/install/crazyflie_interfaces/include/crazyflie_interfaces/crazyflie_interfaces/srv/detail/add_logging__rosidl_typesupport_introspection_c.h
[1.938s] -- Installing: /home/ubuntuuser/ros2_ws/install/crazyflie_interfaces/include/crazyflie_interfaces/crazyflie_interfaces/srv/detail/land__type_support.c
[1.938s] -- Installing: /home/ubuntuuser/ros2_ws/install/crazyflie_interfaces/include/crazyflie_interfaces/crazyflie_interfaces/srv/detail/remove_logging__type_support.c
[1.938s] -- Installing: /home/ubuntuuser/ros2_ws/install/crazyflie_interfaces/include/crazyflie_interfaces/crazyflie_interfaces/srv/detail/arm__type_support.c
[1.938s] -- Installing: /home/ubuntuuser/ros2_ws/install/crazyflie_interfaces/include/crazyflie_interfaces/crazyflie_interfaces/srv/detail/stop__type_support.c
[1.939s] -- Installing: /home/ubuntuuser/ros2_ws/install/crazyflie_interfaces/include/crazyflie_interfaces/crazyflie_interfaces/srv/detail/go_to__type_support.c
[1.941s] -- Up-to-date: /home/ubuntuuser/ros2_ws/install/crazyflie_interfaces/include/crazyflie_interfaces/crazyflie_interfaces/srv/detail/notify_setpoints_stop__rosidl_typesupport_introspection_c.h
[1.941s] -- Installing: /home/ubuntuuser/ros2_ws/install/crazyflie_interfaces/include/crazyflie_interfaces/crazyflie_interfaces/srv/detail/notify_setpoints_stop__type_support.c
[1.941s] -- Up-to-date: /home/ubuntuuser/ros2_ws/install/crazyflie_interfaces/include/crazyflie_interfaces/crazyflie_interfaces/srv/detail/stop__rosidl_typesupport_introspection_c.h
[1.941s] -- Installing: /home/ubuntuuser/ros2_ws/install/crazyflie_interfaces/include/crazyflie_interfaces/crazyflie_interfaces/srv/detail/takeoff__type_support.c
[1.941s] -- Up-to-date: /home/ubuntuuser/ros2_ws/install/crazyflie_interfaces/include/crazyflie_interfaces/crazyflie_interfaces/srv/detail/update_params__rosidl_typesupport_introspection_c.h
[1.941s] -- Up-to-date: /home/ubuntuuser/ros2_ws/install/crazyflie_interfaces/include/crazyflie_interfaces/crazyflie_interfaces/srv/detail/upload_trajectory__rosidl_typesupport_introspection_c.h
[1.941s] -- Up-to-date: /home/ubuntuuser/ros2_ws/install/crazyflie_interfaces/include/crazyflie_interfaces/crazyflie_interfaces/srv/detail/arm__rosidl_typesupport_introspection_c.h
[1.942s] -- Up-to-date: /home/ubuntuuser/ros2_ws/install/crazyflie_interfaces/include/crazyflie_interfaces/crazyflie_interfaces/srv/detail/land__rosidl_typesupport_introspection_c.h
[1.942s] -- Installing: /home/ubuntuuser/ros2_ws/install/crazyflie_interfaces/include/crazyflie_interfaces/crazyflie_interfaces/srv/detail/upload_trajectory__type_support.c
[1.942s] -- Up-to-date: /home/ubuntuuser/ros2_ws/install/crazyflie_interfaces/include/crazyflie_interfaces/crazyflie_interfaces/srv/detail/remove_logging__rosidl_typesupport_introspection_c.h
[1.942s] -- Up-to-date: /home/ubuntuuser/ros2_ws/install/crazyflie_interfaces/include/crazyflie_interfaces/crazyflie_interfaces/srv/detail/go_to__rosidl_typesupport_introspection_c.h
[1.942s] -- Installing: /home/ubuntuuser/ros2_ws/install/crazyflie_interfaces/include/crazyflie_interfaces/crazyflie_interfaces/srv/detail/set_group_mask__type_support.c
[1.942s] -- Up-to-date: /home/ubuntuuser/ros2_ws/install/crazyflie_interfaces/include/crazyflie_interfaces/crazyflie_interfaces/srv/detail/start_trajectory__rosidl_typesupport_introspection_c.h
[1.943s] -- Up-to-date: /home/ubuntuuser/ros2_ws/install/crazyflie_interfaces/include/crazyflie_interfaces/crazyflie_interfaces/srv/detail/set_group_mask__rosidl_typesupport_introspection_c.h
[1.943s] -- Up-to-date: /home/ubuntuuser/ros2_ws/install/crazyflie_interfaces/lib/libcrazyflie_interfaces__rosidl_typesupport_introspection_c.so
[1.943s] -- Up-to-date: /home/ubuntuuser/ros2_ws/install/crazyflie_interfaces/lib/libcrazyflie_interfaces__rosidl_typesupport_c.so
[1.953s] -- Up-to-date: /home/ubuntuuser/ros2_ws/install/crazyflie_interfaces/include/crazyflie_interfaces/crazyflie_interfaces
[1.953s] -- Up-to-date: /home/ubuntuuser/ros2_ws/install/crazyflie_interfaces/include/crazyflie_interfaces/crazyflie_interfaces/msg
[1.953s] -- Up-to-date: /home/ubuntuuser/ros2_ws/install/crazyflie_interfaces/include/crazyflie_interfaces/crazyflie_interfaces/msg/detail
[1.953s] -- Up-to-date: /home/ubuntuuser/ros2_ws/install/crazyflie_interfaces/include/crazyflie_interfaces/crazyflie_interfaces/msg/detail/log_block__rosidl_typesupport_introspection_cpp.hpp
[1.953s] -- Up-to-date: /home/ubuntuuser/ros2_ws/install/crazyflie_interfaces/include/crazyflie_interfaces/crazyflie_interfaces/msg/detail/full_state__rosidl_typesupport_introspection_cpp.hpp
[1.953s] -- Up-to-date: /home/ubuntuuser/ros2_ws/install/crazyflie_interfaces/include/crazyflie_interfaces/crazyflie_interfaces/msg/detail/status__rosidl_typesupport_introspection_cpp.hpp
[1.956s] -- Up-to-date: /home/ubuntuuser/ros2_ws/install/crazyflie_interfaces/include/crazyflie_interfaces/crazyflie_interfaces/msg/detail/trajectory_polynomial_piece__type_support.cpp
[1.956s] -- Up-to-date: /home/ubuntuuser/ros2_ws/install/crazyflie_interfaces/include/crazyflie_interfaces/crazyflie_interfaces/msg/detail/hover__type_support.cpp
[1.956s] -- Up-to-date: /home/ubuntuuser/ros2_ws/install/crazyflie_interfaces/include/crazyflie_interfaces/crazyflie_interfaces/msg/detail/status__type_support.cpp
[1.957s] -- Up-to-date: /home/ubuntuuser/ros2_ws/install/crazyflie_interfaces/include/crazyflie_interfaces/crazyflie_interfaces/msg/detail/connection_statistics_array__type_support.cpp
[1.957s] -- Up-to-date: /home/ubuntuuser/ros2_ws/install/crazyflie_interfaces/include/crazyflie_interfaces/crazyflie_interfaces/msg/detail/log_data_generic__type_support.cpp
[1.957s] -- Up-to-date: /home/ubuntuuser/ros2_ws/install/crazyflie_interfaces/include/crazyflie_interfaces/crazyflie_interfaces/msg/detail/full_state__type_support.cpp
[1.957s] -- Up-to-date: /home/ubuntuuser/ros2_ws/install/crazyflie_interfaces/include/crazyflie_interfaces/crazyflie_interfaces/msg/detail/connection_statistics__rosidl_typesupport_introspection_cpp.hpp
[1.957s] -- Up-to-date: /home/ubuntuuser/ros2_ws/install/crazyflie_interfaces/include/crazyflie_interfaces/crazyflie_interfaces/msg/detail/trajectory_polynomial_piece__rosidl_typesupport_introspection_cpp.hpp
[1.957s] -- Up-to-date: /home/ubuntuuser/ros2_ws/install/crazyflie_interfaces/include/crazyflie_interfaces/crazyflie_interfaces/msg/detail/connection_statistics__type_support.cpp
[1.957s] -- Up-to-date: /home/ubuntuuser/ros2_ws/install/crazyflie_interfaces/include/crazyflie_interfaces/crazyflie_interfaces/msg/detail/position__type_support.cpp
[1.957s] -- Up-to-date: /home/ubuntuuser/ros2_ws/install/crazyflie_interfaces/include/crazyflie_interfaces/crazyflie_interfaces/msg/detail/connection_statistics_array__rosidl_typesupport_introspection_cpp.hpp
[1.958s] -- Up-to-date: /home/ubuntuuser/ros2_ws/install/crazyflie_interfaces/include/crazyflie_interfaces/crazyflie_interfaces/msg/detail/hover__rosidl_typesupport_introspection_cpp.hpp
[1.958s] -- Up-to-date: /home/ubuntuuser/ros2_ws/install/crazyflie_interfaces/include/crazyflie_interfaces/crazyflie_interfaces/msg/detail/log_block__type_support.cpp
[1.958s] -- Up-to-date: /home/ubuntuuser/ros2_ws/install/crazyflie_interfaces/include/crazyflie_interfaces/crazyflie_interfaces/msg/detail/log_data_generic__rosidl_typesupport_introspection_cpp.hpp
[1.958s] -- Up-to-date: /home/ubuntuuser/ros2_ws/install/crazyflie_interfaces/include/crazyflie_interfaces/crazyflie_interfaces/msg/detail/position__rosidl_typesupport_introspection_cpp.hpp
[1.958s] -- Up-to-date: /home/ubuntuuser/ros2_ws/install/crazyflie_interfaces/include/crazyflie_interfaces/crazyflie_interfaces/msg/detail/velocity_world__rosidl_typesupport_introspection_cpp.hpp
[1.962s] -- Up-to-date: /home/ubuntuuser/ros2_ws/install/crazyflie_interfaces/include/crazyflie_interfaces/crazyflie_interfaces/msg/detail/velocity_world__type_support.cpp
[1.962s] -- Up-to-date: /home/ubuntuuser/ros2_ws/install/crazyflie_interfaces/include/crazyflie_interfaces/crazyflie_interfaces/srv
[1.963s] -- Up-to-date: /home/ubuntuuser/ros2_ws/install/crazyflie_interfaces/include/crazyflie_interfaces/crazyflie_interfaces/srv/detail
[1.963s] -- Up-to-date: /home/ubuntuuser/ros2_ws/install/crazyflie_interfaces/include/crazyflie_interfaces/crazyflie_interfaces/srv/detail/arm__rosidl_typesupport_introspection_cpp.hpp
[1.963s] -- Up-to-date: /home/ubuntuuser/ros2_ws/install/crazyflie_interfaces/include/crazyflie_interfaces/crazyflie_interfaces/srv/detail/notify_setpoints_stop__rosidl_typesupport_introspection_cpp.hpp
[1.963s] -- Up-to-date: /home/ubuntuuser/ros2_ws/install/crazyflie_interfaces/include/crazyflie_interfaces/crazyflie_interfaces/srv/detail/upload_trajectory__type_support.cpp
[1.963s] -- Up-to-date: /home/ubuntuuser/ros2_ws/install/crazyflie_interfaces/include/crazyflie_interfaces/crazyflie_interfaces/srv/detail/arm__type_support.cpp
[1.963s] -- Up-to-date: /home/ubuntuuser/ros2_ws/install/crazyflie_interfaces/include/crazyflie_interfaces/crazyflie_interfaces/srv/detail/takeoff__type_support.cpp
[1.963s] -- Up-to-date: /home/ubuntuuser/ros2_ws/install/crazyflie_interfaces/include/crazyflie_interfaces/crazyflie_interfaces/srv/detail/go_to__rosidl_typesupport_introspection_cpp.hpp
[1.964s] -- Up-to-date: /home/ubuntuuser/ros2_ws/install/crazyflie_interfaces/include/crazyflie_interfaces/crazyflie_interfaces/srv/detail/set_group_mask__type_support.cpp
[1.964s] -- Up-to-date: /home/ubuntuuser/ros2_ws/install/crazyflie_interfaces/include/crazyflie_interfaces/crazyflie_interfaces/srv/detail/add_logging__type_support.cpp
[1.964s] -- Up-to-date: /home/ubuntuuser/ros2_ws/install/crazyflie_interfaces/include/crazyflie_interfaces/crazyflie_interfaces/srv/detail/land__type_support.cpp
[1.964s] -- Up-to-date: /home/ubuntuuser/ros2_ws/install/crazyflie_interfaces/include/crazyflie_interfaces/crazyflie_interfaces/srv/detail/set_group_mask__rosidl_typesupport_introspection_cpp.hpp
[1.964s] -- Up-to-date: /home/ubuntuuser/ros2_ws/install/crazyflie_interfaces/include/crazyflie_interfaces/crazyflie_interfaces/srv/detail/add_logging__rosidl_typesupport_introspection_cpp.hpp
[1.964s] -- Up-to-date: /home/ubuntuuser/ros2_ws/install/crazyflie_interfaces/include/crazyflie_interfaces/crazyflie_interfaces/srv/detail/go_to__type_support.cpp
[1.968s] -- Up-to-date: /home/ubuntuuser/ros2_ws/install/crazyflie_interfaces/include/crazyflie_interfaces/crazyflie_interfaces/srv/detail/notify_setpoints_stop__type_support.cpp
[1.968s] -- Up-to-date: /home/ubuntuuser/ros2_ws/install/crazyflie_interfaces/include/crazyflie_interfaces/crazyflie_interfaces/srv/detail/takeoff__rosidl_typesupport_introspection_cpp.hpp
[1.969s] -- Up-to-date: /home/ubuntuuser/ros2_ws/install/crazyflie_interfaces/include/crazyflie_interfaces/crazyflie_interfaces/srv/detail/remove_logging__type_support.cpp
[1.969s] -- Up-to-date: /home/ubuntuuser/ros2_ws/install/crazyflie_interfaces/include/crazyflie_interfaces/crazyflie_interfaces/srv/detail/stop__type_support.cpp
[1.969s] -- Up-to-date: /home/ubuntuuser/ros2_ws/install/crazyflie_interfaces/include/crazyflie_interfaces/crazyflie_interfaces/srv/detail/upload_trajectory__rosidl_typesupport_introspection_cpp.hpp
[1.969s] -- Up-to-date: /home/ubuntuuser/ros2_ws/install/crazyflie_interfaces/include/crazyflie_interfaces/crazyflie_interfaces/srv/detail/remove_logging__rosidl_typesupport_introspection_cpp.hpp
[1.969s] -- Up-to-date: /home/ubuntuuser/ros2_ws/install/crazyflie_interfaces/include/crazyflie_interfaces/crazyflie_interfaces/srv/detail/start_trajectory__rosidl_typesupport_introspection_cpp.hpp
[1.971s] -- Up-to-date: /home/ubuntuuser/ros2_ws/install/crazyflie_interfaces/include/crazyflie_interfaces/crazyflie_interfaces/srv/detail/update_params__type_support.cpp
[1.971s] -- Up-to-date: /home/ubuntuuser/ros2_ws/install/crazyflie_interfaces/include/crazyflie_interfaces/crazyflie_interfaces/srv/detail/stop__rosidl_typesupport_introspection_cpp.hpp
[1.973s] -- Up-to-date: /home/ubuntuuser/ros2_ws/install/crazyflie_interfaces/include/crazyflie_interfaces/crazyflie_interfaces/srv/detail/start_trajectory__type_support.cpp
[1.973s] -- Up-to-date: /home/ubuntuuser/ros2_ws/install/crazyflie_interfaces/include/crazyflie_interfaces/crazyflie_interfaces/srv/detail/update_params__rosidl_typesupport_introspection_cpp.hpp
[1.973s] -- Up-to-date: /home/ubuntuuser/ros2_ws/install/crazyflie_interfaces/include/crazyflie_interfaces/crazyflie_interfaces/srv/detail/land__rosidl_typesupport_introspection_cpp.hpp
[1.973s] -- Up-to-date: /home/ubuntuuser/ros2_ws/install/crazyflie_interfaces/lib/libcrazyflie_interfaces__rosidl_typesupport_introspection_cpp.so
[1.973s] -- Up-to-date: /home/ubuntuuser/ros2_ws/install/crazyflie_interfaces/lib/libcrazyflie_interfaces__rosidl_typesupport_cpp.so
[1.974s] -- Up-to-date: /home/ubuntuuser/ros2_ws/install/crazyflie_interfaces/share/crazyflie_interfaces/environment/pythonpath.sh
[1.974s] -- Up-to-date: /home/ubuntuuser/ros2_ws/install/crazyflie_interfaces/share/crazyflie_interfaces/environment/pythonpath.dsv
[1.974s] -- Up-to-date: /home/ubuntuuser/ros2_ws/install/crazyflie_interfaces/lib/python3.12/site-packages/crazyflie_interfaces-1.0.3-py3.12.egg-info
[1.975s] -- Installing: /home/ubuntuuser/ros2_ws/install/crazyflie_interfaces/lib/python3.12/site-packages/crazyflie_interfaces-1.0.3-py3.12.egg-info/SOURCES.txt
[1.975s] -- Installing: /home/ubuntuuser/ros2_ws/install/crazyflie_interfaces/lib/python3.12/site-packages/crazyflie_interfaces-1.0.3-py3.12.egg-info/PKG-INFO
[1.975s] -- Installing: /home/ubuntuuser/ros2_ws/install/crazyflie_interfaces/lib/python3.12/site-packages/crazyflie_interfaces-1.0.3-py3.12.egg-info/dependency_links.txt
[1.979s] -- Installing: /home/ubuntuuser/ros2_ws/install/crazyflie_interfaces/lib/python3.12/site-packages/crazyflie_interfaces-1.0.3-py3.12.egg-info/top_level.txt
[1.980s] -- Up-to-date: /home/ubuntuuser/ros2_ws/install/crazyflie_interfaces/lib/python3.12/site-packages/crazyflie_interfaces
[1.980s] -- Up-to-date: /home/ubuntuuser/ros2_ws/install/crazyflie_interfaces/lib/python3.12/site-packages/crazyflie_interfaces/crazyflie_interfaces_s__rosidl_typesupport_c.so
[1.980s] -- Up-to-date: /home/ubuntuuser/ros2_ws/install/crazyflie_interfaces/lib/python3.12/site-packages/crazyflie_interfaces/msg
[1.980s] -- Up-to-date: /home/ubuntuuser/ros2_ws/install/crazyflie_interfaces/lib/python3.12/site-packages/crazyflie_interfaces/msg/_position.py
[1.980s] -- Up-to-date: /home/ubuntuuser/ros2_ws/install/crazyflie_interfaces/lib/python3.12/site-packages/crazyflie_interfaces/msg/_connection_statistics_array_s.c
[1.980s] -- Up-to-date: /home/ubuntuuser/ros2_ws/install/crazyflie_interfaces/lib/python3.12/site-packages/crazyflie_interfaces/msg/_log_block_s.c
[1.981s] -- Up-to-date: /home/ubuntuuser/ros2_ws/install/crazyflie_interfaces/lib/python3.12/site-packages/crazyflie_interfaces/msg/_connection_statistics_s.c
[1.981s] -- Up-to-date: /home/ubuntuuser/ros2_ws/install/crazyflie_interfaces/lib/python3.12/site-packages/crazyflie_interfaces/msg/_trajectory_polynomial_piece_s.c
[1.981s] -- Up-to-date: /home/ubuntuuser/ros2_ws/install/crazyflie_interfaces/lib/python3.12/site-packages/crazyflie_interfaces/msg/_hover.py
[1.984s] -- Up-to-date: /home/ubuntuuser/ros2_ws/install/crazyflie_interfaces/lib/python3.12/site-packages/crazyflie_interfaces/msg/__init__.py
[1.984s] -- Up-to-date: /home/ubuntuuser/ros2_ws/install/crazyflie_interfaces/lib/python3.12/site-packages/crazyflie_interfaces/msg/_log_block.py
[1.985s] -- Up-to-date: /home/ubuntuuser/ros2_ws/install/crazyflie_interfaces/lib/python3.12/site-packages/crazyflie_interfaces/msg/_velocity_world.py
[1.985s] -- Up-to-date: /home/ubuntuuser/ros2_ws/install/crazyflie_interfaces/lib/python3.12/site-packages/crazyflie_interfaces/msg/_velocity_world_s.c
[1.985s] -- Up-to-date: /home/ubuntuuser/ros2_ws/install/crazyflie_interfaces/lib/python3.12/site-packages/crazyflie_interfaces/msg/_connection_statistics_array.py
[1.985s] -- Up-to-date: /home/ubuntuuser/ros2_ws/install/crazyflie_interfaces/lib/python3.12/site-packages/crazyflie_interfaces/msg/_position_s.c
[1.985s] -- Up-to-date: /home/ubuntuuser/ros2_ws/install/crazyflie_interfaces/lib/python3.12/site-packages/crazyflie_interfaces/msg/_log_data_generic_s.c
[1.985s] -- Up-to-date: /home/ubuntuuser/ros2_ws/install/crazyflie_interfaces/lib/python3.12/site-packages/crazyflie_interfaces/msg/_status.py
[1.985s] -- Up-to-date: /home/ubuntuuser/ros2_ws/install/crazyflie_interfaces/lib/python3.12/site-packages/crazyflie_interfaces/msg/_status_s.c
[1.985s] -- Up-to-date: /home/ubuntuuser/ros2_ws/install/crazyflie_interfaces/lib/python3.12/site-packages/crazyflie_interfaces/msg/_full_state_s.c
[1.985s] -- Up-to-date: /home/ubuntuuser/ros2_ws/install/crazyflie_interfaces/lib/python3.12/site-packages/crazyflie_interfaces/msg/_log_data_generic.py
[1.986s] -- Up-to-date: /home/ubuntuuser/ros2_ws/install/crazyflie_interfaces/lib/python3.12/site-packages/crazyflie_interfaces/msg/_full_state.py
[1.986s] -- Up-to-date: /home/ubuntuuser/ros2_ws/install/crazyflie_interfaces/lib/python3.12/site-packages/crazyflie_interfaces/msg/_trajectory_polynomial_piece.py
[1.986s] -- Up-to-date: /home/ubuntuuser/ros2_ws/install/crazyflie_interfaces/lib/python3.12/site-packages/crazyflie_interfaces/msg/_connection_statistics.py
[1.986s] -- Up-to-date: /home/ubuntuuser/ros2_ws/install/crazyflie_interfaces/lib/python3.12/site-packages/crazyflie_interfaces/msg/_hover_s.c
[1.986s] -- Up-to-date: /home/ubuntuuser/ros2_ws/install/crazyflie_interfaces/lib/python3.12/site-packages/crazyflie_interfaces/__init__.py
[1.989s] -- Up-to-date: /home/ubuntuuser/ros2_ws/install/crazyflie_interfaces/lib/python3.12/site-packages/crazyflie_interfaces/_crazyflie_interfaces_s.ep.rosidl_typesupport_introspection_c.c
[1.990s] -- Up-to-date: /home/ubuntuuser/ros2_ws/install/crazyflie_interfaces/lib/python3.12/site-packages/crazyflie_interfaces/crazyflie_interfaces_s__rosidl_typesupport_introspection_c.so
[1.990s] -- Up-to-date: /home/ubuntuuser/ros2_ws/install/crazyflie_interfaces/lib/python3.12/site-packages/crazyflie_interfaces/srv
[1.990s] -- Up-to-date: /home/ubuntuuser/ros2_ws/install/crazyflie_interfaces/lib/python3.12/site-packages/crazyflie_interfaces/srv/_notify_setpoints_stop.py
[1.990s] -- Up-to-date: /home/ubuntuuser/ros2_ws/install/crazyflie_interfaces/lib/python3.12/site-packages/crazyflie_interfaces/srv/_takeoff.py
[1.990s] -- Up-to-date: /home/ubuntuuser/ros2_ws/install/crazyflie_interfaces/lib/python3.12/site-packages/crazyflie_interfaces/srv/_start_trajectory.py
[1.990s] -- Up-to-date: /home/ubuntuuser/ros2_ws/install/crazyflie_interfaces/lib/python3.12/site-packages/crazyflie_interfaces/srv/_stop.py
[1.994s] -- Up-to-date: /home/ubuntuuser/ros2_ws/install/crazyflie_interfaces/lib/python3.12/site-packages/crazyflie_interfaces/srv/_set_group_mask_s.c
[1.994s] -- Up-to-date: /home/ubuntuuser/ros2_ws/install/crazyflie_interfaces/lib/python3.12/site-packages/crazyflie_interfaces/srv/__init__.py
[1.994s] -- Up-to-date: /home/ubuntuuser/ros2_ws/install/crazyflie_interfaces/lib/python3.12/site-packages/crazyflie_interfaces/srv/_go_to_s.c
[1.995s] -- Up-to-date: /home/ubuntuuser/ros2_ws/install/crazyflie_interfaces/lib/python3.12/site-packages/crazyflie_interfaces/srv/_takeoff_s.c
[1.995s] -- Up-to-date: /home/ubuntuuser/ros2_ws/install/crazyflie_interfaces/lib/python3.12/site-packages/crazyflie_interfaces/srv/_remove_logging.py
[1.995s] -- Up-to-date: /home/ubuntuuser/ros2_ws/install/crazyflie_interfaces/lib/python3.12/site-packages/crazyflie_interfaces/srv/_go_to.py
[1.995s] -- Up-to-date: /home/ubuntuuser/ros2_ws/install/crazyflie_interfaces/lib/python3.12/site-packages/crazyflie_interfaces/srv/_land_s.c
[1.995s] -- Up-to-date: /home/ubuntuuser/ros2_ws/install/crazyflie_interfaces/lib/python3.12/site-packages/crazyflie_interfaces/srv/_remove_logging_s.c
[1.995s] -- Up-to-date: /home/ubuntuuser/ros2_ws/install/crazyflie_interfaces/lib/python3.12/site-packages/crazyflie_interfaces/srv/_notify_setpoints_stop_s.c
[1.995s] -- Up-to-date: /home/ubuntuuser/ros2_ws/install/crazyflie_interfaces/lib/python3.12/site-packages/crazyflie_interfaces/srv/_arm_s.c
[1.999s] -- Up-to-date: /home/ubuntuuser/ros2_ws/install/crazyflie_interfaces/lib/python3.12/site-packages/crazyflie_interfaces/srv/_start_trajectory_s.c
[1.999s] -- Up-to-date: /home/ubuntuuser/ros2_ws/install/crazyflie_interfaces/lib/python3.12/site-packages/crazyflie_interfaces/srv/_land.py
[2.000s] -- Up-to-date: /home/ubuntuuser/ros2_ws/install/crazyflie_interfaces/lib/python3.12/site-packages/crazyflie_interfaces/srv/_stop_s.c
[2.000s] -- Up-to-date: /home/ubuntuuser/ros2_ws/install/crazyflie_interfaces/lib/python3.12/site-packages/crazyflie_interfaces/srv/_set_group_mask.py
[2.000s] -- Up-to-date: /home/ubuntuuser/ros2_ws/install/crazyflie_interfaces/lib/python3.12/site-packages/crazyflie_interfaces/srv/_update_params.py
[2.000s] -- Up-to-date: /home/ubuntuuser/ros2_ws/install/crazyflie_interfaces/lib/python3.12/site-packages/crazyflie_interfaces/srv/_arm.py
[2.001s] -- Up-to-date: /home/ubuntuuser/ros2_ws/install/crazyflie_interfaces/lib/python3.12/site-packages/crazyflie_interfaces/srv/_add_logging_s.c
[2.001s] -- Up-to-date: /home/ubuntuuser/ros2_ws/install/crazyflie_interfaces/lib/python3.12/site-packages/crazyflie_interfaces/srv/_upload_trajectory.py
[2.001s] -- Up-to-date: /home/ubuntuuser/ros2_ws/install/crazyflie_interfaces/lib/python3.12/site-packages/crazyflie_interfaces/srv/_add_logging.py
[2.001s] -- Up-to-date: /home/ubuntuuser/ros2_ws/install/crazyflie_interfaces/lib/python3.12/site-packages/crazyflie_interfaces/srv/_upload_trajectory_s.c
[2.001s] -- Up-to-date: /home/ubuntuuser/ros2_ws/install/crazyflie_interfaces/lib/python3.12/site-packages/crazyflie_interfaces/srv/_update_params_s.c
[2.001s] -- Up-to-date: /home/ubuntuuser/ros2_ws/install/crazyflie_interfaces/lib/python3.12/site-packages/crazyflie_interfaces/_crazyflie_interfaces_s.ep.rosidl_typesupport_c.c
[2.001s] -- Up-to-date: /home/ubuntuuser/ros2_ws/install/crazyflie_interfaces/lib/python3.12/site-packages/crazyflie_interfaces/_crazyflie_interfaces_s.ep.rosidl_typesupport_fastrtps_c.c
[2.001s] -- Up-to-date: /home/ubuntuuser/ros2_ws/install/crazyflie_interfaces/lib/python3.12/site-packages/crazyflie_interfaces/crazyflie_interfaces_s__rosidl_typesupport_fastrtps_c.so
[2.127s] Listing '/home/ubuntuuser/ros2_ws/install/crazyflie_interfaces/lib/python3.12/site-packages/crazyflie_interfaces'...
[2.127s] Listing '/home/ubuntuuser/ros2_ws/install/crazyflie_interfaces/lib/python3.12/site-packages/crazyflie_interfaces/msg'...
[2.127s] Listing '/home/ubuntuuser/ros2_ws/install/crazyflie_interfaces/lib/python3.12/site-packages/crazyflie_interfaces/srv'...
[2.163s] -- Up-to-date: /home/ubuntuuser/ros2_ws/install/crazyflie_interfaces/lib/python3.12/site-packages/crazyflie_interfaces/crazyflie_interfaces_s__rosidl_typesupport_fastrtps_c.so
[2.165s] -- Up-to-date: /home/ubuntuuser/ros2_ws/install/crazyflie_interfaces/lib/python3.12/site-packages/crazyflie_interfaces/crazyflie_interfaces_s__rosidl_typesupport_introspection_c.so
[2.166s] -- Up-to-date: /home/ubuntuuser/ros2_ws/install/crazyflie_interfaces/lib/python3.12/site-packages/crazyflie_interfaces/crazyflie_interfaces_s__rosidl_typesupport_c.so
[2.167s] -- Up-to-date: /home/ubuntuuser/ros2_ws/install/crazyflie_interfaces/lib/libcrazyflie_interfaces__rosidl_generator_py.so
[2.170s] -- Up-to-date: /home/ubuntuuser/ros2_ws/install/crazyflie_interfaces/share/crazyflie_interfaces/msg/ConnectionStatistics.idl
[2.170s] -- Up-to-date: /home/ubuntuuser/ros2_ws/install/crazyflie_interfaces/share/crazyflie_interfaces/msg/ConnectionStatisticsArray.idl
[2.171s] -- Up-to-date: /home/ubuntuuser/ros2_ws/install/crazyflie_interfaces/share/crazyflie_interfaces/msg/FullState.idl
[2.171s] -- Up-to-date: /home/ubuntuuser/ros2_ws/install/crazyflie_interfaces/share/crazyflie_interfaces/msg/LogDataGeneric.idl
[2.172s] -- Up-to-date: /home/ubuntuuser/ros2_ws/install/crazyflie_interfaces/share/crazyflie_interfaces/msg/Hover.idl
[2.172s] -- Up-to-date: /home/ubuntuuser/ros2_ws/install/crazyflie_interfaces/share/crazyflie_interfaces/msg/LogBlock.idl
[2.172s] -- Up-to-date: /home/ubuntuuser/ros2_ws/install/crazyflie_interfaces/share/crazyflie_interfaces/msg/Position.idl
[2.172s] -- Up-to-date: /home/ubuntuuser/ros2_ws/install/crazyflie_interfaces/share/crazyflie_interfaces/msg/Status.idl
[2.174s] -- Up-to-date: /home/ubuntuuser/ros2_ws/install/crazyflie_interfaces/share/crazyflie_interfaces/msg/TrajectoryPolynomialPiece.idl
[2.175s] -- Up-to-date: /home/ubuntuuser/ros2_ws/install/crazyflie_interfaces/share/crazyflie_interfaces/msg/VelocityWorld.idl
[2.175s] -- Up-to-date: /home/ubuntuuser/ros2_ws/install/crazyflie_interfaces/share/crazyflie_interfaces/srv/GoTo.idl
[2.176s] -- Up-to-date: /home/ubuntuuser/ros2_ws/install/crazyflie_interfaces/share/crazyflie_interfaces/srv/Land.idl
[2.176s] -- Up-to-date: /home/ubuntuuser/ros2_ws/install/crazyflie_interfaces/share/crazyflie_interfaces/srv/NotifySetpointsStop.idl
[2.177s] -- Up-to-date: /home/ubuntuuser/ros2_ws/install/crazyflie_interfaces/share/crazyflie_interfaces/srv/SetGroupMask.idl
[2.178s] -- Up-to-date: /home/ubuntuuser/ros2_ws/install/crazyflie_interfaces/share/crazyflie_interfaces/srv/StartTrajectory.idl
[2.179s] -- Up-to-date: /home/ubuntuuser/ros2_ws/install/crazyflie_interfaces/share/crazyflie_interfaces/srv/Stop.idl
[2.180s] -- Up-to-date: /home/ubuntuuser/ros2_ws/install/crazyflie_interfaces/share/crazyflie_interfaces/srv/Takeoff.idl
[2.180s] -- Up-to-date: /home/ubuntuuser/ros2_ws/install/crazyflie_interfaces/share/crazyflie_interfaces/srv/UpdateParams.idl
[2.182s] -- Up-to-date: /home/ubuntuuser/ros2_ws/install/crazyflie_interfaces/share/crazyflie_interfaces/srv/UploadTrajectory.idl
[2.182s] -- Up-to-date: /home/ubuntuuser/ros2_ws/install/crazyflie_interfaces/share/crazyflie_interfaces/srv/RemoveLogging.idl
[2.182s] -- Up-to-date: /home/ubuntuuser/ros2_ws/install/crazyflie_interfaces/share/crazyflie_interfaces/srv/AddLogging.idl
[2.182s] -- Up-to-date: /home/ubuntuuser/ros2_ws/install/crazyflie_interfaces/share/crazyflie_interfaces/srv/Arm.idl
[2.183s] -- Up-to-date: /home/ubuntuuser/ros2_ws/install/crazyflie_interfaces/share/crazyflie_interfaces/msg/ConnectionStatistics.msg
[2.183s] -- Up-to-date: /home/ubuntuuser/ros2_ws/install/crazyflie_interfaces/share/crazyflie_interfaces/msg/ConnectionStatisticsArray.msg
[2.183s] -- Up-to-date: /home/ubuntuuser/ros2_ws/install/crazyflie_interfaces/share/crazyflie_interfaces/msg/FullState.msg
[2.183s] -- Up-to-date: /home/ubuntuuser/ros2_ws/install/crazyflie_interfaces/share/crazyflie_interfaces/msg/LogDataGeneric.msg
[2.183s] -- Up-to-date: /home/ubuntuuser/ros2_ws/install/crazyflie_interfaces/share/crazyflie_interfaces/msg/Hover.msg
[2.183s] -- Up-to-date: /home/ubuntuuser/ros2_ws/install/crazyflie_interfaces/share/crazyflie_interfaces/msg/LogBlock.msg
[2.183s] -- Up-to-date: /home/ubuntuuser/ros2_ws/install/crazyflie_interfaces/share/crazyflie_interfaces/msg/Position.msg
[2.183s] -- Up-to-date: /home/ubuntuuser/ros2_ws/install/crazyflie_interfaces/share/crazyflie_interfaces/msg/Status.msg
[2.187s] -- Up-to-date: /home/ubuntuuser/ros2_ws/install/crazyflie_interfaces/share/crazyflie_interfaces/msg/TrajectoryPolynomialPiece.msg
[2.187s] -- Up-to-date: /home/ubuntuuser/ros2_ws/install/crazyflie_interfaces/share/crazyflie_interfaces/msg/VelocityWorld.msg
[2.187s] -- Up-to-date: /home/ubuntuuser/ros2_ws/install/crazyflie_interfaces/share/crazyflie_interfaces/srv/GoTo.srv
[2.187s] -- Up-to-date: /home/ubuntuuser/ros2_ws/install/crazyflie_interfaces/share/crazyflie_interfaces/srv/Land.srv
[2.187s] -- Up-to-date: /home/ubuntuuser/ros2_ws/install/crazyflie_interfaces/share/crazyflie_interfaces/srv/NotifySetpointsStop.srv
[2.188s] -- Up-to-date: /home/ubuntuuser/ros2_ws/install/crazyflie_interfaces/share/crazyflie_interfaces/srv/SetGroupMask.srv
[2.188s] -- Up-to-date: /home/ubuntuuser/ros2_ws/install/crazyflie_interfaces/share/crazyflie_interfaces/srv/StartTrajectory.srv
[2.188s] -- Up-to-date: /home/ubuntuuser/ros2_ws/install/crazyflie_interfaces/share/crazyflie_interfaces/srv/Stop.srv
[2.188s] -- Up-to-date: /home/ubuntuuser/ros2_ws/install/crazyflie_interfaces/share/crazyflie_interfaces/srv/Takeoff.srv
[2.188s] -- Up-to-date: /home/ubuntuuser/ros2_ws/install/crazyflie_interfaces/share/crazyflie_interfaces/srv/UpdateParams.srv
[2.188s] -- Up-to-date: /home/ubuntuuser/ros2_ws/install/crazyflie_interfaces/share/crazyflie_interfaces/srv/UploadTrajectory.srv
[2.188s] -- Up-to-date: /home/ubuntuuser/ros2_ws/install/crazyflie_interfaces/share/crazyflie_interfaces/srv/RemoveLogging.srv
[2.189s] -- Up-to-date: /home/ubuntuuser/ros2_ws/install/crazyflie_interfaces/share/crazyflie_interfaces/srv/AddLogging.srv
[2.192s] -- Up-to-date: /home/ubuntuuser/ros2_ws/install/crazyflie_interfaces/share/crazyflie_interfaces/srv/Arm.srv
[2.192s] -- Up-to-date: /home/ubuntuuser/ros2_ws/install/crazyflie_interfaces/share/ament_index/resource_index/package_run_dependencies/crazyflie_interfaces
[2.192s] -- Up-to-date: /home/ubuntuuser/ros2_ws/install/crazyflie_interfaces/share/ament_index/resource_index/parent_prefix_path/crazyflie_interfaces
[2.193s] -- Up-to-date: /home/ubuntuuser/ros2_ws/install/crazyflie_interfaces/share/crazyflie_interfaces/environment/ament_prefix_path.sh
[2.193s] -- Up-to-date: /home/ubuntuuser/ros2_ws/install/crazyflie_interfaces/share/crazyflie_interfaces/environment/ament_prefix_path.dsv
[2.194s] -- Up-to-date: /home/ubuntuuser/ros2_ws/install/crazyflie_interfaces/share/crazyflie_interfaces/environment/path.sh
[2.197s] -- Up-to-date: /home/ubuntuuser/ros2_ws/install/crazyflie_interfaces/share/crazyflie_interfaces/environment/path.dsv
[2.197s] -- Up-to-date: /home/ubuntuuser/ros2_ws/install/crazyflie_interfaces/share/crazyflie_interfaces/local_setup.bash
[2.197s] -- Up-to-date: /home/ubuntuuser/ros2_ws/install/crazyflie_interfaces/share/crazyflie_interfaces/local_setup.sh
[2.198s] -- Up-to-date: /home/ubuntuuser/ros2_ws/install/crazyflie_interfaces/share/crazyflie_interfaces/local_setup.zsh
[2.198s] -- Up-to-date: /home/ubuntuuser/ros2_ws/install/crazyflie_interfaces/share/crazyflie_interfaces/local_setup.dsv
[2.198s] -- Installing: /home/ubuntuuser/ros2_ws/install/crazyflie_interfaces/share/crazyflie_interfaces/package.dsv
[2.198s] -- Up-to-date: /home/ubuntuuser/ros2_ws/install/crazyflie_interfaces/share/ament_index/resource_index/packages/crazyflie_interfaces
[2.198s] -- Up-to-date: /home/ubuntuuser/ros2_ws/install/crazyflie_interfaces/share/crazyflie_interfaces/cmake/export_crazyflie_interfaces__rosidl_generator_cExport.cmake
[2.198s] -- Up-to-date: /home/ubuntuuser/ros2_ws/install/crazyflie_interfaces/share/crazyflie_interfaces/cmake/export_crazyflie_interfaces__rosidl_generator_cExport-noconfig.cmake
[2.199s] -- Up-to-date: /home/ubuntuuser/ros2_ws/install/crazyflie_interfaces/share/crazyflie_interfaces/cmake/export_crazyflie_interfaces__rosidl_typesupport_fastrtps_cExport.cmake
[2.199s] -- Up-to-date: /home/ubuntuuser/ros2_ws/install/crazyflie_interfaces/share/crazyflie_interfaces/cmake/export_crazyflie_interfaces__rosidl_typesupport_fastrtps_cExport-noconfig.cmake
[2.199s] -- Up-to-date: /home/ubuntuuser/ros2_ws/install/crazyflie_interfaces/share/crazyflie_interfaces/cmake/export_crazyflie_interfaces__rosidl_generator_cppExport.cmake
[2.202s] -- Up-to-date: /home/ubuntuuser/ros2_ws/install/crazyflie_interfaces/share/crazyflie_interfaces/cmake/export_crazyflie_interfaces__rosidl_typesupport_fastrtps_cppExport.cmake
[2.203s] -- Up-to-date: /home/ubuntuuser/ros2_ws/install/crazyflie_interfaces/share/crazyflie_interfaces/cmake/export_crazyflie_interfaces__rosidl_typesupport_fastrtps_cppExport-noconfig.cmake
[2.203s] -- Up-to-date: /home/ubuntuuser/ros2_ws/install/crazyflie_interfaces/share/crazyflie_interfaces/cmake/crazyflie_interfaces__rosidl_typesupport_introspection_cExport.cmake
[2.203s] -- Up-to-date: /home/ubuntuuser/ros2_ws/install/crazyflie_interfaces/share/crazyflie_interfaces/cmake/crazyflie_interfaces__rosidl_typesupport_introspection_cExport-noconfig.cmake
[2.203s] -- Up-to-date: /home/ubuntuuser/ros2_ws/install/crazyflie_interfaces/share/crazyflie_interfaces/cmake/crazyflie_interfaces__rosidl_typesupport_cExport.cmake
[2.203s] -- Up-to-date: /home/ubuntuuser/ros2_ws/install/crazyflie_interfaces/share/crazyflie_interfaces/cmake/crazyflie_interfaces__rosidl_typesupport_cExport-noconfig.cmake
[2.204s] -- Up-to-date: /home/ubuntuuser/ros2_ws/install/crazyflie_interfaces/share/crazyflie_interfaces/cmake/crazyflie_interfaces__rosidl_typesupport_introspection_cppExport.cmake
[2.204s] -- Up-to-date: /home/ubuntuuser/ros2_ws/install/crazyflie_interfaces/share/crazyflie_interfaces/cmake/crazyflie_interfaces__rosidl_typesupport_introspection_cppExport-noconfig.cmake
[2.205s] -- Up-to-date: /home/ubuntuuser/ros2_ws/install/crazyflie_interfaces/share/crazyflie_interfaces/cmake/crazyflie_interfaces__rosidl_typesupport_cppExport.cmake
[2.205s] -- Up-to-date: /home/ubuntuuser/ros2_ws/install/crazyflie_interfaces/share/crazyflie_interfaces/cmake/crazyflie_interfaces__rosidl_typesupport_cppExport-noconfig.cmake
[2.206s] -- Up-to-date: /home/ubuntuuser/ros2_ws/install/crazyflie_interfaces/share/crazyflie_interfaces/cmake/export_crazyflie_interfaces__rosidl_generator_pyExport.cmake
[2.206s] -- Up-to-date: /home/ubuntuuser/ros2_ws/install/crazyflie_interfaces/share/crazyflie_interfaces/cmake/export_crazyflie_interfaces__rosidl_generator_pyExport-noconfig.cmake
[2.206s] -- Up-to-date: /home/ubuntuuser/ros2_ws/install/crazyflie_interfaces/share/crazyflie_interfaces/cmake/rosidl_cmake-extras.cmake
[2.207s] -- Up-to-date: /home/ubuntuuser/ros2_ws/install/crazyflie_interfaces/share/crazyflie_interfaces/cmake/ament_cmake_export_dependencies-extras.cmake
[2.207s] -- Up-to-date: /home/ubuntuuser/ros2_ws/install/crazyflie_interfaces/share/crazyflie_interfaces/cmake/ament_cmake_export_include_directories-extras.cmake
[2.209s] -- Up-to-date: /home/ubuntuuser/ros2_ws/install/crazyflie_interfaces/share/crazyflie_interfaces/cmake/ament_cmake_export_libraries-extras.cmake
[2.210s] -- Up-to-date: /home/ubuntuuser/ros2_ws/install/crazyflie_interfaces/share/crazyflie_interfaces/cmake/ament_cmake_export_targets-extras.cmake
[2.210s] -- Up-to-date: /home/ubuntuuser/ros2_ws/install/crazyflie_interfaces/share/crazyflie_interfaces/cmake/rosidl_cmake_export_typesupport_targets-extras.cmake
[2.210s] -- Up-to-date: /home/ubuntuuser/ros2_ws/install/crazyflie_interfaces/share/crazyflie_interfaces/cmake/rosidl_cmake_export_typesupport_libraries-extras.cmake
[2.211s] -- Up-to-date: /home/ubuntuuser/ros2_ws/install/crazyflie_interfaces/share/crazyflie_interfaces/cmake/crazyflie_interfacesConfig.cmake
[2.211s] -- Up-to-date: /home/ubuntuuser/ros2_ws/install/crazyflie_interfaces/share/crazyflie_interfaces/cmake/crazyflie_interfacesConfig-version.cmake
[2.211s] -- Up-to-date: /home/ubuntuuser/ros2_ws/install/crazyflie_interfaces/share/crazyflie_interfaces/package.xml
[2.225s] Invoked command in '/home/ubuntuuser/ros2_ws/build/crazyflie_interfaces' returned '0': CMAKE_PREFIX_PATH=${CMAKE_PREFIX_PATH}:/home/ubuntuuser/ros2_ws/install/turtlebot3_trailer:/home/ubuntuuser/ros2_ws/install/r7021e_exploration:/home/ubuntuuser/ros2_ws/install/crazyflie_py:/opt/ros/jazzy DEBUGINFOD_URLS=https://debuginfod.ubuntu.com PS1=(.venv) \[\e]0;\u@\h: \w\a\]${debian_chroot:+($debian_chroot)}\[\033[01;32m\]\u@\h\[\033[00m\]:\[\033[01;34m\]\w\[\033[00m\]\$ VIRTUAL_ENV_PROMPT=(.venv) /usr/bin/cmake --install /home/ubuntuuser/ros2_ws/build/crazyflie_interfaces
