[0.074s] Invoking command in '/home/ubuntuuser/ros2_ws/build/crazyflie_interfaces': CMAKE_PREFIX_PATH=${CMAKE_PREFIX_PATH}:/opt/ros/jazzy DEBUGINFOD_URLS=https://debuginfod.ubuntu.com PS1=(.venv) \[\e]0;\u@\h: \w\a\]${debian_chroot:+($debian_chroot)}\[\033[01;32m\]\u@\h\[\033[00m\]:\[\033[01;34m\]\w\[\033[00m\]\$ VIRTUAL_ENV_PROMPT=(.venv) /usr/bin/cmake --build /home/ubuntuuser/ros2_ws/build/crazyflie_interfaces -- -j4 -l4
[0.406s] [  0%] Built target ament_cmake_python_copy_crazyflie_interfaces
[0.417s] [  0%] [34m[1mGenerating type hashes for ROS interfaces[0m
[1.012s] running egg_info
[1.037s] writing crazyflie_interfaces.egg-info/PKG-INFO
[1.041s] writing dependency_links to crazyflie_interfaces.egg-info/dependency_links.txt
[1.052s] writing top-level names to crazyflie_interfaces.egg-info/top_level.txt
[1.258s] reading manifest file 'crazyflie_interfaces.egg-info/SOURCES.txt'
[1.259s] writing manifest file 'crazyflie_interfaces.egg-info/SOURCES.txt'
[1.356s] [  0%] Built target ament_cmake_python_build_crazyflie_interfaces_egg
[2.998s] [  0%] Built target crazyflie_interfaces__rosidl_generator_type_description
[3.083s] [  1%] [34m[1mGenerating C code for ROS interfaces[0m
[3.127s] [  1%] [34m[1mGenerating C++ code for ROS interfaces[0m
[10.242s] [  1%] Built target crazyflie_interfaces__cpp
[11.581s] [  1%] [32mBuilding C object CMakeFiles/crazyflie_interfaces__rosidl_generator_c.dir/rosidl_generator_c/crazyflie_interfaces/msg/detail/connection_statistics__type_support.c.o[0m
[11.582s] [  2%] [32mBuilding C object CMakeFiles/crazyflie_interfaces__rosidl_generator_c.dir/rosidl_generator_c/crazyflie_interfaces/msg/detail/connection_statistics__functions.c.o[0m
[11.600s] [  2%] [32mBuilding C object CMakeFiles/crazyflie_interfaces__rosidl_generator_c.dir/rosidl_generator_c/crazyflie_interfaces/msg/detail/connection_statistics__description.c.o[0m
[11.605s] [  2%] [32mBuilding C object CMakeFiles/crazyflie_interfaces__rosidl_generator_c.dir/rosidl_generator_c/crazyflie_interfaces/msg/detail/connection_statistics_array__description.c.o[0m
[11.707s] [  3%] [32mBuilding C object CMakeFiles/crazyflie_interfaces__rosidl_generator_c.dir/rosidl_generator_c/crazyflie_interfaces/msg/detail/connection_statistics_array__functions.c.o[0m
[11.726s] [  3%] [32mBuilding C object CMakeFiles/crazyflie_interfaces__rosidl_generator_c.dir/rosidl_generator_c/crazyflie_interfaces/msg/detail/connection_statistics_array__type_support.c.o[0m
[11.767s] [  4%] [32mBuilding C object CMakeFiles/crazyflie_interfaces__rosidl_generator_c.dir/rosidl_generator_c/crazyflie_interfaces/msg/detail/full_state__description.c.o[0m
[11.776s] [  4%] [32mBuilding C object CMakeFiles/crazyflie_interfaces__rosidl_generator_c.dir/rosidl_generator_c/crazyflie_interfaces/msg/detail/full_state__functions.c.o[0m
[11.850s] [  4%] [32mBuilding C object CMakeFiles/crazyflie_interfaces__rosidl_generator_c.dir/rosidl_generator_c/crazyflie_interfaces/msg/detail/full_state__type_support.c.o[0m
[11.884s] [  5%] [32mBuilding C object CMakeFiles/crazyflie_interfaces__rosidl_generator_c.dir/rosidl_generator_c/crazyflie_interfaces/msg/detail/log_data_generic__description.c.o[0m
[11.942s] [  5%] [32mBuilding C object CMakeFiles/crazyflie_interfaces__rosidl_generator_c.dir/rosidl_generator_c/crazyflie_interfaces/msg/detail/log_data_generic__functions.c.o[0m
[11.953s] [  6%] [32mBuilding C object CMakeFiles/crazyflie_interfaces__rosidl_generator_c.dir/rosidl_generator_c/crazyflie_interfaces/msg/detail/log_data_generic__type_support.c.o[0m
[11.970s] [  6%] [32mBuilding C object CMakeFiles/crazyflie_interfaces__rosidl_generator_c.dir/rosidl_generator_c/crazyflie_interfaces/msg/detail/hover__description.c.o[0m
[12.063s] [  6%] [32mBuilding C object CMakeFiles/crazyflie_interfaces__rosidl_generator_c.dir/rosidl_generator_c/crazyflie_interfaces/msg/detail/hover__functions.c.o[0m
[12.086s] [  7%] [32mBuilding C object CMakeFiles/crazyflie_interfaces__rosidl_generator_c.dir/rosidl_generator_c/crazyflie_interfaces/msg/detail/hover__type_support.c.o[0m
[12.103s] [  7%] [32mBuilding C object CMakeFiles/crazyflie_interfaces__rosidl_generator_c.dir/rosidl_generator_c/crazyflie_interfaces/msg/detail/log_block__description.c.o[0m
[12.114s] [  8%] [32mBuilding C object CMakeFiles/crazyflie_interfaces__rosidl_generator_c.dir/rosidl_generator_c/crazyflie_interfaces/msg/detail/log_block__functions.c.o[0m
[12.204s] [  8%] [32mBuilding C object CMakeFiles/crazyflie_interfaces__rosidl_generator_c.dir/rosidl_generator_c/crazyflie_interfaces/msg/detail/log_block__type_support.c.o[0m
[12.263s] [  9%] [32mBuilding C object CMakeFiles/crazyflie_interfaces__rosidl_generator_c.dir/rosidl_generator_c/crazyflie_interfaces/msg/detail/position__description.c.o[0m
[12.283s] [  9%] [32mBuilding C object CMakeFiles/crazyflie_interfaces__rosidl_generator_c.dir/rosidl_generator_c/crazyflie_interfaces/msg/detail/position__functions.c.o[0m
[12.287s] [  9%] [32mBuilding C object CMakeFiles/crazyflie_interfaces__rosidl_generator_c.dir/rosidl_generator_c/crazyflie_interfaces/msg/detail/position__type_support.c.o[0m
[12.349s] [ 10%] [32mBuilding C object CMakeFiles/crazyflie_interfaces__rosidl_generator_c.dir/rosidl_generator_c/crazyflie_interfaces/msg/detail/status__description.c.o[0m
[12.392s] [ 10%] [32mBuilding C object CMakeFiles/crazyflie_interfaces__rosidl_generator_c.dir/rosidl_generator_c/crazyflie_interfaces/msg/detail/status__functions.c.o[0m
[12.455s] [ 11%] [32mBuilding C object CMakeFiles/crazyflie_interfaces__rosidl_generator_c.dir/rosidl_generator_c/crazyflie_interfaces/msg/detail/status__type_support.c.o[0m
[12.493s] [ 11%] [32mBuilding C object CMakeFiles/crazyflie_interfaces__rosidl_generator_c.dir/rosidl_generator_c/crazyflie_interfaces/msg/detail/trajectory_polynomial_piece__description.c.o[0m
[12.522s] [ 11%] [32mBuilding C object CMakeFiles/crazyflie_interfaces__rosidl_generator_c.dir/rosidl_generator_c/crazyflie_interfaces/msg/detail/trajectory_polynomial_piece__functions.c.o[0m
[12.567s] [ 12%] [32mBuilding C object CMakeFiles/crazyflie_interfaces__rosidl_generator_c.dir/rosidl_generator_c/crazyflie_interfaces/msg/detail/trajectory_polynomial_piece__type_support.c.o[0m
[12.591s] [ 12%] [32mBuilding C object CMakeFiles/crazyflie_interfaces__rosidl_generator_c.dir/rosidl_generator_c/crazyflie_interfaces/msg/detail/velocity_world__description.c.o[0m
[12.605s] [ 13%] [32mBuilding C object CMakeFiles/crazyflie_interfaces__rosidl_generator_c.dir/rosidl_generator_c/crazyflie_interfaces/msg/detail/velocity_world__functions.c.o[0m
[12.691s] [ 13%] [32mBuilding C object CMakeFiles/crazyflie_interfaces__rosidl_generator_c.dir/rosidl_generator_c/crazyflie_interfaces/msg/detail/velocity_world__type_support.c.o[0m
[12.717s] [ 13%] [32mBuilding C object CMakeFiles/crazyflie_interfaces__rosidl_generator_c.dir/rosidl_generator_c/crazyflie_interfaces/srv/detail/go_to__description.c.o[0m
[12.743s] [ 14%] [32mBuilding C object CMakeFiles/crazyflie_interfaces__rosidl_generator_c.dir/rosidl_generator_c/crazyflie_interfaces/srv/detail/go_to__functions.c.o[0m
[12.800s] [ 15%] [32mBuilding C object CMakeFiles/crazyflie_interfaces__rosidl_generator_c.dir/rosidl_generator_c/crazyflie_interfaces/srv/detail/land__description.c.o[0m
[12.819s] [ 15%] [32mBuilding C object CMakeFiles/crazyflie_interfaces__rosidl_generator_c.dir/rosidl_generator_c/crazyflie_interfaces/srv/detail/go_to__type_support.c.o[0m
[12.932s] [ 15%] [32mBuilding C object CMakeFiles/crazyflie_interfaces__rosidl_generator_c.dir/rosidl_generator_c/crazyflie_interfaces/srv/detail/land__functions.c.o[0m
[12.963s] [ 15%] [32mBuilding C object CMakeFiles/crazyflie_interfaces__rosidl_generator_c.dir/rosidl_generator_c/crazyflie_interfaces/srv/detail/land__type_support.c.o[0m
[12.963s] [ 16%] [32mBuilding C object CMakeFiles/crazyflie_interfaces__rosidl_generator_c.dir/rosidl_generator_c/crazyflie_interfaces/srv/detail/notify_setpoints_stop__description.c.o[0m
[13.003s] [ 16%] [32mBuilding C object CMakeFiles/crazyflie_interfaces__rosidl_generator_c.dir/rosidl_generator_c/crazyflie_interfaces/srv/detail/notify_setpoints_stop__functions.c.o[0m
[13.108s] [ 17%] [32mBuilding C object CMakeFiles/crazyflie_interfaces__rosidl_generator_c.dir/rosidl_generator_c/crazyflie_interfaces/srv/detail/notify_setpoints_stop__type_support.c.o[0m
[13.127s] [ 17%] [32mBuilding C object CMakeFiles/crazyflie_interfaces__rosidl_generator_c.dir/rosidl_generator_c/crazyflie_interfaces/srv/detail/set_group_mask__description.c.o[0m
[13.190s] [ 18%] [32mBuilding C object CMakeFiles/crazyflie_interfaces__rosidl_generator_c.dir/rosidl_generator_c/crazyflie_interfaces/srv/detail/set_group_mask__functions.c.o[0m
[13.223s] [ 18%] [32mBuilding C object CMakeFiles/crazyflie_interfaces__rosidl_generator_c.dir/rosidl_generator_c/crazyflie_interfaces/srv/detail/set_group_mask__type_support.c.o[0m
[13.259s] [ 18%] [32mBuilding C object CMakeFiles/crazyflie_interfaces__rosidl_generator_c.dir/rosidl_generator_c/crazyflie_interfaces/srv/detail/start_trajectory__description.c.o[0m
[13.350s] [ 19%] [32mBuilding C object CMakeFiles/crazyflie_interfaces__rosidl_generator_c.dir/rosidl_generator_c/crazyflie_interfaces/srv/detail/start_trajectory__functions.c.o[0m
[13.389s] [ 19%] [32mBuilding C object CMakeFiles/crazyflie_interfaces__rosidl_generator_c.dir/rosidl_generator_c/crazyflie_interfaces/srv/detail/start_trajectory__type_support.c.o[0m
[13.436s] [ 20%] [32mBuilding C object CMakeFiles/crazyflie_interfaces__rosidl_generator_c.dir/rosidl_generator_c/crazyflie_interfaces/srv/detail/stop__description.c.o[0m
[13.521s] [ 20%] [32mBuilding C object CMakeFiles/crazyflie_interfaces__rosidl_generator_c.dir/rosidl_generator_c/crazyflie_interfaces/srv/detail/stop__functions.c.o[0m
[13.546s] [ 20%] [32mBuilding C object CMakeFiles/crazyflie_interfaces__rosidl_generator_c.dir/rosidl_generator_c/crazyflie_interfaces/srv/detail/stop__type_support.c.o[0m
[13.614s] [ 21%] [32mBuilding C object CMakeFiles/crazyflie_interfaces__rosidl_generator_c.dir/rosidl_generator_c/crazyflie_interfaces/srv/detail/takeoff__description.c.o[0m
[13.668s] [ 21%] [32mBuilding C object CMakeFiles/crazyflie_interfaces__rosidl_generator_c.dir/rosidl_generator_c/crazyflie_interfaces/srv/detail/takeoff__functions.c.o[0m
[13.751s] [ 22%] [32mBuilding C object CMakeFiles/crazyflie_interfaces__rosidl_generator_c.dir/rosidl_generator_c/crazyflie_interfaces/srv/detail/takeoff__type_support.c.o[0m
[13.786s] [ 22%] [32mBuilding C object CMakeFiles/crazyflie_interfaces__rosidl_generator_c.dir/rosidl_generator_c/crazyflie_interfaces/srv/detail/update_params__description.c.o[0m
[13.883s] [ 22%] [32mBuilding C object CMakeFiles/crazyflie_interfaces__rosidl_generator_c.dir/rosidl_generator_c/crazyflie_interfaces/srv/detail/update_params__functions.c.o[0m
[13.901s] [ 23%] [32mBuilding C object CMakeFiles/crazyflie_interfaces__rosidl_generator_c.dir/rosidl_generator_c/crazyflie_interfaces/srv/detail/update_params__type_support.c.o[0m
[13.930s] [ 23%] [32mBuilding C object CMakeFiles/crazyflie_interfaces__rosidl_generator_c.dir/rosidl_generator_c/crazyflie_interfaces/srv/detail/upload_trajectory__description.c.o[0m
[13.959s] [ 24%] [32mBuilding C object CMakeFiles/crazyflie_interfaces__rosidl_generator_c.dir/rosidl_generator_c/crazyflie_interfaces/srv/detail/upload_trajectory__functions.c.o[0m
[14.032s] [ 24%] [32mBuilding C object CMakeFiles/crazyflie_interfaces__rosidl_generator_c.dir/rosidl_generator_c/crazyflie_interfaces/srv/detail/upload_trajectory__type_support.c.o[0m
[14.111s] [ 25%] [32mBuilding C object CMakeFiles/crazyflie_interfaces__rosidl_generator_c.dir/rosidl_generator_c/crazyflie_interfaces/srv/detail/remove_logging__description.c.o[0m
[14.177s] [ 25%] [32mBuilding C object CMakeFiles/crazyflie_interfaces__rosidl_generator_c.dir/rosidl_generator_c/crazyflie_interfaces/srv/detail/remove_logging__functions.c.o[0m
[14.207s] [ 25%] [32mBuilding C object CMakeFiles/crazyflie_interfaces__rosidl_generator_c.dir/rosidl_generator_c/crazyflie_interfaces/srv/detail/remove_logging__type_support.c.o[0m
[14.236s] [ 26%] [32mBuilding C object CMakeFiles/crazyflie_interfaces__rosidl_generator_c.dir/rosidl_generator_c/crazyflie_interfaces/srv/detail/add_logging__description.c.o[0m
[14.320s] [ 26%] [32mBuilding C object CMakeFiles/crazyflie_interfaces__rosidl_generator_c.dir/rosidl_generator_c/crazyflie_interfaces/srv/detail/add_logging__functions.c.o[0m
[14.362s] [ 27%] [32mBuilding C object CMakeFiles/crazyflie_interfaces__rosidl_generator_c.dir/rosidl_generator_c/crazyflie_interfaces/srv/detail/add_logging__type_support.c.o[0m
[14.428s] [ 27%] [32mBuilding C object CMakeFiles/crazyflie_interfaces__rosidl_generator_c.dir/rosidl_generator_c/crazyflie_interfaces/srv/detail/arm__description.c.o[0m
[14.435s] [ 27%] [32mBuilding C object CMakeFiles/crazyflie_interfaces__rosidl_generator_c.dir/rosidl_generator_c/crazyflie_interfaces/srv/detail/arm__functions.c.o[0m
[14.490s] [ 28%] [32mBuilding C object CMakeFiles/crazyflie_interfaces__rosidl_generator_c.dir/rosidl_generator_c/crazyflie_interfaces/srv/detail/arm__type_support.c.o[0m
[14.631s] [ 28%] [32m[1mLinking C shared library libcrazyflie_interfaces__rosidl_generator_c.so[0m
[14.755s] [ 28%] Built target crazyflie_interfaces__rosidl_generator_c
[14.795s] [ 28%] [34m[1mGenerating C++ type support dispatch for ROS interfaces[0m
[14.819s] [ 29%] [34m[1mGenerating C introspection for ROS interfaces[0m
[14.831s] [ 29%] [34m[1mGenerating C type support for eProsima Fast-RTPS[0m
[14.834s] [ 29%] [34m[1mGenerating C++ type support for eProsima Fast-RTPS[0m
[18.519s] [ 30%] [32mBuilding CXX object CMakeFiles/crazyflie_interfaces__rosidl_typesupport_cpp.dir/rosidl_typesupport_cpp/crazyflie_interfaces/msg/connection_statistics__type_support.cpp.o[0m
[19.394s] [ 30%] [32mBuilding CXX object CMakeFiles/crazyflie_interfaces__rosidl_typesupport_cpp.dir/rosidl_typesupport_cpp/crazyflie_interfaces/msg/connection_statistics_array__type_support.cpp.o[0m
[20.470s] [ 31%] [32mBuilding CXX object CMakeFiles/crazyflie_interfaces__rosidl_typesupport_cpp.dir/rosidl_typesupport_cpp/crazyflie_interfaces/msg/full_state__type_support.cpp.o[0m
[21.492s] [ 31%] [32mBuilding CXX object CMakeFiles/crazyflie_interfaces__rosidl_typesupport_cpp.dir/rosidl_typesupport_cpp/crazyflie_interfaces/msg/log_data_generic__type_support.cpp.o[0m
[21.735s] [ 31%] [32mBuilding C object CMakeFiles/crazyflie_interfaces__rosidl_typesupport_introspection_c.dir/rosidl_typesupport_introspection_c/crazyflie_interfaces/msg/detail/connection_statistics__type_support.c.o[0m
[21.849s] [ 32%] [32mBuilding C object CMakeFiles/crazyflie_interfaces__rosidl_typesupport_introspection_c.dir/rosidl_typesupport_introspection_c/crazyflie_interfaces/msg/detail/connection_statistics_array__type_support.c.o[0m
[21.973s] [ 32%] [32mBuilding C object CMakeFiles/crazyflie_interfaces__rosidl_typesupport_introspection_c.dir/rosidl_typesupport_introspection_c/crazyflie_interfaces/msg/detail/full_state__type_support.c.o[0m
[22.150s] [ 32%] [32mBuilding C object CMakeFiles/crazyflie_interfaces__rosidl_typesupport_introspection_c.dir/rosidl_typesupport_introspection_c/crazyflie_interfaces/msg/detail/log_data_generic__type_support.c.o[0m
[22.263s] [ 33%] [32mBuilding C object CMakeFiles/crazyflie_interfaces__rosidl_typesupport_introspection_c.dir/rosidl_typesupport_introspection_c/crazyflie_interfaces/msg/detail/hover__type_support.c.o[0m
[22.383s] [ 33%] [32mBuilding C object CMakeFiles/crazyflie_interfaces__rosidl_typesupport_introspection_c.dir/rosidl_typesupport_introspection_c/crazyflie_interfaces/msg/detail/log_block__type_support.c.o[0m
[22.477s] [ 33%] [32mBuilding CXX object CMakeFiles/crazyflie_interfaces__rosidl_typesupport_cpp.dir/rosidl_typesupport_cpp/crazyflie_interfaces/msg/hover__type_support.cpp.o[0m
[22.527s] [ 34%] [32mBuilding C object CMakeFiles/crazyflie_interfaces__rosidl_typesupport_introspection_c.dir/rosidl_typesupport_introspection_c/crazyflie_interfaces/msg/detail/position__type_support.c.o[0m
[22.644s] [ 34%] [32mBuilding C object CMakeFiles/crazyflie_interfaces__rosidl_typesupport_introspection_c.dir/rosidl_typesupport_introspection_c/crazyflie_interfaces/msg/detail/status__type_support.c.o[0m
[22.803s] [ 34%] [32mBuilding C object CMakeFiles/crazyflie_interfaces__rosidl_typesupport_introspection_c.dir/rosidl_typesupport_introspection_c/crazyflie_interfaces/msg/detail/trajectory_polynomial_piece__type_support.c.o[0m
[23.003s] [ 35%] [32mBuilding C object CMakeFiles/crazyflie_interfaces__rosidl_typesupport_introspection_c.dir/rosidl_typesupport_introspection_c/crazyflie_interfaces/msg/detail/velocity_world__type_support.c.o[0m
[23.152s] [ 35%] [32mBuilding C object CMakeFiles/crazyflie_interfaces__rosidl_typesupport_introspection_c.dir/rosidl_typesupport_introspection_c/crazyflie_interfaces/srv/detail/go_to__type_support.c.o[0m
[23.438s] [ 36%] [32mBuilding C object CMakeFiles/crazyflie_interfaces__rosidl_typesupport_introspection_c.dir/rosidl_typesupport_introspection_c/crazyflie_interfaces/srv/detail/land__type_support.c.o[0m
[23.580s] [ 37%] [32mBuilding CXX object CMakeFiles/crazyflie_interfaces__rosidl_typesupport_cpp.dir/rosidl_typesupport_cpp/crazyflie_interfaces/msg/log_block__type_support.cpp.o[0m
[23.596s] [ 37%] [32mBuilding C object CMakeFiles/crazyflie_interfaces__rosidl_typesupport_introspection_c.dir/rosidl_typesupport_introspection_c/crazyflie_interfaces/srv/detail/notify_setpoints_stop__type_support.c.o[0m
[23.776s] [ 38%] [32mBuilding C object CMakeFiles/crazyflie_interfaces__rosidl_typesupport_introspection_c.dir/rosidl_typesupport_introspection_c/crazyflie_interfaces/srv/detail/set_group_mask__type_support.c.o[0m
[23.973s] [ 38%] [32mBuilding C object CMakeFiles/crazyflie_interfaces__rosidl_typesupport_introspection_c.dir/rosidl_typesupport_introspection_c/crazyflie_interfaces/srv/detail/start_trajectory__type_support.c.o[0m
[24.169s] [ 38%] [32mBuilding C object CMakeFiles/crazyflie_interfaces__rosidl_typesupport_introspection_c.dir/rosidl_typesupport_introspection_c/crazyflie_interfaces/srv/detail/stop__type_support.c.o[0m
[24.366s] [ 39%] [32mBuilding C object CMakeFiles/crazyflie_interfaces__rosidl_typesupport_introspection_c.dir/rosidl_typesupport_introspection_c/crazyflie_interfaces/srv/detail/takeoff__type_support.c.o[0m
[24.403s] [ 40%] [32mBuilding CXX object CMakeFiles/crazyflie_interfaces__rosidl_typesupport_fastrtps_c.dir/rosidl_typesupport_fastrtps_c/crazyflie_interfaces/msg/detail/connection_statistics__type_support_c.cpp.o[0m
[24.526s] [ 40%] [32mBuilding CXX object CMakeFiles/crazyflie_interfaces__rosidl_typesupport_cpp.dir/rosidl_typesupport_cpp/crazyflie_interfaces/msg/position__type_support.cpp.o[0m
[24.539s] [ 40%] [32mBuilding C object CMakeFiles/crazyflie_interfaces__rosidl_typesupport_introspection_c.dir/rosidl_typesupport_introspection_c/crazyflie_interfaces/srv/detail/update_params__type_support.c.o[0m
[24.704s] [ 41%] [32mBuilding C object CMakeFiles/crazyflie_interfaces__rosidl_typesupport_introspection_c.dir/rosidl_typesupport_introspection_c/crazyflie_interfaces/srv/detail/upload_trajectory__type_support.c.o[0m
[24.879s] [ 41%] [32mBuilding C object CMakeFiles/crazyflie_interfaces__rosidl_typesupport_introspection_c.dir/rosidl_typesupport_introspection_c/crazyflie_interfaces/srv/detail/remove_logging__type_support.c.o[0m
[24.961s] [ 41%] [32mBuilding CXX object CMakeFiles/crazyflie_interfaces__rosidl_typesupport_fastrtps_cpp.dir/rosidl_typesupport_fastrtps_cpp/crazyflie_interfaces/msg/detail/dds_fastrtps/connection_statistics__type_support.cpp.o[0m
[25.059s] [ 41%] [32mBuilding C object CMakeFiles/crazyflie_interfaces__rosidl_typesupport_introspection_c.dir/rosidl_typesupport_introspection_c/crazyflie_interfaces/srv/detail/add_logging__type_support.c.o[0m
[25.195s] [ 42%] [32mBuilding C object CMakeFiles/crazyflie_interfaces__rosidl_typesupport_introspection_c.dir/rosidl_typesupport_introspection_c/crazyflie_interfaces/srv/detail/arm__type_support.c.o[0m
[25.325s] [ 42%] [32m[1mLinking C shared library libcrazyflie_interfaces__rosidl_typesupport_introspection_c.so[0m
[25.468s] [ 42%] Built target crazyflie_interfaces__rosidl_typesupport_introspection_c
[25.599s] [ 43%] [32mBuilding CXX object CMakeFiles/crazyflie_interfaces__rosidl_typesupport_cpp.dir/rosidl_typesupport_cpp/crazyflie_interfaces/msg/status__type_support.cpp.o[0m
[26.153s] [ 43%] [32mBuilding CXX object CMakeFiles/crazyflie_interfaces__rosidl_typesupport_fastrtps_c.dir/rosidl_typesupport_fastrtps_c/crazyflie_interfaces/msg/detail/connection_statistics_array__type_support_c.cpp.o[0m
[26.283s] [ 44%] [32mBuilding CXX object CMakeFiles/crazyflie_interfaces__rosidl_typesupport_fastrtps_cpp.dir/rosidl_typesupport_fastrtps_cpp/crazyflie_interfaces/msg/detail/dds_fastrtps/connection_statistics_array__type_support.cpp.o[0m
[26.448s] [ 44%] [32mBuilding CXX object CMakeFiles/crazyflie_interfaces__rosidl_typesupport_cpp.dir/rosidl_typesupport_cpp/crazyflie_interfaces/msg/trajectory_polynomial_piece__type_support.cpp.o[0m
[27.232s] [ 44%] [32mBuilding CXX object CMakeFiles/crazyflie_interfaces__rosidl_typesupport_cpp.dir/rosidl_typesupport_cpp/crazyflie_interfaces/msg/velocity_world__type_support.cpp.o[0m
[27.284s] [ 44%] [32mBuilding CXX object CMakeFiles/crazyflie_interfaces__rosidl_typesupport_fastrtps_c.dir/rosidl_typesupport_fastrtps_c/crazyflie_interfaces/msg/detail/full_state__type_support_c.cpp.o[0m
[27.658s] [ 44%] [32mBuilding CXX object CMakeFiles/crazyflie_interfaces__rosidl_typesupport_fastrtps_cpp.dir/rosidl_typesupport_fastrtps_cpp/crazyflie_interfaces/msg/detail/dds_fastrtps/full_state__type_support.cpp.o[0m
[28.045s] [ 45%] [32mBuilding CXX object CMakeFiles/crazyflie_interfaces__rosidl_typesupport_cpp.dir/rosidl_typesupport_cpp/crazyflie_interfaces/srv/go_to__type_support.cpp.o[0m
[28.487s] [ 46%] [32mBuilding CXX object CMakeFiles/crazyflie_interfaces__rosidl_typesupport_fastrtps_c.dir/rosidl_typesupport_fastrtps_c/crazyflie_interfaces/msg/detail/log_data_generic__type_support_c.cpp.o[0m
[28.843s] [ 47%] [32mBuilding CXX object CMakeFiles/crazyflie_interfaces__rosidl_typesupport_fastrtps_cpp.dir/rosidl_typesupport_fastrtps_cpp/crazyflie_interfaces/msg/detail/dds_fastrtps/log_data_generic__type_support.cpp.o[0m
[29.103s] [ 47%] [32mBuilding CXX object CMakeFiles/crazyflie_interfaces__rosidl_typesupport_cpp.dir/rosidl_typesupport_cpp/crazyflie_interfaces/srv/land__type_support.cpp.o[0m
[29.693s] [ 47%] [32mBuilding CXX object CMakeFiles/crazyflie_interfaces__rosidl_typesupport_fastrtps_c.dir/rosidl_typesupport_fastrtps_c/crazyflie_interfaces/msg/detail/hover__type_support_c.cpp.o[0m
[30.081s] [ 48%] [32mBuilding CXX object CMakeFiles/crazyflie_interfaces__rosidl_typesupport_cpp.dir/rosidl_typesupport_cpp/crazyflie_interfaces/srv/notify_setpoints_stop__type_support.cpp.o[0m
[30.140s] [ 48%] [32mBuilding CXX object CMakeFiles/crazyflie_interfaces__rosidl_typesupport_fastrtps_cpp.dir/rosidl_typesupport_fastrtps_cpp/crazyflie_interfaces/msg/detail/dds_fastrtps/hover__type_support.cpp.o[0m
[30.857s] [ 49%] [32mBuilding CXX object CMakeFiles/crazyflie_interfaces__rosidl_typesupport_fastrtps_c.dir/rosidl_typesupport_fastrtps_c/crazyflie_interfaces/msg/detail/log_block__type_support_c.cpp.o[0m
[31.118s] [ 49%] [32mBuilding CXX object CMakeFiles/crazyflie_interfaces__rosidl_typesupport_cpp.dir/rosidl_typesupport_cpp/crazyflie_interfaces/srv/set_group_mask__type_support.cpp.o[0m
[31.336s] [ 49%] [32mBuilding CXX object CMakeFiles/crazyflie_interfaces__rosidl_typesupport_fastrtps_cpp.dir/rosidl_typesupport_fastrtps_cpp/crazyflie_interfaces/msg/detail/dds_fastrtps/log_block__type_support.cpp.o[0m
[32.219s] [ 49%] [32mBuilding CXX object CMakeFiles/crazyflie_interfaces__rosidl_typesupport_fastrtps_c.dir/rosidl_typesupport_fastrtps_c/crazyflie_interfaces/msg/detail/position__type_support_c.cpp.o[0m
[32.443s] [ 49%] [32mBuilding CXX object CMakeFiles/crazyflie_interfaces__rosidl_typesupport_cpp.dir/rosidl_typesupport_cpp/crazyflie_interfaces/srv/start_trajectory__type_support.cpp.o[0m
[32.809s] [ 50%] [32mBuilding CXX object CMakeFiles/crazyflie_interfaces__rosidl_typesupport_fastrtps_cpp.dir/rosidl_typesupport_fastrtps_cpp/crazyflie_interfaces/msg/detail/dds_fastrtps/position__type_support.cpp.o[0m
[33.464s] [ 50%] [32mBuilding CXX object CMakeFiles/crazyflie_interfaces__rosidl_typesupport_fastrtps_c.dir/rosidl_typesupport_fastrtps_c/crazyflie_interfaces/msg/detail/status__type_support_c.cpp.o[0m
[33.497s] [ 51%] [32mBuilding CXX object CMakeFiles/crazyflie_interfaces__rosidl_typesupport_cpp.dir/rosidl_typesupport_cpp/crazyflie_interfaces/srv/stop__type_support.cpp.o[0m
[34.045s] [ 51%] [32mBuilding CXX object CMakeFiles/crazyflie_interfaces__rosidl_typesupport_fastrtps_cpp.dir/rosidl_typesupport_fastrtps_cpp/crazyflie_interfaces/msg/detail/dds_fastrtps/status__type_support.cpp.o[0m
[34.498s] [ 51%] [32mBuilding CXX object CMakeFiles/crazyflie_interfaces__rosidl_typesupport_cpp.dir/rosidl_typesupport_cpp/crazyflie_interfaces/srv/takeoff__type_support.cpp.o[0m
[34.906s] [ 52%] [32mBuilding CXX object CMakeFiles/crazyflie_interfaces__rosidl_typesupport_fastrtps_c.dir/rosidl_typesupport_fastrtps_c/crazyflie_interfaces/msg/detail/trajectory_polynomial_piece__type_support_c.cpp.o[0m
[35.525s] [ 53%] [32mBuilding CXX object CMakeFiles/crazyflie_interfaces__rosidl_typesupport_fastrtps_cpp.dir/rosidl_typesupport_fastrtps_cpp/crazyflie_interfaces/msg/detail/dds_fastrtps/trajectory_polynomial_piece__type_support.cpp.o[0m
[35.562s] [ 54%] [32mBuilding CXX object CMakeFiles/crazyflie_interfaces__rosidl_typesupport_cpp.dir/rosidl_typesupport_cpp/crazyflie_interfaces/srv/update_params__type_support.cpp.o[0m
[36.124s] [ 54%] [32mBuilding CXX object CMakeFiles/crazyflie_interfaces__rosidl_typesupport_fastrtps_c.dir/rosidl_typesupport_fastrtps_c/crazyflie_interfaces/msg/detail/velocity_world__type_support_c.cpp.o[0m
[36.650s] [ 54%] [32mBuilding CXX object CMakeFiles/crazyflie_interfaces__rosidl_typesupport_cpp.dir/rosidl_typesupport_cpp/crazyflie_interfaces/srv/upload_trajectory__type_support.cpp.o[0m
[36.959s] [ 54%] [32mBuilding CXX object CMakeFiles/crazyflie_interfaces__rosidl_typesupport_fastrtps_cpp.dir/rosidl_typesupport_fastrtps_cpp/crazyflie_interfaces/msg/detail/dds_fastrtps/velocity_world__type_support.cpp.o[0m
[37.560s] [ 55%] [32mBuilding CXX object CMakeFiles/crazyflie_interfaces__rosidl_typesupport_fastrtps_c.dir/rosidl_typesupport_fastrtps_c/crazyflie_interfaces/srv/detail/go_to__type_support_c.cpp.o[0m
[37.976s] [ 55%] [32mBuilding CXX object CMakeFiles/crazyflie_interfaces__rosidl_typesupport_cpp.dir/rosidl_typesupport_cpp/crazyflie_interfaces/srv/remove_logging__type_support.cpp.o[0m
[38.290s] [ 55%] [32mBuilding CXX object CMakeFiles/crazyflie_interfaces__rosidl_typesupport_fastrtps_cpp.dir/rosidl_typesupport_fastrtps_cpp/crazyflie_interfaces/srv/detail/dds_fastrtps/go_to__type_support.cpp.o[0m
[38.846s] [ 55%] [32mBuilding CXX object CMakeFiles/crazyflie_interfaces__rosidl_typesupport_fastrtps_c.dir/rosidl_typesupport_fastrtps_c/crazyflie_interfaces/srv/detail/land__type_support_c.cpp.o[0m
[39.042s] [ 56%] [32mBuilding CXX object CMakeFiles/crazyflie_interfaces__rosidl_typesupport_cpp.dir/rosidl_typesupport_cpp/crazyflie_interfaces/srv/add_logging__type_support.cpp.o[0m
[39.911s] [ 57%] [32mBuilding CXX object CMakeFiles/crazyflie_interfaces__rosidl_typesupport_fastrtps_cpp.dir/rosidl_typesupport_fastrtps_cpp/crazyflie_interfaces/srv/detail/dds_fastrtps/land__type_support.cpp.o[0m
[40.167s] [ 57%] [32mBuilding CXX object CMakeFiles/crazyflie_interfaces__rosidl_typesupport_fastrtps_c.dir/rosidl_typesupport_fastrtps_c/crazyflie_interfaces/srv/detail/notify_setpoints_stop__type_support_c.cpp.o[0m
[40.183s] [ 57%] [32mBuilding CXX object CMakeFiles/crazyflie_interfaces__rosidl_typesupport_cpp.dir/rosidl_typesupport_cpp/crazyflie_interfaces/srv/arm__type_support.cpp.o[0m
[41.217s] [ 58%] [32m[1mLinking CXX shared library libcrazyflie_interfaces__rosidl_typesupport_cpp.so[0m
[41.458s] [ 58%] [32mBuilding CXX object CMakeFiles/crazyflie_interfaces__rosidl_typesupport_fastrtps_cpp.dir/rosidl_typesupport_fastrtps_cpp/crazyflie_interfaces/srv/detail/dds_fastrtps/notify_setpoints_stop__type_support.cpp.o[0m
[41.500s] [ 59%] [32mBuilding CXX object CMakeFiles/crazyflie_interfaces__rosidl_typesupport_fastrtps_c.dir/rosidl_typesupport_fastrtps_c/crazyflie_interfaces/srv/detail/set_group_mask__type_support_c.cpp.o[0m
[41.509s] [ 59%] Built target crazyflie_interfaces__rosidl_typesupport_cpp
[43.120s] [ 59%] [32mBuilding CXX object CMakeFiles/crazyflie_interfaces__rosidl_typesupport_fastrtps_c.dir/rosidl_typesupport_fastrtps_c/crazyflie_interfaces/srv/detail/start_trajectory__type_support_c.cpp.o[0m
[43.469s] [ 60%] [32mBuilding CXX object CMakeFiles/crazyflie_interfaces__rosidl_typesupport_fastrtps_cpp.dir/rosidl_typesupport_fastrtps_cpp/crazyflie_interfaces/srv/detail/dds_fastrtps/set_group_mask__type_support.cpp.o[0m
[45.261s] [ 61%] [32mBuilding CXX object CMakeFiles/crazyflie_interfaces__rosidl_typesupport_fastrtps_c.dir/rosidl_typesupport_fastrtps_c/crazyflie_interfaces/srv/detail/stop__type_support_c.cpp.o[0m
[45.737s] [ 61%] [32mBuilding CXX object CMakeFiles/crazyflie_interfaces__rosidl_typesupport_fastrtps_cpp.dir/rosidl_typesupport_fastrtps_cpp/crazyflie_interfaces/srv/detail/dds_fastrtps/start_trajectory__type_support.cpp.o[0m
[46.544s] [ 61%] [32mBuilding CXX object CMakeFiles/crazyflie_interfaces__rosidl_typesupport_fastrtps_c.dir/rosidl_typesupport_fastrtps_c/crazyflie_interfaces/srv/detail/takeoff__type_support_c.cpp.o[0m
[47.606s] [ 62%] [32mBuilding CXX object CMakeFiles/crazyflie_interfaces__rosidl_typesupport_fastrtps_cpp.dir/rosidl_typesupport_fastrtps_cpp/crazyflie_interfaces/srv/detail/dds_fastrtps/stop__type_support.cpp.o[0m
[48.593s] [ 62%] [32mBuilding CXX object CMakeFiles/crazyflie_interfaces__rosidl_typesupport_fastrtps_c.dir/rosidl_typesupport_fastrtps_c/crazyflie_interfaces/srv/detail/update_params__type_support_c.cpp.o[0m
[49.331s] [ 62%] [32mBuilding CXX object CMakeFiles/crazyflie_interfaces__rosidl_typesupport_fastrtps_cpp.dir/rosidl_typesupport_fastrtps_cpp/crazyflie_interfaces/srv/detail/dds_fastrtps/takeoff__type_support.cpp.o[0m
[49.744s] [ 63%] [32mBuilding CXX object CMakeFiles/crazyflie_interfaces__rosidl_typesupport_fastrtps_c.dir/rosidl_typesupport_fastrtps_c/crazyflie_interfaces/srv/detail/upload_trajectory__type_support_c.cpp.o[0m
[50.720s] [ 63%] [32mBuilding CXX object CMakeFiles/crazyflie_interfaces__rosidl_typesupport_fastrtps_cpp.dir/rosidl_typesupport_fastrtps_cpp/crazyflie_interfaces/srv/detail/dds_fastrtps/update_params__type_support.cpp.o[0m
[50.816s] [ 63%] [32mBuilding CXX object CMakeFiles/crazyflie_interfaces__rosidl_typesupport_fastrtps_c.dir/rosidl_typesupport_fastrtps_c/crazyflie_interfaces/srv/detail/remove_logging__type_support_c.cpp.o[0m
[51.919s] [ 64%] [32mBuilding CXX object CMakeFiles/crazyflie_interfaces__rosidl_typesupport_fastrtps_c.dir/rosidl_typesupport_fastrtps_c/crazyflie_interfaces/srv/detail/add_logging__type_support_c.cpp.o[0m
[52.204s] [ 65%] [32mBuilding CXX object CMakeFiles/crazyflie_interfaces__rosidl_typesupport_fastrtps_cpp.dir/rosidl_typesupport_fastrtps_cpp/crazyflie_interfaces/srv/detail/dds_fastrtps/upload_trajectory__type_support.cpp.o[0m
[53.166s] [ 65%] [32mBuilding CXX object CMakeFiles/crazyflie_interfaces__rosidl_typesupport_fastrtps_c.dir/rosidl_typesupport_fastrtps_c/crazyflie_interfaces/srv/detail/arm__type_support_c.cpp.o[0m
[53.937s] [ 65%] [32mBuilding CXX object CMakeFiles/crazyflie_interfaces__rosidl_typesupport_fastrtps_cpp.dir/rosidl_typesupport_fastrtps_cpp/crazyflie_interfaces/srv/detail/dds_fastrtps/remove_logging__type_support.cpp.o[0m
[54.522s] [ 66%] [32m[1mLinking CXX shared library libcrazyflie_interfaces__rosidl_typesupport_fastrtps_c.so[0m
[54.761s] [ 66%] Built target crazyflie_interfaces__rosidl_typesupport_fastrtps_c
[55.455s] [ 67%] [32mBuilding CXX object CMakeFiles/crazyflie_interfaces__rosidl_typesupport_fastrtps_cpp.dir/rosidl_typesupport_fastrtps_cpp/crazyflie_interfaces/srv/detail/dds_fastrtps/add_logging__type_support.cpp.o[0m
[57.067s] [ 67%] [32mBuilding CXX object CMakeFiles/crazyflie_interfaces__rosidl_typesupport_fastrtps_cpp.dir/rosidl_typesupport_fastrtps_cpp/crazyflie_interfaces/srv/detail/dds_fastrtps/arm__type_support.cpp.o[0m
[58.355s] [ 67%] [32m[1mLinking CXX shared library libcrazyflie_interfaces__rosidl_typesupport_fastrtps_cpp.so[0m
[58.604s] [ 67%] Built target crazyflie_interfaces__rosidl_typesupport_fastrtps_cpp
[58.635s] [ 68%] [34m[1mGenerating C++ introspection for ROS interfaces[0m
[63.879s] [ 68%] [32mBuilding CXX object CMakeFiles/crazyflie_interfaces__rosidl_typesupport_introspection_cpp.dir/rosidl_typesupport_introspection_cpp/crazyflie_interfaces/msg/detail/connection_statistics__type_support.cpp.o[0m
[64.532s] [ 69%] [32mBuilding CXX object CMakeFiles/crazyflie_interfaces__rosidl_typesupport_introspection_cpp.dir/rosidl_typesupport_introspection_cpp/crazyflie_interfaces/msg/detail/full_state__type_support.cpp.o[0m
[65.210s] [ 69%] [32mBuilding CXX object CMakeFiles/crazyflie_interfaces__rosidl_typesupport_introspection_cpp.dir/rosidl_typesupport_introspection_cpp/crazyflie_interfaces/msg/detail/log_data_generic__type_support.cpp.o[0m
[65.968s] [ 70%] [32mBuilding CXX object CMakeFiles/crazyflie_interfaces__rosidl_typesupport_introspection_cpp.dir/rosidl_typesupport_introspection_cpp/crazyflie_interfaces/msg/detail/hover__type_support.cpp.o[0m
[66.665s] [ 70%] [32mBuilding CXX object CMakeFiles/crazyflie_interfaces__rosidl_typesupport_introspection_cpp.dir/rosidl_typesupport_introspection_cpp/crazyflie_interfaces/msg/detail/log_block__type_support.cpp.o[0m
[67.360s] [ 70%] [32mBuilding CXX object CMakeFiles/crazyflie_interfaces__rosidl_typesupport_introspection_cpp.dir/rosidl_typesupport_introspection_cpp/crazyflie_interfaces/msg/detail/position__type_support.cpp.o[0m
[68.007s] [ 71%] [32mBuilding CXX object CMakeFiles/crazyflie_interfaces__rosidl_typesupport_introspection_cpp.dir/rosidl_typesupport_introspection_cpp/crazyflie_interfaces/msg/detail/status__type_support.cpp.o[0m
[68.633s] [ 71%] [32mBuilding CXX object CMakeFiles/crazyflie_interfaces__rosidl_typesupport_introspection_cpp.dir/rosidl_typesupport_introspection_cpp/crazyflie_interfaces/msg/detail/trajectory_polynomial_piece__type_support.cpp.o[0m
[69.322s] [ 72%] [32mBuilding CXX object CMakeFiles/crazyflie_interfaces__rosidl_typesupport_introspection_cpp.dir/rosidl_typesupport_introspection_cpp/crazyflie_interfaces/msg/detail/velocity_world__type_support.cpp.o[0m
[70.216s] [ 72%] [32mBuilding CXX object CMakeFiles/crazyflie_interfaces__rosidl_typesupport_introspection_cpp.dir/rosidl_typesupport_introspection_cpp/crazyflie_interfaces/srv/detail/go_to__type_support.cpp.o[0m
[71.058s] [ 73%] [32mBuilding CXX object CMakeFiles/crazyflie_interfaces__rosidl_typesupport_introspection_cpp.dir/rosidl_typesupport_introspection_cpp/crazyflie_interfaces/srv/detail/land__type_support.cpp.o[0m
[71.919s] [ 73%] [32mBuilding CXX object CMakeFiles/crazyflie_interfaces__rosidl_typesupport_introspection_cpp.dir/rosidl_typesupport_introspection_cpp/crazyflie_interfaces/srv/detail/notify_setpoints_stop__type_support.cpp.o[0m
[72.765s] [ 73%] [32mBuilding CXX object CMakeFiles/crazyflie_interfaces__rosidl_typesupport_introspection_cpp.dir/rosidl_typesupport_introspection_cpp/crazyflie_interfaces/srv/detail/set_group_mask__type_support.cpp.o[0m
[73.563s] [ 74%] [32mBuilding CXX object CMakeFiles/crazyflie_interfaces__rosidl_typesupport_introspection_cpp.dir/rosidl_typesupport_introspection_cpp/crazyflie_interfaces/srv/detail/start_trajectory__type_support.cpp.o[0m
[74.365s] [ 74%] [32mBuilding CXX object CMakeFiles/crazyflie_interfaces__rosidl_typesupport_introspection_cpp.dir/rosidl_typesupport_introspection_cpp/crazyflie_interfaces/srv/detail/stop__type_support.cpp.o[0m
[75.174s] [ 75%] [32mBuilding CXX object CMakeFiles/crazyflie_interfaces__rosidl_typesupport_introspection_cpp.dir/rosidl_typesupport_introspection_cpp/crazyflie_interfaces/srv/detail/takeoff__type_support.cpp.o[0m
[75.995s] [ 75%] [32mBuilding CXX object CMakeFiles/crazyflie_interfaces__rosidl_typesupport_introspection_cpp.dir/rosidl_typesupport_introspection_cpp/crazyflie_interfaces/srv/detail/update_params__type_support.cpp.o[0m
[77.862s] [ 75%] [32mBuilding CXX object CMakeFiles/crazyflie_interfaces__rosidl_typesupport_introspection_cpp.dir/rosidl_typesupport_introspection_cpp/crazyflie_interfaces/srv/detail/upload_trajectory__type_support.cpp.o[0m
[79.053s] [ 76%] [32mBuilding CXX object CMakeFiles/crazyflie_interfaces__rosidl_typesupport_introspection_cpp.dir/rosidl_typesupport_introspection_cpp/crazyflie_interfaces/srv/detail/remove_logging__type_support.cpp.o[0m
[79.877s] [ 76%] [32mBuilding CXX object CMakeFiles/crazyflie_interfaces__rosidl_typesupport_introspection_cpp.dir/rosidl_typesupport_introspection_cpp/crazyflie_interfaces/srv/detail/add_logging__type_support.cpp.o[0m
[80.850s] [ 77%] [32mBuilding CXX object CMakeFiles/crazyflie_interfaces__rosidl_typesupport_introspection_cpp.dir/rosidl_typesupport_introspection_cpp/crazyflie_interfaces/srv/detail/arm__type_support.cpp.o[0m
[81.655s] [ 77%] [32mBuilding CXX object CMakeFiles/crazyflie_interfaces__rosidl_typesupport_introspection_cpp.dir/rosidl_typesupport_introspection_cpp/crazyflie_interfaces/msg/detail/connection_statistics_array__type_support.cpp.o[0m
[82.366s] [ 77%] [32m[1mLinking CXX shared library libcrazyflie_interfaces__rosidl_typesupport_introspection_cpp.so[0m
[82.617s] [ 77%] Built target crazyflie_interfaces__rosidl_typesupport_introspection_cpp
[82.646s] [ 77%] [34m[1mGenerating C type support dispatch for ROS interfaces[0m
[85.179s] [ 78%] [32mBuilding CXX object CMakeFiles/crazyflie_interfaces__rosidl_typesupport_c.dir/rosidl_typesupport_c/crazyflie_interfaces/msg/connection_statistics__type_support.cpp.o[0m
[85.282s] [ 78%] [32mBuilding CXX object CMakeFiles/crazyflie_interfaces__rosidl_typesupport_c.dir/rosidl_typesupport_c/crazyflie_interfaces/msg/log_data_generic__type_support.cpp.o[0m
[85.382s] [ 78%] [32mBuilding CXX object CMakeFiles/crazyflie_interfaces__rosidl_typesupport_c.dir/rosidl_typesupport_c/crazyflie_interfaces/msg/hover__type_support.cpp.o[0m
[85.477s] [ 79%] [32mBuilding CXX object CMakeFiles/crazyflie_interfaces__rosidl_typesupport_c.dir/rosidl_typesupport_c/crazyflie_interfaces/msg/log_block__type_support.cpp.o[0m
[85.575s] [ 79%] [32mBuilding CXX object CMakeFiles/crazyflie_interfaces__rosidl_typesupport_c.dir/rosidl_typesupport_c/crazyflie_interfaces/msg/position__type_support.cpp.o[0m
[85.665s] [ 80%] [32mBuilding CXX object CMakeFiles/crazyflie_interfaces__rosidl_typesupport_c.dir/rosidl_typesupport_c/crazyflie_interfaces/msg/status__type_support.cpp.o[0m
[85.756s] [ 80%] [32mBuilding CXX object CMakeFiles/crazyflie_interfaces__rosidl_typesupport_c.dir/rosidl_typesupport_c/crazyflie_interfaces/msg/trajectory_polynomial_piece__type_support.cpp.o[0m
[85.855s] [ 81%] [32mBuilding CXX object CMakeFiles/crazyflie_interfaces__rosidl_typesupport_c.dir/rosidl_typesupport_c/crazyflie_interfaces/msg/velocity_world__type_support.cpp.o[0m
[85.947s] [ 81%] [32mBuilding CXX object CMakeFiles/crazyflie_interfaces__rosidl_typesupport_c.dir/rosidl_typesupport_c/crazyflie_interfaces/srv/go_to__type_support.cpp.o[0m
[86.059s] [ 81%] [32mBuilding CXX object CMakeFiles/crazyflie_interfaces__rosidl_typesupport_c.dir/rosidl_typesupport_c/crazyflie_interfaces/srv/land__type_support.cpp.o[0m
[86.170s] [ 82%] [32mBuilding CXX object CMakeFiles/crazyflie_interfaces__rosidl_typesupport_c.dir/rosidl_typesupport_c/crazyflie_interfaces/srv/notify_setpoints_stop__type_support.cpp.o[0m
[86.282s] [ 82%] [32mBuilding CXX object CMakeFiles/crazyflie_interfaces__rosidl_typesupport_c.dir/rosidl_typesupport_c/crazyflie_interfaces/srv/set_group_mask__type_support.cpp.o[0m
[86.385s] [ 83%] [32mBuilding CXX object CMakeFiles/crazyflie_interfaces__rosidl_typesupport_c.dir/rosidl_typesupport_c/crazyflie_interfaces/srv/start_trajectory__type_support.cpp.o[0m
[86.484s] [ 83%] [32mBuilding CXX object CMakeFiles/crazyflie_interfaces__rosidl_typesupport_c.dir/rosidl_typesupport_c/crazyflie_interfaces/srv/stop__type_support.cpp.o[0m
[86.597s] [ 83%] [32mBuilding CXX object CMakeFiles/crazyflie_interfaces__rosidl_typesupport_c.dir/rosidl_typesupport_c/crazyflie_interfaces/srv/takeoff__type_support.cpp.o[0m
[86.702s] [ 84%] [32mBuilding CXX object CMakeFiles/crazyflie_interfaces__rosidl_typesupport_c.dir/rosidl_typesupport_c/crazyflie_interfaces/srv/update_params__type_support.cpp.o[0m
[86.808s] [ 84%] [32mBuilding CXX object CMakeFiles/crazyflie_interfaces__rosidl_typesupport_c.dir/rosidl_typesupport_c/crazyflie_interfaces/srv/upload_trajectory__type_support.cpp.o[0m
[86.908s] [ 85%] [32mBuilding CXX object CMakeFiles/crazyflie_interfaces__rosidl_typesupport_c.dir/rosidl_typesupport_c/crazyflie_interfaces/srv/remove_logging__type_support.cpp.o[0m
[87.029s] [ 85%] [32mBuilding CXX object CMakeFiles/crazyflie_interfaces__rosidl_typesupport_c.dir/rosidl_typesupport_c/crazyflie_interfaces/srv/add_logging__type_support.cpp.o[0m
[87.131s] [ 85%] [32mBuilding CXX object CMakeFiles/crazyflie_interfaces__rosidl_typesupport_c.dir/rosidl_typesupport_c/crazyflie_interfaces/srv/arm__type_support.cpp.o[0m
[87.238s] [ 86%] [32mBuilding CXX object CMakeFiles/crazyflie_interfaces__rosidl_typesupport_c.dir/rosidl_typesupport_c/crazyflie_interfaces/msg/full_state__type_support.cpp.o[0m
[87.354s] [ 86%] [32mBuilding CXX object CMakeFiles/crazyflie_interfaces__rosidl_typesupport_c.dir/rosidl_typesupport_c/crazyflie_interfaces/msg/connection_statistics_array__type_support.cpp.o[0m
[87.449s] [ 87%] [32m[1mLinking CXX shared library libcrazyflie_interfaces__rosidl_typesupport_c.so[0m
[87.563s] [ 87%] Built target crazyflie_interfaces__rosidl_typesupport_c
[87.618s] [ 87%] Built target crazyflie_interfaces
[87.688s] [ 87%] [34m[1mGenerating Python code for ROS interfaces[0m
[96.276s] [ 87%] Built target crazyflie_interfaces__py
[96.333s] [ 87%] [32mBuilding C object CMakeFiles/crazyflie_interfaces__rosidl_generator_py.dir/rosidl_generator_py/crazyflie_interfaces/msg/_connection_statistics_array_s.c.o[0m
[96.341s] [ 88%] [32mBuilding C object CMakeFiles/crazyflie_interfaces__rosidl_generator_py.dir/rosidl_generator_py/crazyflie_interfaces/msg/_connection_statistics_s.c.o[0m
[96.763s] [ 89%] [32mBuilding C object CMakeFiles/crazyflie_interfaces__rosidl_generator_py.dir/rosidl_generator_py/crazyflie_interfaces/msg/_log_data_generic_s.c.o[0m
[96.782s] [ 89%] [32mBuilding C object CMakeFiles/crazyflie_interfaces__rosidl_generator_py.dir/rosidl_generator_py/crazyflie_interfaces/msg/_hover_s.c.o[0m
[97.076s] [ 90%] [32mBuilding C object CMakeFiles/crazyflie_interfaces__rosidl_generator_py.dir/rosidl_generator_py/crazyflie_interfaces/msg/_log_block_s.c.o[0m
[97.084s] [ 90%] [32mBuilding C object CMakeFiles/crazyflie_interfaces__rosidl_generator_py.dir/rosidl_generator_py/crazyflie_interfaces/msg/_position_s.c.o[0m
[97.406s] [ 90%] [32mBuilding C object CMakeFiles/crazyflie_interfaces__rosidl_generator_py.dir/rosidl_generator_py/crazyflie_interfaces/msg/_status_s.c.o[0m
[97.406s] [ 91%] [32mBuilding C object CMakeFiles/crazyflie_interfaces__rosidl_generator_py.dir/rosidl_generator_py/crazyflie_interfaces/msg/_trajectory_polynomial_piece_s.c.o[0m
[97.739s] [ 91%] [32mBuilding C object CMakeFiles/crazyflie_interfaces__rosidl_generator_py.dir/rosidl_generator_py/crazyflie_interfaces/msg/_velocity_world_s.c.o[0m
[97.797s] [ 92%] [32mBuilding C object CMakeFiles/crazyflie_interfaces__rosidl_generator_py.dir/rosidl_generator_py/crazyflie_interfaces/srv/_go_to_s.c.o[0m
[98.081s] [ 92%] [32mBuilding C object CMakeFiles/crazyflie_interfaces__rosidl_generator_py.dir/rosidl_generator_py/crazyflie_interfaces/srv/_land_s.c.o[0m
[98.142s] [ 93%] [32mBuilding C object CMakeFiles/crazyflie_interfaces__rosidl_generator_py.dir/rosidl_generator_py/crazyflie_interfaces/srv/_notify_setpoints_stop_s.c.o[0m
[98.484s] [ 93%] [32mBuilding C object CMakeFiles/crazyflie_interfaces__rosidl_generator_py.dir/rosidl_generator_py/crazyflie_interfaces/srv/_start_trajectory_s.c.o[0m
[98.800s] [ 94%] [32mBuilding C object CMakeFiles/crazyflie_interfaces__rosidl_generator_py.dir/rosidl_generator_py/crazyflie_interfaces/srv/_stop_s.c.o[0m
[99.112s] [ 94%] [32mBuilding C object CMakeFiles/crazyflie_interfaces__rosidl_generator_py.dir/rosidl_generator_py/crazyflie_interfaces/srv/_takeoff_s.c.o[0m
[99.435s] [ 95%] [32mBuilding C object CMakeFiles/crazyflie_interfaces__rosidl_generator_py.dir/rosidl_generator_py/crazyflie_interfaces/srv/_update_params_s.c.o[0m
[99.751s] [ 95%] [32mBuilding C object CMakeFiles/crazyflie_interfaces__rosidl_generator_py.dir/rosidl_generator_py/crazyflie_interfaces/srv/_upload_trajectory_s.c.o[0m
[100.072s] [ 95%] [32mBuilding C object CMakeFiles/crazyflie_interfaces__rosidl_generator_py.dir/rosidl_generator_py/crazyflie_interfaces/srv/_remove_logging_s.c.o[0m
[100.390s] [ 96%] [32mBuilding C object CMakeFiles/crazyflie_interfaces__rosidl_generator_py.dir/rosidl_generator_py/crazyflie_interfaces/srv/_add_logging_s.c.o[0m
[100.731s] [ 96%] [32mBuilding C object CMakeFiles/crazyflie_interfaces__rosidl_generator_py.dir/rosidl_generator_py/crazyflie_interfaces/srv/_arm_s.c.o[0m
[101.042s] [ 96%] [32mBuilding C object CMakeFiles/crazyflie_interfaces__rosidl_generator_py.dir/rosidl_generator_py/crazyflie_interfaces/srv/_set_group_mask_s.c.o[0m
[101.348s] [ 96%] [32mBuilding C object CMakeFiles/crazyflie_interfaces__rosidl_generator_py.dir/rosidl_generator_py/crazyflie_interfaces/msg/_full_state_s.c.o[0m
[101.617s] [ 97%] [32m[1mLinking C shared library libcrazyflie_interfaces__rosidl_generator_py.so[0m
[101.741s] [ 97%] Built target crazyflie_interfaces__rosidl_generator_py
[101.806s] [ 97%] [32mBuilding C object CMakeFiles/crazyflie_interfaces_s__rosidl_typesupport_fastrtps_c.dir/rosidl_generator_py/crazyflie_interfaces/_crazyflie_interfaces_s.ep.rosidl_typesupport_fastrtps_c.c.o[0m
[102.345s] [ 98%] [32m[1mLinking C shared module rosidl_generator_py/crazyflie_interfaces/crazyflie_interfaces_s__rosidl_typesupport_fastrtps_c.so[0m
[102.449s] [ 98%] Built target crazyflie_interfaces_s__rosidl_typesupport_fastrtps_c
[102.511s] [ 98%] [32mBuilding C object CMakeFiles/crazyflie_interfaces_s__rosidl_typesupport_c.dir/rosidl_generator_py/crazyflie_interfaces/_crazyflie_interfaces_s.ep.rosidl_typesupport_c.c.o[0m
[103.001s] [ 99%] [32m[1mLinking C shared module rosidl_generator_py/crazyflie_interfaces/crazyflie_interfaces_s__rosidl_typesupport_c.so[0m
[103.093s] [ 99%] Built target crazyflie_interfaces_s__rosidl_typesupport_c
[103.145s] [ 99%] [32mBuilding C object CMakeFiles/crazyflie_interfaces_s__rosidl_typesupport_introspection_c.dir/rosidl_generator_py/crazyflie_interfaces/_crazyflie_interfaces_s.ep.rosidl_typesupport_introspection_c.c.o[0m
[103.648s] [100%] [32m[1mLinking C shared module rosidl_generator_py/crazyflie_interfaces/crazyflie_interfaces_s__rosidl_typesupport_introspection_c.so[0m
[103.734s] [100%] Built target crazyflie_interfaces_s__rosidl_typesupport_introspection_c
[103.765s] Invoked command in '/home/ubuntuuser/ros2_ws/build/crazyflie_interfaces' returned '0': CMAKE_PREFIX_PATH=${CMAKE_PREFIX_PATH}:/opt/ros/jazzy DEBUGINFOD_URLS=https://debuginfod.ubuntu.com PS1=(.venv) \[\e]0;\u@\h: \w\a\]${debian_chroot:+($debian_chroot)}\[\033[01;32m\]\u@\h\[\033[00m\]:\[\033[01;34m\]\w\[\033[00m\]\$ VIRTUAL_ENV_PROMPT=(.venv) /usr/bin/cmake --build /home/ubuntuuser/ros2_ws/build/crazyflie_interfaces -- -j4 -l4
[103.770s] Invoking command in '/home/ubuntuuser/ros2_ws/build/crazyflie_interfaces': CMAKE_PREFIX_PATH=${CMAKE_PREFIX_PATH}:/opt/ros/jazzy DEBUGINFOD_URLS=https://debuginfod.ubuntu.com PS1=(.venv) \[\e]0;\u@\h: \w\a\]${debian_chroot:+($debian_chroot)}\[\033[01;32m\]\u@\h\[\033[00m\]:\[\033[01;34m\]\w\[\033[00m\]\$ VIRTUAL_ENV_PROMPT=(.venv) /usr/bin/cmake --install /home/ubuntuuser/ros2_ws/build/crazyflie_interfaces
[103.803s] -- Install configuration: ""
[103.803s] -- Installing: /home/ubuntuuser/ros2_ws/install/crazyflie_interfaces/share/ament_index/resource_index/rosidl_interfaces/crazyflie_interfaces
[103.803s] -- Installing: /home/ubuntuuser/ros2_ws/install/crazyflie_interfaces/share/crazyflie_interfaces/msg/ConnectionStatistics.json
[103.804s] -- Installing: /home/ubuntuuser/ros2_ws/install/crazyflie_interfaces/share/crazyflie_interfaces/msg/ConnectionStatisticsArray.json
[103.804s] -- Installing: /home/ubuntuuser/ros2_ws/install/crazyflie_interfaces/share/crazyflie_interfaces/msg/FullState.json
[103.805s] -- Installing: /home/ubuntuuser/ros2_ws/install/crazyflie_interfaces/share/crazyflie_interfaces/msg/LogDataGeneric.json
[103.805s] -- Installing: /home/ubuntuuser/ros2_ws/install/crazyflie_interfaces/share/crazyflie_interfaces/msg/Hover.json
[103.805s] -- Installing: /home/ubuntuuser/ros2_ws/install/crazyflie_interfaces/share/crazyflie_interfaces/msg/LogBlock.json
[103.806s] -- Installing: /home/ubuntuuser/ros2_ws/install/crazyflie_interfaces/share/crazyflie_interfaces/msg/Position.json
[103.806s] -- Installing: /home/ubuntuuser/ros2_ws/install/crazyflie_interfaces/share/crazyflie_interfaces/msg/Status.json
[103.806s] -- Installing: /home/ubuntuuser/ros2_ws/install/crazyflie_interfaces/share/crazyflie_interfaces/msg/TrajectoryPolynomialPiece.json
[103.807s] -- Installing: /home/ubuntuuser/ros2_ws/install/crazyflie_interfaces/share/crazyflie_interfaces/msg/VelocityWorld.json
[103.807s] -- Installing: /home/ubuntuuser/ros2_ws/install/crazyflie_interfaces/share/crazyflie_interfaces/srv/GoTo.json
[103.808s] -- Installing: /home/ubuntuuser/ros2_ws/install/crazyflie_interfaces/share/crazyflie_interfaces/srv/Land.json
[103.810s] -- Installing: /home/ubuntuuser/ros2_ws/install/crazyflie_interfaces/share/crazyflie_interfaces/srv/NotifySetpointsStop.json
[103.810s] -- Installing: /home/ubuntuuser/ros2_ws/install/crazyflie_interfaces/share/crazyflie_interfaces/srv/SetGroupMask.json
[103.810s] -- Installing: /home/ubuntuuser/ros2_ws/install/crazyflie_interfaces/share/crazyflie_interfaces/srv/StartTrajectory.json
[103.810s] -- Installing: /home/ubuntuuser/ros2_ws/install/crazyflie_interfaces/share/crazyflie_interfaces/srv/Stop.json
[103.810s] -- Installing: /home/ubuntuuser/ros2_ws/install/crazyflie_interfaces/share/crazyflie_interfaces/srv/Takeoff.json
[103.810s] -- Installing: /home/ubuntuuser/ros2_ws/install/crazyflie_interfaces/share/crazyflie_interfaces/srv/UpdateParams.json
[103.810s] -- Installing: /home/ubuntuuser/ros2_ws/install/crazyflie_interfaces/share/crazyflie_interfaces/srv/UploadTrajectory.json
[103.811s] -- Installing: /home/ubuntuuser/ros2_ws/install/crazyflie_interfaces/share/crazyflie_interfaces/srv/RemoveLogging.json
[103.811s] -- Installing: /home/ubuntuuser/ros2_ws/install/crazyflie_interfaces/share/crazyflie_interfaces/srv/AddLogging.json
[103.811s] -- Installing: /home/ubuntuuser/ros2_ws/install/crazyflie_interfaces/share/crazyflie_interfaces/srv/Arm.json
[103.811s] -- Installing: /home/ubuntuuser/ros2_ws/install/crazyflie_interfaces/include/crazyflie_interfaces/crazyflie_interfaces
[103.811s] -- Installing: /home/ubuntuuser/ros2_ws/install/crazyflie_interfaces/include/crazyflie_interfaces/crazyflie_interfaces/msg
[103.811s] -- Installing: /home/ubuntuuser/ros2_ws/install/crazyflie_interfaces/include/crazyflie_interfaces/crazyflie_interfaces/msg/connection_statistics_array.h
[103.812s] -- Installing: /home/ubuntuuser/ros2_ws/install/crazyflie_interfaces/include/crazyflie_interfaces/crazyflie_interfaces/msg/detail
[103.812s] -- Installing: /home/ubuntuuser/ros2_ws/install/crazyflie_interfaces/include/crazyflie_interfaces/crazyflie_interfaces/msg/detail/velocity_world__type_support.c
[103.812s] -- Installing: /home/ubuntuuser/ros2_ws/install/crazyflie_interfaces/include/crazyflie_interfaces/crazyflie_interfaces/msg/detail/full_state__description.c
[103.813s] -- Installing: /home/ubuntuuser/ros2_ws/install/crazyflie_interfaces/include/crazyflie_interfaces/crazyflie_interfaces/msg/detail/connection_statistics_array__functions.h
[103.813s] -- Installing: /home/ubuntuuser/ros2_ws/install/crazyflie_interfaces/include/crazyflie_interfaces/crazyflie_interfaces/msg/detail/log_block__functions.c
[103.814s] -- Installing: /home/ubuntuuser/ros2_ws/install/crazyflie_interfaces/include/crazyflie_interfaces/crazyflie_interfaces/msg/detail/hover__functions.h
[103.814s] -- Installing: /home/ubuntuuser/ros2_ws/install/crazyflie_interfaces/include/crazyflie_interfaces/crazyflie_interfaces/msg/detail/position__functions.h
[103.814s] -- Installing: /home/ubuntuuser/ros2_ws/install/crazyflie_interfaces/include/crazyflie_interfaces/crazyflie_interfaces/msg/detail/log_block__type_support.c
[103.814s] -- Installing: /home/ubuntuuser/ros2_ws/install/crazyflie_interfaces/include/crazyflie_interfaces/crazyflie_interfaces/msg/detail/connection_statistics__struct.h
[103.815s] -- Installing: /home/ubuntuuser/ros2_ws/install/crazyflie_interfaces/include/crazyflie_interfaces/crazyflie_interfaces/msg/detail/connection_statistics__description.c
[103.815s] -- Installing: /home/ubuntuuser/ros2_ws/install/crazyflie_interfaces/include/crazyflie_interfaces/crazyflie_interfaces/msg/detail/connection_statistics_array__type_support.c
[103.815s] -- Installing: /home/ubuntuuser/ros2_ws/install/crazyflie_interfaces/include/crazyflie_interfaces/crazyflie_interfaces/msg/detail/velocity_world__struct.h
[103.815s] -- Installing: /home/ubuntuuser/ros2_ws/install/crazyflie_interfaces/include/crazyflie_interfaces/crazyflie_interfaces/msg/detail/full_state__struct.h
[103.816s] -- Installing: /home/ubuntuuser/ros2_ws/install/crazyflie_interfaces/include/crazyflie_interfaces/crazyflie_interfaces/msg/detail/status__type_support.h
[103.816s] -- Installing: /home/ubuntuuser/ros2_ws/install/crazyflie_interfaces/include/crazyflie_interfaces/crazyflie_interfaces/msg/detail/full_state__functions.h
[103.817s] -- Installing: /home/ubuntuuser/ros2_ws/install/crazyflie_interfaces/include/crazyflie_interfaces/crazyflie_interfaces/msg/detail/log_block__type_support.h
[103.817s] -- Installing: /home/ubuntuuser/ros2_ws/install/crazyflie_interfaces/include/crazyflie_interfaces/crazyflie_interfaces/msg/detail/connection_statistics_array__struct.h
[103.817s] -- Installing: /home/ubuntuuser/ros2_ws/install/crazyflie_interfaces/include/crazyflie_interfaces/crazyflie_interfaces/msg/detail/status__struct.h
[103.818s] -- Installing: /home/ubuntuuser/ros2_ws/install/crazyflie_interfaces/include/crazyflie_interfaces/crazyflie_interfaces/msg/detail/log_block__functions.h
[103.819s] -- Installing: /home/ubuntuuser/ros2_ws/install/crazyflie_interfaces/include/crazyflie_interfaces/crazyflie_interfaces/msg/detail/trajectory_polynomial_piece__description.c
[103.820s] -- Installing: /home/ubuntuuser/ros2_ws/install/crazyflie_interfaces/include/crazyflie_interfaces/crazyflie_interfaces/msg/detail/log_block__description.c
[103.820s] -- Installing: /home/ubuntuuser/ros2_ws/install/crazyflie_interfaces/include/crazyflie_interfaces/crazyflie_interfaces/msg/detail/log_data_generic__struct.h
[103.820s] -- Installing: /home/ubuntuuser/ros2_ws/install/crazyflie_interfaces/include/crazyflie_interfaces/crazyflie_interfaces/msg/detail/full_state__type_support.h
[103.820s] -- Installing: /home/ubuntuuser/ros2_ws/install/crazyflie_interfaces/include/crazyflie_interfaces/crazyflie_interfaces/msg/detail/trajectory_polynomial_piece__functions.c
[103.821s] -- Installing: /home/ubuntuuser/ros2_ws/install/crazyflie_interfaces/include/crazyflie_interfaces/crazyflie_interfaces/msg/detail/connection_statistics_array__description.c
[103.821s] -- Installing: /home/ubuntuuser/ros2_ws/install/crazyflie_interfaces/include/crazyflie_interfaces/crazyflie_interfaces/msg/detail/log_data_generic__type_support.h
[103.821s] -- Installing: /home/ubuntuuser/ros2_ws/install/crazyflie_interfaces/include/crazyflie_interfaces/crazyflie_interfaces/msg/detail/hover__functions.c
[103.821s] -- Installing: /home/ubuntuuser/ros2_ws/install/crazyflie_interfaces/include/crazyflie_interfaces/crazyflie_interfaces/msg/detail/log_block__struct.h
[103.822s] -- Installing: /home/ubuntuuser/ros2_ws/install/crazyflie_interfaces/include/crazyflie_interfaces/crazyflie_interfaces/msg/detail/velocity_world__functions.h
[103.822s] -- Installing: /home/ubuntuuser/ros2_ws/install/crazyflie_interfaces/include/crazyflie_interfaces/crazyflie_interfaces/msg/detail/status__functions.c
[103.822s] -- Installing: /home/ubuntuuser/ros2_ws/install/crazyflie_interfaces/include/crazyflie_interfaces/crazyflie_interfaces/msg/detail/status__type_support.c
[103.822s] -- Installing: /home/ubuntuuser/ros2_ws/install/crazyflie_interfaces/include/crazyflie_interfaces/crazyflie_interfaces/msg/detail/trajectory_polynomial_piece__struct.h
[103.823s] -- Installing: /home/ubuntuuser/ros2_ws/install/crazyflie_interfaces/include/crazyflie_interfaces/crazyflie_interfaces/msg/detail/position__functions.c
[103.823s] -- Installing: /home/ubuntuuser/ros2_ws/install/crazyflie_interfaces/include/crazyflie_interfaces/crazyflie_interfaces/msg/detail/full_state__type_support.c
[103.823s] -- Installing: /home/ubuntuuser/ros2_ws/install/crazyflie_interfaces/include/crazyflie_interfaces/crazyflie_interfaces/msg/detail/connection_statistics__functions.h
[103.823s] -- Installing: /home/ubuntuuser/ros2_ws/install/crazyflie_interfaces/include/crazyflie_interfaces/crazyflie_interfaces/msg/detail/log_data_generic__functions.h
[103.823s] -- Installing: /home/ubuntuuser/ros2_ws/install/crazyflie_interfaces/include/crazyflie_interfaces/crazyflie_interfaces/msg/detail/connection_statistics_array__type_support.h
[103.824s] -- Installing: /home/ubuntuuser/ros2_ws/install/crazyflie_interfaces/include/crazyflie_interfaces/crazyflie_interfaces/msg/detail/full_state__functions.c
[103.824s] -- Installing: /home/ubuntuuser/ros2_ws/install/crazyflie_interfaces/include/crazyflie_interfaces/crazyflie_interfaces/msg/detail/velocity_world__description.c
[103.824s] -- Installing: /home/ubuntuuser/ros2_ws/install/crazyflie_interfaces/include/crazyflie_interfaces/crazyflie_interfaces/msg/detail/log_data_generic__type_support.c
[103.824s] -- Installing: /home/ubuntuuser/ros2_ws/install/crazyflie_interfaces/include/crazyflie_interfaces/crazyflie_interfaces/msg/detail/connection_statistics_array__functions.c
[103.824s] -- Installing: /home/ubuntuuser/ros2_ws/install/crazyflie_interfaces/include/crazyflie_interfaces/crazyflie_interfaces/msg/detail/trajectory_polynomial_piece__type_support.h
[103.825s] -- Installing: /home/ubuntuuser/ros2_ws/install/crazyflie_interfaces/include/crazyflie_interfaces/crazyflie_interfaces/msg/detail/status__description.c
[103.825s] -- Installing: /home/ubuntuuser/ros2_ws/install/crazyflie_interfaces/include/crazyflie_interfaces/crazyflie_interfaces/msg/detail/velocity_world__functions.c
[103.826s] -- Installing: /home/ubuntuuser/ros2_ws/install/crazyflie_interfaces/include/crazyflie_interfaces/crazyflie_interfaces/msg/detail/status__functions.h
[103.826s] -- Installing: /home/ubuntuuser/ros2_ws/install/crazyflie_interfaces/include/crazyflie_interfaces/crazyflie_interfaces/msg/detail/hover__type_support.h
[103.827s] -- Installing: /home/ubuntuuser/ros2_ws/install/crazyflie_interfaces/include/crazyflie_interfaces/crazyflie_interfaces/msg/detail/connection_statistics__functions.c
[103.827s] -- Installing: /home/ubuntuuser/ros2_ws/install/crazyflie_interfaces/include/crazyflie_interfaces/crazyflie_interfaces/msg/detail/trajectory_polynomial_piece__type_support.c
[103.827s] -- Installing: /home/ubuntuuser/ros2_ws/install/crazyflie_interfaces/include/crazyflie_interfaces/crazyflie_interfaces/msg/detail/position__description.c
[103.827s] -- Installing: /home/ubuntuuser/ros2_ws/install/crazyflie_interfaces/include/crazyflie_interfaces/crazyflie_interfaces/msg/detail/position__struct.h
[103.827s] -- Installing: /home/ubuntuuser/ros2_ws/install/crazyflie_interfaces/include/crazyflie_interfaces/crazyflie_interfaces/msg/detail/velocity_world__type_support.h
[103.828s] -- Installing: /home/ubuntuuser/ros2_ws/install/crazyflie_interfaces/include/crazyflie_interfaces/crazyflie_interfaces/msg/detail/position__type_support.h
[103.828s] -- Installing: /home/ubuntuuser/ros2_ws/install/crazyflie_interfaces/include/crazyflie_interfaces/crazyflie_interfaces/msg/detail/hover__struct.h
[103.828s] -- Installing: /home/ubuntuuser/ros2_ws/install/crazyflie_interfaces/include/crazyflie_interfaces/crazyflie_interfaces/msg/detail/hover__type_support.c
[103.829s] -- Installing: /home/ubuntuuser/ros2_ws/install/crazyflie_interfaces/include/crazyflie_interfaces/crazyflie_interfaces/msg/detail/connection_statistics__type_support.h
[103.829s] -- Installing: /home/ubuntuuser/ros2_ws/install/crazyflie_interfaces/include/crazyflie_interfaces/crazyflie_interfaces/msg/detail/log_data_generic__description.c
[103.829s] -- Installing: /home/ubuntuuser/ros2_ws/install/crazyflie_interfaces/include/crazyflie_interfaces/crazyflie_interfaces/msg/detail/connection_statistics__type_support.c
[103.829s] -- Installing: /home/ubuntuuser/ros2_ws/install/crazyflie_interfaces/include/crazyflie_interfaces/crazyflie_interfaces/msg/detail/position__type_support.c
[103.830s] -- Installing: /home/ubuntuuser/ros2_ws/install/crazyflie_interfaces/include/crazyflie_interfaces/crazyflie_interfaces/msg/detail/hover__description.c
[103.830s] -- Installing: /home/ubuntuuser/ros2_ws/install/crazyflie_interfaces/include/crazyflie_interfaces/crazyflie_interfaces/msg/detail/log_data_generic__functions.c
[103.831s] -- Installing: /home/ubuntuuser/ros2_ws/install/crazyflie_interfaces/include/crazyflie_interfaces/crazyflie_interfaces/msg/detail/trajectory_polynomial_piece__functions.h
[103.831s] -- Installing: /home/ubuntuuser/ros2_ws/install/crazyflie_interfaces/include/crazyflie_interfaces/crazyflie_interfaces/msg/status.h
[103.832s] -- Installing: /home/ubuntuuser/ros2_ws/install/crazyflie_interfaces/include/crazyflie_interfaces/crazyflie_interfaces/msg/trajectory_polynomial_piece.h
[103.832s] -- Installing: /home/ubuntuuser/ros2_ws/install/crazyflie_interfaces/include/crazyflie_interfaces/crazyflie_interfaces/msg/log_data_generic.h
[103.833s] -- Installing: /home/ubuntuuser/ros2_ws/install/crazyflie_interfaces/include/crazyflie_interfaces/crazyflie_interfaces/msg/log_block.h
[103.833s] -- Installing: /home/ubuntuuser/ros2_ws/install/crazyflie_interfaces/include/crazyflie_interfaces/crazyflie_interfaces/msg/position.h
[103.833s] -- Installing: /home/ubuntuuser/ros2_ws/install/crazyflie_interfaces/include/crazyflie_interfaces/crazyflie_interfaces/msg/connection_statistics.h
[103.833s] -- Installing: /home/ubuntuuser/ros2_ws/install/crazyflie_interfaces/include/crazyflie_interfaces/crazyflie_interfaces/msg/full_state.h
[103.834s] -- Installing: /home/ubuntuuser/ros2_ws/install/crazyflie_interfaces/include/crazyflie_interfaces/crazyflie_interfaces/msg/hover.h
[103.834s] -- Installing: /home/ubuntuuser/ros2_ws/install/crazyflie_interfaces/include/crazyflie_interfaces/crazyflie_interfaces/msg/rosidl_generator_c__visibility_control.h
[103.834s] -- Installing: /home/ubuntuuser/ros2_ws/install/crazyflie_interfaces/include/crazyflie_interfaces/crazyflie_interfaces/msg/velocity_world.h
[103.834s] -- Installing: /home/ubuntuuser/ros2_ws/install/crazyflie_interfaces/include/crazyflie_interfaces/crazyflie_interfaces/srv
[103.834s] -- Installing: /home/ubuntuuser/ros2_ws/install/crazyflie_interfaces/include/crazyflie_interfaces/crazyflie_interfaces/srv/update_params.h
[103.834s] -- Installing: /home/ubuntuuser/ros2_ws/install/crazyflie_interfaces/include/crazyflie_interfaces/crazyflie_interfaces/srv/detail
[103.835s] -- Installing: /home/ubuntuuser/ros2_ws/install/crazyflie_interfaces/include/crazyflie_interfaces/crazyflie_interfaces/srv/detail/arm__functions.c
[103.835s] -- Installing: /home/ubuntuuser/ros2_ws/install/crazyflie_interfaces/include/crazyflie_interfaces/crazyflie_interfaces/srv/detail/update_params__type_support.c
[103.835s] -- Installing: /home/ubuntuuser/ros2_ws/install/crazyflie_interfaces/include/crazyflie_interfaces/crazyflie_interfaces/srv/detail/takeoff__description.c
[103.835s] -- Installing: /home/ubuntuuser/ros2_ws/install/crazyflie_interfaces/include/crazyflie_interfaces/crazyflie_interfaces/srv/detail/notify_setpoints_stop__type_support.h
[103.836s] -- Installing: /home/ubuntuuser/ros2_ws/install/crazyflie_interfaces/include/crazyflie_interfaces/crazyflie_interfaces/srv/detail/land__description.c
[103.836s] -- Installing: /home/ubuntuuser/ros2_ws/install/crazyflie_interfaces/include/crazyflie_interfaces/crazyflie_interfaces/srv/detail/arm__type_support.h
[103.836s] -- Installing: /home/ubuntuuser/ros2_ws/install/crazyflie_interfaces/include/crazyflie_interfaces/crazyflie_interfaces/srv/detail/update_params__functions.c
[103.836s] -- Installing: /home/ubuntuuser/ros2_ws/install/crazyflie_interfaces/include/crazyflie_interfaces/crazyflie_interfaces/srv/detail/stop__struct.h
[103.836s] -- Installing: /home/ubuntuuser/ros2_ws/install/crazyflie_interfaces/include/crazyflie_interfaces/crazyflie_interfaces/srv/detail/remove_logging__struct.h
[103.836s] -- Installing: /home/ubuntuuser/ros2_ws/install/crazyflie_interfaces/include/crazyflie_interfaces/crazyflie_interfaces/srv/detail/add_logging__type_support.h
[103.836s] -- Installing: /home/ubuntuuser/ros2_ws/install/crazyflie_interfaces/include/crazyflie_interfaces/crazyflie_interfaces/srv/detail/set_group_mask__functions.c
[103.837s] -- Installing: /home/ubuntuuser/ros2_ws/install/crazyflie_interfaces/include/crazyflie_interfaces/crazyflie_interfaces/srv/detail/upload_trajectory__type_support.h
[103.837s] -- Installing: /home/ubuntuuser/ros2_ws/install/crazyflie_interfaces/include/crazyflie_interfaces/crazyflie_interfaces/srv/detail/upload_trajectory__functions.h
[103.837s] -- Installing: /home/ubuntuuser/ros2_ws/install/crazyflie_interfaces/include/crazyflie_interfaces/crazyflie_interfaces/srv/detail/add_logging__type_support.c
[103.837s] -- Installing: /home/ubuntuuser/ros2_ws/install/crazyflie_interfaces/include/crazyflie_interfaces/crazyflie_interfaces/srv/detail/start_trajectory__description.c
[103.838s] -- Installing: /home/ubuntuuser/ros2_ws/install/crazyflie_interfaces/include/crazyflie_interfaces/crazyflie_interfaces/srv/detail/update_params__type_support.h
[103.838s] -- Installing: /home/ubuntuuser/ros2_ws/install/crazyflie_interfaces/include/crazyflie_interfaces/crazyflie_interfaces/srv/detail/start_trajectory__type_support.c
[103.838s] -- Installing: /home/ubuntuuser/ros2_ws/install/crazyflie_interfaces/include/crazyflie_interfaces/crazyflie_interfaces/srv/detail/start_trajectory__struct.h
[103.838s] -- Installing: /home/ubuntuuser/ros2_ws/install/crazyflie_interfaces/include/crazyflie_interfaces/crazyflie_interfaces/srv/detail/upload_trajectory__functions.c
[103.838s] -- Installing: /home/ubuntuuser/ros2_ws/install/crazyflie_interfaces/include/crazyflie_interfaces/crazyflie_interfaces/srv/detail/takeoff__functions.h
[103.838s] -- Installing: /home/ubuntuuser/ros2_ws/install/crazyflie_interfaces/include/crazyflie_interfaces/crazyflie_interfaces/srv/detail/add_logging__struct.h
[103.839s] -- Installing: /home/ubuntuuser/ros2_ws/install/crazyflie_interfaces/include/crazyflie_interfaces/crazyflie_interfaces/srv/detail/go_to__struct.h
[103.839s] -- Installing: /home/ubuntuuser/ros2_ws/install/crazyflie_interfaces/include/crazyflie_interfaces/crazyflie_interfaces/srv/detail/notify_setpoints_stop__functions.c
[103.839s] -- Installing: /home/ubuntuuser/ros2_ws/install/crazyflie_interfaces/include/crazyflie_interfaces/crazyflie_interfaces/srv/detail/remove_logging__functions.h
[103.839s] -- Installing: /home/ubuntuuser/ros2_ws/install/crazyflie_interfaces/include/crazyflie_interfaces/crazyflie_interfaces/srv/detail/land__type_support.c
[103.840s] -- Installing: /home/ubuntuuser/ros2_ws/install/crazyflie_interfaces/include/crazyflie_interfaces/crazyflie_interfaces/srv/detail/remove_logging__type_support.c
[103.840s] -- Installing: /home/ubuntuuser/ros2_ws/install/crazyflie_interfaces/include/crazyflie_interfaces/crazyflie_interfaces/srv/detail/stop__type_support.h
[103.840s] -- Installing: /home/ubuntuuser/ros2_ws/install/crazyflie_interfaces/include/crazyflie_interfaces/crazyflie_interfaces/srv/detail/set_group_mask__type_support.h
[103.840s] -- Installing: /home/ubuntuuser/ros2_ws/install/crazyflie_interfaces/include/crazyflie_interfaces/crazyflie_interfaces/srv/detail/set_group_mask__struct.h
[103.840s] -- Installing: /home/ubuntuuser/ros2_ws/install/crazyflie_interfaces/include/crazyflie_interfaces/crazyflie_interfaces/srv/detail/arm__type_support.c
[103.840s] -- Installing: /home/ubuntuuser/ros2_ws/install/crazyflie_interfaces/include/crazyflie_interfaces/crazyflie_interfaces/srv/detail/notify_setpoints_stop__functions.h
[103.840s] -- Installing: /home/ubuntuuser/ros2_ws/install/crazyflie_interfaces/include/crazyflie_interfaces/crazyflie_interfaces/srv/detail/stop__type_support.c
[103.841s] -- Installing: /home/ubuntuuser/ros2_ws/install/crazyflie_interfaces/include/crazyflie_interfaces/crazyflie_interfaces/srv/detail/go_to__functions.h
[103.841s] -- Installing: /home/ubuntuuser/ros2_ws/install/crazyflie_interfaces/include/crazyflie_interfaces/crazyflie_interfaces/srv/detail/go_to__type_support.c
[103.841s] -- Installing: /home/ubuntuuser/ros2_ws/install/crazyflie_interfaces/include/crazyflie_interfaces/crazyflie_interfaces/srv/detail/set_group_mask__functions.h
[103.841s] -- Installing: /home/ubuntuuser/ros2_ws/install/crazyflie_interfaces/include/crazyflie_interfaces/crazyflie_interfaces/srv/detail/land__functions.h
[103.842s] -- Installing: /home/ubuntuuser/ros2_ws/install/crazyflie_interfaces/include/crazyflie_interfaces/crazyflie_interfaces/srv/detail/upload_trajectory__struct.h
[103.842s] -- Installing: /home/ubuntuuser/ros2_ws/install/crazyflie_interfaces/include/crazyflie_interfaces/crazyflie_interfaces/srv/detail/notify_setpoints_stop__type_support.c
[103.842s] -- Installing: /home/ubuntuuser/ros2_ws/install/crazyflie_interfaces/include/crazyflie_interfaces/crazyflie_interfaces/srv/detail/takeoff__type_support.h
[103.842s] -- Installing: /home/ubuntuuser/ros2_ws/install/crazyflie_interfaces/include/crazyflie_interfaces/crazyflie_interfaces/srv/detail/stop__functions.h
[103.843s] -- Installing: /home/ubuntuuser/ros2_ws/install/crazyflie_interfaces/include/crazyflie_interfaces/crazyflie_interfaces/srv/detail/add_logging__description.c
[103.843s] -- Installing: /home/ubuntuuser/ros2_ws/install/crazyflie_interfaces/include/crazyflie_interfaces/crazyflie_interfaces/srv/detail/set_group_mask__description.c
[103.843s] -- Installing: /home/ubuntuuser/ros2_ws/install/crazyflie_interfaces/include/crazyflie_interfaces/crazyflie_interfaces/srv/detail/remove_logging__functions.c
[103.844s] -- Installing: /home/ubuntuuser/ros2_ws/install/crazyflie_interfaces/include/crazyflie_interfaces/crazyflie_interfaces/srv/detail/update_params__struct.h
[103.844s] -- Installing: /home/ubuntuuser/ros2_ws/install/crazyflie_interfaces/include/crazyflie_interfaces/crazyflie_interfaces/srv/detail/takeoff__type_support.c
[103.844s] -- Installing: /home/ubuntuuser/ros2_ws/install/crazyflie_interfaces/include/crazyflie_interfaces/crazyflie_interfaces/srv/detail/remove_logging__description.c
[103.844s] -- Installing: /home/ubuntuuser/ros2_ws/install/crazyflie_interfaces/include/crazyflie_interfaces/crazyflie_interfaces/srv/detail/stop__description.c
[103.844s] -- Installing: /home/ubuntuuser/ros2_ws/install/crazyflie_interfaces/include/crazyflie_interfaces/crazyflie_interfaces/srv/detail/notify_setpoints_stop__description.c
[103.845s] -- Installing: /home/ubuntuuser/ros2_ws/install/crazyflie_interfaces/include/crazyflie_interfaces/crazyflie_interfaces/srv/detail/upload_trajectory__description.c
[103.845s] -- Installing: /home/ubuntuuser/ros2_ws/install/crazyflie_interfaces/include/crazyflie_interfaces/crazyflie_interfaces/srv/detail/takeoff__functions.c
[103.845s] -- Installing: /home/ubuntuuser/ros2_ws/install/crazyflie_interfaces/include/crazyflie_interfaces/crazyflie_interfaces/srv/detail/upload_trajectory__type_support.c
[103.845s] -- Installing: /home/ubuntuuser/ros2_ws/install/crazyflie_interfaces/include/crazyflie_interfaces/crazyflie_interfaces/srv/detail/start_trajectory__type_support.h
[103.845s] -- Installing: /home/ubuntuuser/ros2_ws/install/crazyflie_interfaces/include/crazyflie_interfaces/crazyflie_interfaces/srv/detail/land__functions.c
[103.846s] -- Installing: /home/ubuntuuser/ros2_ws/install/crazyflie_interfaces/include/crazyflie_interfaces/crazyflie_interfaces/srv/detail/update_params__description.c
[103.846s] -- Installing: /home/ubuntuuser/ros2_ws/install/crazyflie_interfaces/include/crazyflie_interfaces/crazyflie_interfaces/srv/detail/add_logging__functions.c
[103.846s] -- Installing: /home/ubuntuuser/ros2_ws/install/crazyflie_interfaces/include/crazyflie_interfaces/crazyflie_interfaces/srv/detail/go_to__type_support.h
[103.846s] -- Installing: /home/ubuntuuser/ros2_ws/install/crazyflie_interfaces/include/crazyflie_interfaces/crazyflie_interfaces/srv/detail/start_trajectory__functions.c
[103.846s] -- Installing: /home/ubuntuuser/ros2_ws/install/crazyflie_interfaces/include/crazyflie_interfaces/crazyflie_interfaces/srv/detail/remove_logging__type_support.h
[103.847s] -- Installing: /home/ubuntuuser/ros2_ws/install/crazyflie_interfaces/include/crazyflie_interfaces/crazyflie_interfaces/srv/detail/land__struct.h
[103.847s] -- Installing: /home/ubuntuuser/ros2_ws/install/crazyflie_interfaces/include/crazyflie_interfaces/crazyflie_interfaces/srv/detail/arm__description.c
[103.847s] -- Installing: /home/ubuntuuser/ros2_ws/install/crazyflie_interfaces/include/crazyflie_interfaces/crazyflie_interfaces/srv/detail/notify_setpoints_stop__struct.h
[103.847s] -- Installing: /home/ubuntuuser/ros2_ws/install/crazyflie_interfaces/include/crazyflie_interfaces/crazyflie_interfaces/srv/detail/go_to__functions.c
[103.847s] -- Installing: /home/ubuntuuser/ros2_ws/install/crazyflie_interfaces/include/crazyflie_interfaces/crazyflie_interfaces/srv/detail/arm__struct.h
[103.847s] -- Installing: /home/ubuntuuser/ros2_ws/install/crazyflie_interfaces/include/crazyflie_interfaces/crazyflie_interfaces/srv/detail/go_to__description.c
[103.848s] -- Installing: /home/ubuntuuser/ros2_ws/install/crazyflie_interfaces/include/crazyflie_interfaces/crazyflie_interfaces/srv/detail/update_params__functions.h
[103.848s] -- Installing: /home/ubuntuuser/ros2_ws/install/crazyflie_interfaces/include/crazyflie_interfaces/crazyflie_interfaces/srv/detail/land__type_support.h
[103.848s] -- Installing: /home/ubuntuuser/ros2_ws/install/crazyflie_interfaces/include/crazyflie_interfaces/crazyflie_interfaces/srv/detail/set_group_mask__type_support.c
[103.848s] -- Installing: /home/ubuntuuser/ros2_ws/install/crazyflie_interfaces/include/crazyflie_interfaces/crazyflie_interfaces/srv/detail/takeoff__struct.h
[103.848s] -- Installing: /home/ubuntuuser/ros2_ws/install/crazyflie_interfaces/include/crazyflie_interfaces/crazyflie_interfaces/srv/detail/start_trajectory__functions.h
[103.848s] -- Installing: /home/ubuntuuser/ros2_ws/install/crazyflie_interfaces/include/crazyflie_interfaces/crazyflie_interfaces/srv/detail/add_logging__functions.h
[103.849s] -- Installing: /home/ubuntuuser/ros2_ws/install/crazyflie_interfaces/include/crazyflie_interfaces/crazyflie_interfaces/srv/detail/arm__functions.h
[103.849s] -- Installing: /home/ubuntuuser/ros2_ws/install/crazyflie_interfaces/include/crazyflie_interfaces/crazyflie_interfaces/srv/detail/stop__functions.c
[103.849s] -- Installing: /home/ubuntuuser/ros2_ws/install/crazyflie_interfaces/include/crazyflie_interfaces/crazyflie_interfaces/srv/notify_setpoints_stop.h
[103.849s] -- Installing: /home/ubuntuuser/ros2_ws/install/crazyflie_interfaces/include/crazyflie_interfaces/crazyflie_interfaces/srv/arm.h
[103.849s] -- Installing: /home/ubuntuuser/ros2_ws/install/crazyflie_interfaces/include/crazyflie_interfaces/crazyflie_interfaces/srv/start_trajectory.h
[103.850s] -- Installing: /home/ubuntuuser/ros2_ws/install/crazyflie_interfaces/include/crazyflie_interfaces/crazyflie_interfaces/srv/land.h
[103.850s] -- Installing: /home/ubuntuuser/ros2_ws/install/crazyflie_interfaces/include/crazyflie_interfaces/crazyflie_interfaces/srv/set_group_mask.h
[103.850s] -- Installing: /home/ubuntuuser/ros2_ws/install/crazyflie_interfaces/include/crazyflie_interfaces/crazyflie_interfaces/srv/takeoff.h
[103.850s] -- Installing: /home/ubuntuuser/ros2_ws/install/crazyflie_interfaces/include/crazyflie_interfaces/crazyflie_interfaces/srv/remove_logging.h
[103.850s] -- Installing: /home/ubuntuuser/ros2_ws/install/crazyflie_interfaces/include/crazyflie_interfaces/crazyflie_interfaces/srv/go_to.h
[103.850s] -- Installing: /home/ubuntuuser/ros2_ws/install/crazyflie_interfaces/include/crazyflie_interfaces/crazyflie_interfaces/srv/stop.h
[103.851s] -- Installing: /home/ubuntuuser/ros2_ws/install/crazyflie_interfaces/include/crazyflie_interfaces/crazyflie_interfaces/srv/upload_trajectory.h
[103.851s] -- Installing: /home/ubuntuuser/ros2_ws/install/crazyflie_interfaces/include/crazyflie_interfaces/crazyflie_interfaces/srv/add_logging.h
[103.851s] -- Installing: /home/ubuntuuser/ros2_ws/install/crazyflie_interfaces/share/crazyflie_interfaces/environment/library_path.sh
[103.851s] -- Installing: /home/ubuntuuser/ros2_ws/install/crazyflie_interfaces/share/crazyflie_interfaces/environment/library_path.dsv
[103.851s] -- Installing: /home/ubuntuuser/ros2_ws/install/crazyflie_interfaces/lib/libcrazyflie_interfaces__rosidl_generator_c.so
[103.853s] -- Set non-toolchain portion of runtime path of "/home/ubuntuuser/ros2_ws/install/crazyflie_interfaces/lib/libcrazyflie_interfaces__rosidl_generator_c.so" to ""
[103.853s] -- Up-to-date: /home/ubuntuuser/ros2_ws/install/crazyflie_interfaces/include/crazyflie_interfaces/crazyflie_interfaces
[103.853s] -- Up-to-date: /home/ubuntuuser/ros2_ws/install/crazyflie_interfaces/include/crazyflie_interfaces/crazyflie_interfaces/msg
[103.854s] -- Up-to-date: /home/ubuntuuser/ros2_ws/install/crazyflie_interfaces/include/crazyflie_interfaces/crazyflie_interfaces/msg/detail
[103.854s] -- Installing: /home/ubuntuuser/ros2_ws/install/crazyflie_interfaces/include/crazyflie_interfaces/crazyflie_interfaces/msg/detail/position__rosidl_typesupport_fastrtps_c.h
[103.854s] -- Installing: /home/ubuntuuser/ros2_ws/install/crazyflie_interfaces/include/crazyflie_interfaces/crazyflie_interfaces/msg/detail/log_data_generic__rosidl_typesupport_fastrtps_c.h
[103.854s] -- Installing: /home/ubuntuuser/ros2_ws/install/crazyflie_interfaces/include/crazyflie_interfaces/crazyflie_interfaces/msg/detail/full_state__rosidl_typesupport_fastrtps_c.h
[103.855s] -- Installing: /home/ubuntuuser/ros2_ws/install/crazyflie_interfaces/include/crazyflie_interfaces/crazyflie_interfaces/msg/detail/connection_statistics_array__rosidl_typesupport_fastrtps_c.h
[103.855s] -- Installing: /home/ubuntuuser/ros2_ws/install/crazyflie_interfaces/include/crazyflie_interfaces/crazyflie_interfaces/msg/detail/velocity_world__rosidl_typesupport_fastrtps_c.h
[103.855s] -- Installing: /home/ubuntuuser/ros2_ws/install/crazyflie_interfaces/include/crazyflie_interfaces/crazyflie_interfaces/msg/detail/log_block__rosidl_typesupport_fastrtps_c.h
[103.855s] -- Installing: /home/ubuntuuser/ros2_ws/install/crazyflie_interfaces/include/crazyflie_interfaces/crazyflie_interfaces/msg/detail/trajectory_polynomial_piece__rosidl_typesupport_fastrtps_c.h
[103.856s] -- Installing: /home/ubuntuuser/ros2_ws/install/crazyflie_interfaces/include/crazyflie_interfaces/crazyflie_interfaces/msg/detail/connection_statistics__rosidl_typesupport_fastrtps_c.h
[103.856s] -- Installing: /home/ubuntuuser/ros2_ws/install/crazyflie_interfaces/include/crazyflie_interfaces/crazyflie_interfaces/msg/detail/status__rosidl_typesupport_fastrtps_c.h
[103.856s] -- Installing: /home/ubuntuuser/ros2_ws/install/crazyflie_interfaces/include/crazyflie_interfaces/crazyflie_interfaces/msg/detail/hover__rosidl_typesupport_fastrtps_c.h
[103.856s] -- Installing: /home/ubuntuuser/ros2_ws/install/crazyflie_interfaces/include/crazyflie_interfaces/crazyflie_interfaces/msg/rosidl_typesupport_fastrtps_c__visibility_control.h
[103.857s] -- Up-to-date: /home/ubuntuuser/ros2_ws/install/crazyflie_interfaces/include/crazyflie_interfaces/crazyflie_interfaces/srv
[103.857s] -- Up-to-date: /home/ubuntuuser/ros2_ws/install/crazyflie_interfaces/include/crazyflie_interfaces/crazyflie_interfaces/srv/detail
[103.857s] -- Installing: /home/ubuntuuser/ros2_ws/install/crazyflie_interfaces/include/crazyflie_interfaces/crazyflie_interfaces/srv/detail/start_trajectory__rosidl_typesupport_fastrtps_c.h
[103.857s] -- Installing: /home/ubuntuuser/ros2_ws/install/crazyflie_interfaces/include/crazyflie_interfaces/crazyflie_interfaces/srv/detail/land__rosidl_typesupport_fastrtps_c.h
[103.858s] -- Installing: /home/ubuntuuser/ros2_ws/install/crazyflie_interfaces/include/crazyflie_interfaces/crazyflie_interfaces/srv/detail/stop__rosidl_typesupport_fastrtps_c.h
[103.858s] -- Installing: /home/ubuntuuser/ros2_ws/install/crazyflie_interfaces/include/crazyflie_interfaces/crazyflie_interfaces/srv/detail/set_group_mask__rosidl_typesupport_fastrtps_c.h
[103.858s] -- Installing: /home/ubuntuuser/ros2_ws/install/crazyflie_interfaces/include/crazyflie_interfaces/crazyflie_interfaces/srv/detail/update_params__rosidl_typesupport_fastrtps_c.h
[103.858s] -- Installing: /home/ubuntuuser/ros2_ws/install/crazyflie_interfaces/include/crazyflie_interfaces/crazyflie_interfaces/srv/detail/notify_setpoints_stop__rosidl_typesupport_fastrtps_c.h
[103.859s] -- Installing: /home/ubuntuuser/ros2_ws/install/crazyflie_interfaces/include/crazyflie_interfaces/crazyflie_interfaces/srv/detail/remove_logging__rosidl_typesupport_fastrtps_c.h
[103.859s] -- Installing: /home/ubuntuuser/ros2_ws/install/crazyflie_interfaces/include/crazyflie_interfaces/crazyflie_interfaces/srv/detail/add_logging__rosidl_typesupport_fastrtps_c.h
[103.859s] -- Installing: /home/ubuntuuser/ros2_ws/install/crazyflie_interfaces/include/crazyflie_interfaces/crazyflie_interfaces/srv/detail/takeoff__rosidl_typesupport_fastrtps_c.h
[103.859s] -- Installing: /home/ubuntuuser/ros2_ws/install/crazyflie_interfaces/include/crazyflie_interfaces/crazyflie_interfaces/srv/detail/arm__rosidl_typesupport_fastrtps_c.h
[103.859s] -- Installing: /home/ubuntuuser/ros2_ws/install/crazyflie_interfaces/include/crazyflie_interfaces/crazyflie_interfaces/srv/detail/upload_trajectory__rosidl_typesupport_fastrtps_c.h
[103.861s] -- Installing: /home/ubuntuuser/ros2_ws/install/crazyflie_interfaces/include/crazyflie_interfaces/crazyflie_interfaces/srv/detail/go_to__rosidl_typesupport_fastrtps_c.h
[103.861s] -- Installing: /home/ubuntuuser/ros2_ws/install/crazyflie_interfaces/lib/libcrazyflie_interfaces__rosidl_typesupport_fastrtps_c.so
[103.862s] -- Set non-toolchain portion of runtime path of "/home/ubuntuuser/ros2_ws/install/crazyflie_interfaces/lib/libcrazyflie_interfaces__rosidl_typesupport_fastrtps_c.so" to ""
[103.862s] -- Up-to-date: /home/ubuntuuser/ros2_ws/install/crazyflie_interfaces/include/crazyflie_interfaces/crazyflie_interfaces
[103.862s] -- Up-to-date: /home/ubuntuuser/ros2_ws/install/crazyflie_interfaces/include/crazyflie_interfaces/crazyflie_interfaces/msg
[103.862s] -- Installing: /home/ubuntuuser/ros2_ws/install/crazyflie_interfaces/include/crazyflie_interfaces/crazyflie_interfaces/msg/rosidl_generator_cpp__visibility_control.hpp
[103.863s] -- Up-to-date: /home/ubuntuuser/ros2_ws/install/crazyflie_interfaces/include/crazyflie_interfaces/crazyflie_interfaces/msg/detail
[103.863s] -- Installing: /home/ubuntuuser/ros2_ws/install/crazyflie_interfaces/include/crazyflie_interfaces/crazyflie_interfaces/msg/detail/connection_statistics_array__builder.hpp
[103.863s] -- Installing: /home/ubuntuuser/ros2_ws/install/crazyflie_interfaces/include/crazyflie_interfaces/crazyflie_interfaces/msg/detail/trajectory_polynomial_piece__traits.hpp
[103.865s] -- Installing: /home/ubuntuuser/ros2_ws/install/crazyflie_interfaces/include/crazyflie_interfaces/crazyflie_interfaces/msg/detail/log_block__type_support.hpp
[103.865s] -- Installing: /home/ubuntuuser/ros2_ws/install/crazyflie_interfaces/include/crazyflie_interfaces/crazyflie_interfaces/msg/detail/trajectory_polynomial_piece__builder.hpp
[103.865s] -- Installing: /home/ubuntuuser/ros2_ws/install/crazyflie_interfaces/include/crazyflie_interfaces/crazyflie_interfaces/msg/detail/position__type_support.hpp
[103.865s] -- Installing: /home/ubuntuuser/ros2_ws/install/crazyflie_interfaces/include/crazyflie_interfaces/crazyflie_interfaces/msg/detail/log_block__struct.hpp
[103.866s] -- Installing: /home/ubuntuuser/ros2_ws/install/crazyflie_interfaces/include/crazyflie_interfaces/crazyflie_interfaces/msg/detail/velocity_world__type_support.hpp
[103.866s] -- Installing: /home/ubuntuuser/ros2_ws/install/crazyflie_interfaces/include/crazyflie_interfaces/crazyflie_interfaces/msg/detail/log_data_generic__type_support.hpp
[103.866s] -- Installing: /home/ubuntuuser/ros2_ws/install/crazyflie_interfaces/include/crazyflie_interfaces/crazyflie_interfaces/msg/detail/connection_statistics__builder.hpp
[103.866s] -- Installing: /home/ubuntuuser/ros2_ws/install/crazyflie_interfaces/include/crazyflie_interfaces/crazyflie_interfaces/msg/detail/connection_statistics__type_support.hpp
[103.866s] -- Installing: /home/ubuntuuser/ros2_ws/install/crazyflie_interfaces/include/crazyflie_interfaces/crazyflie_interfaces/msg/detail/hover__traits.hpp
[103.866s] -- Installing: /home/ubuntuuser/ros2_ws/install/crazyflie_interfaces/include/crazyflie_interfaces/crazyflie_interfaces/msg/detail/hover__type_support.hpp
[103.867s] -- Installing: /home/ubuntuuser/ros2_ws/install/crazyflie_interfaces/include/crazyflie_interfaces/crazyflie_interfaces/msg/detail/connection_statistics_array__struct.hpp
[103.867s] -- Installing: /home/ubuntuuser/ros2_ws/install/crazyflie_interfaces/include/crazyflie_interfaces/crazyflie_interfaces/msg/detail/status__builder.hpp
[103.867s] -- Installing: /home/ubuntuuser/ros2_ws/install/crazyflie_interfaces/include/crazyflie_interfaces/crazyflie_interfaces/msg/detail/status__struct.hpp
[103.868s] -- Installing: /home/ubuntuuser/ros2_ws/install/crazyflie_interfaces/include/crazyflie_interfaces/crazyflie_interfaces/msg/detail/connection_statistics__traits.hpp
[103.868s] -- Installing: /home/ubuntuuser/ros2_ws/install/crazyflie_interfaces/include/crazyflie_interfaces/crazyflie_interfaces/msg/detail/log_data_generic__traits.hpp
[103.871s] -- Installing: /home/ubuntuuser/ros2_ws/install/crazyflie_interfaces/include/crazyflie_interfaces/crazyflie_interfaces/msg/detail/log_block__traits.hpp
[103.873s] -- Installing: /home/ubuntuuser/ros2_ws/install/crazyflie_interfaces/include/crazyflie_interfaces/crazyflie_interfaces/msg/detail/status__type_support.hpp
[103.873s] -- Installing: /home/ubuntuuser/ros2_ws/install/crazyflie_interfaces/include/crazyflie_interfaces/crazyflie_interfaces/msg/detail/connection_statistics_array__type_support.hpp
[103.876s] -- Installing: /home/ubuntuuser/ros2_ws/install/crazyflie_interfaces/include/crazyflie_interfaces/crazyflie_interfaces/msg/detail/trajectory_polynomial_piece__type_support.hpp
[103.876s] -- Installing: /home/ubuntuuser/ros2_ws/install/crazyflie_interfaces/include/crazyflie_interfaces/crazyflie_interfaces/msg/detail/log_data_generic__struct.hpp
[103.876s] -- Installing: /home/ubuntuuser/ros2_ws/install/crazyflie_interfaces/include/crazyflie_interfaces/crazyflie_interfaces/msg/detail/position__struct.hpp
[103.877s] -- Installing: /home/ubuntuuser/ros2_ws/install/crazyflie_interfaces/include/crazyflie_interfaces/crazyflie_interfaces/msg/detail/status__traits.hpp
[103.877s] -- Installing: /home/ubuntuuser/ros2_ws/install/crazyflie_interfaces/include/crazyflie_interfaces/crazyflie_interfaces/msg/detail/position__traits.hpp
[103.877s] -- Installing: /home/ubuntuuser/ros2_ws/install/crazyflie_interfaces/include/crazyflie_interfaces/crazyflie_interfaces/msg/detail/position__builder.hpp
[103.878s] -- Installing: /home/ubuntuuser/ros2_ws/install/crazyflie_interfaces/include/crazyflie_interfaces/crazyflie_interfaces/msg/detail/hover__struct.hpp
[103.878s] -- Installing: /home/ubuntuuser/ros2_ws/install/crazyflie_interfaces/include/crazyflie_interfaces/crazyflie_interfaces/msg/detail/hover__builder.hpp
[103.878s] -- Installing: /home/ubuntuuser/ros2_ws/install/crazyflie_interfaces/include/crazyflie_interfaces/crazyflie_interfaces/msg/detail/log_block__builder.hpp
[103.878s] -- Installing: /home/ubuntuuser/ros2_ws/install/crazyflie_interfaces/include/crazyflie_interfaces/crazyflie_interfaces/msg/detail/full_state__struct.hpp
[103.879s] -- Installing: /home/ubuntuuser/ros2_ws/install/crazyflie_interfaces/include/crazyflie_interfaces/crazyflie_interfaces/msg/detail/full_state__traits.hpp
[103.879s] -- Installing: /home/ubuntuuser/ros2_ws/install/crazyflie_interfaces/include/crazyflie_interfaces/crazyflie_interfaces/msg/detail/log_data_generic__builder.hpp
[103.879s] -- Installing: /home/ubuntuuser/ros2_ws/install/crazyflie_interfaces/include/crazyflie_interfaces/crazyflie_interfaces/msg/detail/full_state__builder.hpp
[103.879s] -- Installing: /home/ubuntuuser/ros2_ws/install/crazyflie_interfaces/include/crazyflie_interfaces/crazyflie_interfaces/msg/detail/full_state__type_support.hpp
[103.879s] -- Installing: /home/ubuntuuser/ros2_ws/install/crazyflie_interfaces/include/crazyflie_interfaces/crazyflie_interfaces/msg/detail/trajectory_polynomial_piece__struct.hpp
[103.879s] -- Installing: /home/ubuntuuser/ros2_ws/install/crazyflie_interfaces/include/crazyflie_interfaces/crazyflie_interfaces/msg/detail/velocity_world__builder.hpp
[103.879s] -- Installing: /home/ubuntuuser/ros2_ws/install/crazyflie_interfaces/include/crazyflie_interfaces/crazyflie_interfaces/msg/detail/connection_statistics__struct.hpp
[103.880s] -- Installing: /home/ubuntuuser/ros2_ws/install/crazyflie_interfaces/include/crazyflie_interfaces/crazyflie_interfaces/msg/detail/connection_statistics_array__traits.hpp
[103.880s] -- Installing: /home/ubuntuuser/ros2_ws/install/crazyflie_interfaces/include/crazyflie_interfaces/crazyflie_interfaces/msg/detail/velocity_world__struct.hpp
[103.880s] -- Installing: /home/ubuntuuser/ros2_ws/install/crazyflie_interfaces/include/crazyflie_interfaces/crazyflie_interfaces/msg/detail/velocity_world__traits.hpp
[103.881s] -- Installing: /home/ubuntuuser/ros2_ws/install/crazyflie_interfaces/include/crazyflie_interfaces/crazyflie_interfaces/msg/full_state.hpp
[103.881s] -- Installing: /home/ubuntuuser/ros2_ws/install/crazyflie_interfaces/include/crazyflie_interfaces/crazyflie_interfaces/msg/log_block.hpp
[103.881s] -- Installing: /home/ubuntuuser/ros2_ws/install/crazyflie_interfaces/include/crazyflie_interfaces/crazyflie_interfaces/msg/log_data_generic.hpp
[103.882s] -- Installing: /home/ubuntuuser/ros2_ws/install/crazyflie_interfaces/include/crazyflie_interfaces/crazyflie_interfaces/msg/hover.hpp
[103.882s] -- Installing: /home/ubuntuuser/ros2_ws/install/crazyflie_interfaces/include/crazyflie_interfaces/crazyflie_interfaces/msg/connection_statistics_array.hpp
[103.882s] -- Installing: /home/ubuntuuser/ros2_ws/install/crazyflie_interfaces/include/crazyflie_interfaces/crazyflie_interfaces/msg/trajectory_polynomial_piece.hpp
[103.883s] -- Installing: /home/ubuntuuser/ros2_ws/install/crazyflie_interfaces/include/crazyflie_interfaces/crazyflie_interfaces/msg/connection_statistics.hpp
[103.883s] -- Installing: /home/ubuntuuser/ros2_ws/install/crazyflie_interfaces/include/crazyflie_interfaces/crazyflie_interfaces/msg/status.hpp
[103.884s] -- Installing: /home/ubuntuuser/ros2_ws/install/crazyflie_interfaces/include/crazyflie_interfaces/crazyflie_interfaces/msg/velocity_world.hpp
[103.884s] -- Installing: /home/ubuntuuser/ros2_ws/install/crazyflie_interfaces/include/crazyflie_interfaces/crazyflie_interfaces/msg/position.hpp
[103.884s] -- Up-to-date: /home/ubuntuuser/ros2_ws/install/crazyflie_interfaces/include/crazyflie_interfaces/crazyflie_interfaces/srv
[103.884s] -- Up-to-date: /home/ubuntuuser/ros2_ws/install/crazyflie_interfaces/include/crazyflie_interfaces/crazyflie_interfaces/srv/detail
[103.885s] -- Installing: /home/ubuntuuser/ros2_ws/install/crazyflie_interfaces/include/crazyflie_interfaces/crazyflie_interfaces/srv/detail/stop__builder.hpp
[103.885s] -- Installing: /home/ubuntuuser/ros2_ws/install/crazyflie_interfaces/include/crazyflie_interfaces/crazyflie_interfaces/srv/detail/notify_setpoints_stop__type_support.hpp
[103.885s] -- Installing: /home/ubuntuuser/ros2_ws/install/crazyflie_interfaces/include/crazyflie_interfaces/crazyflie_interfaces/srv/detail/land__struct.hpp
[103.885s] -- Installing: /home/ubuntuuser/ros2_ws/install/crazyflie_interfaces/include/crazyflie_interfaces/crazyflie_interfaces/srv/detail/notify_setpoints_stop__struct.hpp
[103.886s] -- Installing: /home/ubuntuuser/ros2_ws/install/crazyflie_interfaces/include/crazyflie_interfaces/crazyflie_interfaces/srv/detail/upload_trajectory__type_support.hpp
[103.886s] -- Installing: /home/ubuntuuser/ros2_ws/install/crazyflie_interfaces/include/crazyflie_interfaces/crazyflie_interfaces/srv/detail/land__builder.hpp
[103.886s] -- Installing: /home/ubuntuuser/ros2_ws/install/crazyflie_interfaces/include/crazyflie_interfaces/crazyflie_interfaces/srv/detail/set_group_mask__traits.hpp
[103.886s] -- Installing: /home/ubuntuuser/ros2_ws/install/crazyflie_interfaces/include/crazyflie_interfaces/crazyflie_interfaces/srv/detail/stop__traits.hpp
[103.886s] -- Installing: /home/ubuntuuser/ros2_ws/install/crazyflie_interfaces/include/crazyflie_interfaces/crazyflie_interfaces/srv/detail/add_logging__traits.hpp
[103.887s] -- Installing: /home/ubuntuuser/ros2_ws/install/crazyflie_interfaces/include/crazyflie_interfaces/crazyflie_interfaces/srv/detail/takeoff__builder.hpp
[103.887s] -- Installing: /home/ubuntuuser/ros2_ws/install/crazyflie_interfaces/include/crazyflie_interfaces/crazyflie_interfaces/srv/detail/arm__type_support.hpp
[103.887s] -- Installing: /home/ubuntuuser/ros2_ws/install/crazyflie_interfaces/include/crazyflie_interfaces/crazyflie_interfaces/srv/detail/upload_trajectory__traits.hpp
[103.887s] -- Installing: /home/ubuntuuser/ros2_ws/install/crazyflie_interfaces/include/crazyflie_interfaces/crazyflie_interfaces/srv/detail/remove_logging__struct.hpp
[103.887s] -- Installing: /home/ubuntuuser/ros2_ws/install/crazyflie_interfaces/include/crazyflie_interfaces/crazyflie_interfaces/srv/detail/start_trajectory__traits.hpp
[103.888s] -- Installing: /home/ubuntuuser/ros2_ws/install/crazyflie_interfaces/include/crazyflie_interfaces/crazyflie_interfaces/srv/detail/go_to__type_support.hpp
[103.888s] -- Installing: /home/ubuntuuser/ros2_ws/install/crazyflie_interfaces/include/crazyflie_interfaces/crazyflie_interfaces/srv/detail/add_logging__type_support.hpp
[103.888s] -- Installing: /home/ubuntuuser/ros2_ws/install/crazyflie_interfaces/include/crazyflie_interfaces/crazyflie_interfaces/srv/detail/land__traits.hpp
[103.889s] -- Installing: /home/ubuntuuser/ros2_ws/install/crazyflie_interfaces/include/crazyflie_interfaces/crazyflie_interfaces/srv/detail/set_group_mask__builder.hpp
[103.889s] -- Installing: /home/ubuntuuser/ros2_ws/install/crazyflie_interfaces/include/crazyflie_interfaces/crazyflie_interfaces/srv/detail/takeoff__struct.hpp
[103.889s] -- Installing: /home/ubuntuuser/ros2_ws/install/crazyflie_interfaces/include/crazyflie_interfaces/crazyflie_interfaces/srv/detail/set_group_mask__struct.hpp
[103.889s] -- Installing: /home/ubuntuuser/ros2_ws/install/crazyflie_interfaces/include/crazyflie_interfaces/crazyflie_interfaces/srv/detail/arm__struct.hpp
[103.889s] -- Installing: /home/ubuntuuser/ros2_ws/install/crazyflie_interfaces/include/crazyflie_interfaces/crazyflie_interfaces/srv/detail/go_to__builder.hpp
[103.890s] -- Installing: /home/ubuntuuser/ros2_ws/install/crazyflie_interfaces/include/crazyflie_interfaces/crazyflie_interfaces/srv/detail/go_to__struct.hpp
[103.890s] -- Installing: /home/ubuntuuser/ros2_ws/install/crazyflie_interfaces/include/crazyflie_interfaces/crazyflie_interfaces/srv/detail/land__type_support.hpp
[103.890s] -- Installing: /home/ubuntuuser/ros2_ws/install/crazyflie_interfaces/include/crazyflie_interfaces/crazyflie_interfaces/srv/detail/notify_setpoints_stop__builder.hpp
[103.890s] -- Installing: /home/ubuntuuser/ros2_ws/install/crazyflie_interfaces/include/crazyflie_interfaces/crazyflie_interfaces/srv/detail/notify_setpoints_stop__traits.hpp
[103.891s] -- Installing: /home/ubuntuuser/ros2_ws/install/crazyflie_interfaces/include/crazyflie_interfaces/crazyflie_interfaces/srv/detail/update_params__type_support.hpp
[103.891s] -- Installing: /home/ubuntuuser/ros2_ws/install/crazyflie_interfaces/include/crazyflie_interfaces/crazyflie_interfaces/srv/detail/takeoff__traits.hpp
[103.891s] -- Installing: /home/ubuntuuser/ros2_ws/install/crazyflie_interfaces/include/crazyflie_interfaces/crazyflie_interfaces/srv/detail/arm__builder.hpp
[103.892s] -- Installing: /home/ubuntuuser/ros2_ws/install/crazyflie_interfaces/include/crazyflie_interfaces/crazyflie_interfaces/srv/detail/start_trajectory__type_support.hpp
[103.892s] -- Installing: /home/ubuntuuser/ros2_ws/install/crazyflie_interfaces/include/crazyflie_interfaces/crazyflie_interfaces/srv/detail/add_logging__struct.hpp
[103.892s] -- Installing: /home/ubuntuuser/ros2_ws/install/crazyflie_interfaces/include/crazyflie_interfaces/crazyflie_interfaces/srv/detail/upload_trajectory__struct.hpp
[103.892s] -- Installing: /home/ubuntuuser/ros2_ws/install/crazyflie_interfaces/include/crazyflie_interfaces/crazyflie_interfaces/srv/detail/remove_logging__type_support.hpp
[103.893s] -- Installing: /home/ubuntuuser/ros2_ws/install/crazyflie_interfaces/include/crazyflie_interfaces/crazyflie_interfaces/srv/detail/update_params__struct.hpp
[103.893s] -- Installing: /home/ubuntuuser/ros2_ws/install/crazyflie_interfaces/include/crazyflie_interfaces/crazyflie_interfaces/srv/detail/takeoff__type_support.hpp
[103.893s] -- Installing: /home/ubuntuuser/ros2_ws/install/crazyflie_interfaces/include/crazyflie_interfaces/crazyflie_interfaces/srv/detail/upload_trajectory__builder.hpp
[103.893s] -- Installing: /home/ubuntuuser/ros2_ws/install/crazyflie_interfaces/include/crazyflie_interfaces/crazyflie_interfaces/srv/detail/start_trajectory__builder.hpp
[103.894s] -- Installing: /home/ubuntuuser/ros2_ws/install/crazyflie_interfaces/include/crazyflie_interfaces/crazyflie_interfaces/srv/detail/update_params__builder.hpp
[103.894s] -- Installing: /home/ubuntuuser/ros2_ws/install/crazyflie_interfaces/include/crazyflie_interfaces/crazyflie_interfaces/srv/detail/start_trajectory__struct.hpp
[103.894s] -- Installing: /home/ubuntuuser/ros2_ws/install/crazyflie_interfaces/include/crazyflie_interfaces/crazyflie_interfaces/srv/detail/arm__traits.hpp
[103.894s] -- Installing: /home/ubuntuuser/ros2_ws/install/crazyflie_interfaces/include/crazyflie_interfaces/crazyflie_interfaces/srv/detail/set_group_mask__type_support.hpp
[103.894s] -- Installing: /home/ubuntuuser/ros2_ws/install/crazyflie_interfaces/include/crazyflie_interfaces/crazyflie_interfaces/srv/detail/stop__type_support.hpp
[103.894s] -- Installing: /home/ubuntuuser/ros2_ws/install/crazyflie_interfaces/include/crazyflie_interfaces/crazyflie_interfaces/srv/detail/remove_logging__builder.hpp
[103.894s] -- Installing: /home/ubuntuuser/ros2_ws/install/crazyflie_interfaces/include/crazyflie_interfaces/crazyflie_interfaces/srv/detail/add_logging__builder.hpp
[103.895s] -- Installing: /home/ubuntuuser/ros2_ws/install/crazyflie_interfaces/include/crazyflie_interfaces/crazyflie_interfaces/srv/detail/remove_logging__traits.hpp
[103.895s] -- Installing: /home/ubuntuuser/ros2_ws/install/crazyflie_interfaces/include/crazyflie_interfaces/crazyflie_interfaces/srv/detail/go_to__traits.hpp
[103.896s] -- Installing: /home/ubuntuuser/ros2_ws/install/crazyflie_interfaces/include/crazyflie_interfaces/crazyflie_interfaces/srv/detail/update_params__traits.hpp
[103.896s] -- Installing: /home/ubuntuuser/ros2_ws/install/crazyflie_interfaces/include/crazyflie_interfaces/crazyflie_interfaces/srv/detail/stop__struct.hpp
[103.896s] -- Installing: /home/ubuntuuser/ros2_ws/install/crazyflie_interfaces/include/crazyflie_interfaces/crazyflie_interfaces/srv/notify_setpoints_stop.hpp
[103.896s] -- Installing: /home/ubuntuuser/ros2_ws/install/crazyflie_interfaces/include/crazyflie_interfaces/crazyflie_interfaces/srv/stop.hpp
[103.896s] -- Installing: /home/ubuntuuser/ros2_ws/install/crazyflie_interfaces/include/crazyflie_interfaces/crazyflie_interfaces/srv/takeoff.hpp
[103.896s] -- Installing: /home/ubuntuuser/ros2_ws/install/crazyflie_interfaces/include/crazyflie_interfaces/crazyflie_interfaces/srv/start_trajectory.hpp
[103.897s] -- Installing: /home/ubuntuuser/ros2_ws/install/crazyflie_interfaces/include/crazyflie_interfaces/crazyflie_interfaces/srv/add_logging.hpp
[103.897s] -- Installing: /home/ubuntuuser/ros2_ws/install/crazyflie_interfaces/include/crazyflie_interfaces/crazyflie_interfaces/srv/land.hpp
[103.897s] -- Installing: /home/ubuntuuser/ros2_ws/install/crazyflie_interfaces/include/crazyflie_interfaces/crazyflie_interfaces/srv/go_to.hpp
[103.897s] -- Installing: /home/ubuntuuser/ros2_ws/install/crazyflie_interfaces/include/crazyflie_interfaces/crazyflie_interfaces/srv/remove_logging.hpp
[103.897s] -- Installing: /home/ubuntuuser/ros2_ws/install/crazyflie_interfaces/include/crazyflie_interfaces/crazyflie_interfaces/srv/update_params.hpp
[103.897s] -- Installing: /home/ubuntuuser/ros2_ws/install/crazyflie_interfaces/include/crazyflie_interfaces/crazyflie_interfaces/srv/set_group_mask.hpp
[103.897s] -- Installing: /home/ubuntuuser/ros2_ws/install/crazyflie_interfaces/include/crazyflie_interfaces/crazyflie_interfaces/srv/arm.hpp
[103.898s] -- Installing: /home/ubuntuuser/ros2_ws/install/crazyflie_interfaces/include/crazyflie_interfaces/crazyflie_interfaces/srv/upload_trajectory.hpp
[103.898s] -- Up-to-date: /home/ubuntuuser/ros2_ws/install/crazyflie_interfaces/include/crazyflie_interfaces/crazyflie_interfaces
[103.898s] -- Up-to-date: /home/ubuntuuser/ros2_ws/install/crazyflie_interfaces/include/crazyflie_interfaces/crazyflie_interfaces/msg
[103.899s] -- Up-to-date: /home/ubuntuuser/ros2_ws/install/crazyflie_interfaces/include/crazyflie_interfaces/crazyflie_interfaces/msg/detail
[103.899s] -- Installing: /home/ubuntuuser/ros2_ws/install/crazyflie_interfaces/include/crazyflie_interfaces/crazyflie_interfaces/msg/detail/hover__rosidl_typesupport_fastrtps_cpp.hpp
[103.899s] -- Installing: /home/ubuntuuser/ros2_ws/install/crazyflie_interfaces/include/crazyflie_interfaces/crazyflie_interfaces/msg/detail/trajectory_polynomial_piece__rosidl_typesupport_fastrtps_cpp.hpp
[103.899s] -- Installing: /home/ubuntuuser/ros2_ws/install/crazyflie_interfaces/include/crazyflie_interfaces/crazyflie_interfaces/msg/detail/velocity_world__rosidl_typesupport_fastrtps_cpp.hpp
[103.900s] -- Installing: /home/ubuntuuser/ros2_ws/install/crazyflie_interfaces/include/crazyflie_interfaces/crazyflie_interfaces/msg/detail/full_state__rosidl_typesupport_fastrtps_cpp.hpp
[103.900s] -- Installing: /home/ubuntuuser/ros2_ws/install/crazyflie_interfaces/include/crazyflie_interfaces/crazyflie_interfaces/msg/detail/status__rosidl_typesupport_fastrtps_cpp.hpp
[103.900s] -- Installing: /home/ubuntuuser/ros2_ws/install/crazyflie_interfaces/include/crazyflie_interfaces/crazyflie_interfaces/msg/detail/connection_statistics_array__rosidl_typesupport_fastrtps_cpp.hpp
[103.900s] -- Installing: /home/ubuntuuser/ros2_ws/install/crazyflie_interfaces/include/crazyflie_interfaces/crazyflie_interfaces/msg/detail/log_data_generic__rosidl_typesupport_fastrtps_cpp.hpp
[103.901s] -- Installing: /home/ubuntuuser/ros2_ws/install/crazyflie_interfaces/include/crazyflie_interfaces/crazyflie_interfaces/msg/detail/log_block__rosidl_typesupport_fastrtps_cpp.hpp
[103.901s] -- Installing: /home/ubuntuuser/ros2_ws/install/crazyflie_interfaces/include/crazyflie_interfaces/crazyflie_interfaces/msg/detail/connection_statistics__rosidl_typesupport_fastrtps_cpp.hpp
[103.901s] -- Installing: /home/ubuntuuser/ros2_ws/install/crazyflie_interfaces/include/crazyflie_interfaces/crazyflie_interfaces/msg/detail/dds_fastrtps
[103.902s] -- Installing: /home/ubuntuuser/ros2_ws/install/crazyflie_interfaces/include/crazyflie_interfaces/crazyflie_interfaces/msg/detail/position__rosidl_typesupport_fastrtps_cpp.hpp
[103.902s] -- Installing: /home/ubuntuuser/ros2_ws/install/crazyflie_interfaces/include/crazyflie_interfaces/crazyflie_interfaces/msg/rosidl_typesupport_fastrtps_cpp__visibility_control.h
[103.902s] -- Up-to-date: /home/ubuntuuser/ros2_ws/install/crazyflie_interfaces/include/crazyflie_interfaces/crazyflie_interfaces/srv
[103.902s] -- Up-to-date: /home/ubuntuuser/ros2_ws/install/crazyflie_interfaces/include/crazyflie_interfaces/crazyflie_interfaces/srv/detail
[103.902s] -- Installing: /home/ubuntuuser/ros2_ws/install/crazyflie_interfaces/include/crazyflie_interfaces/crazyflie_interfaces/srv/detail/notify_setpoints_stop__rosidl_typesupport_fastrtps_cpp.hpp
[103.902s] -- Installing: /home/ubuntuuser/ros2_ws/install/crazyflie_interfaces/include/crazyflie_interfaces/crazyflie_interfaces/srv/detail/land__rosidl_typesupport_fastrtps_cpp.hpp
[103.902s] -- Installing: /home/ubuntuuser/ros2_ws/install/crazyflie_interfaces/include/crazyflie_interfaces/crazyflie_interfaces/srv/detail/update_params__rosidl_typesupport_fastrtps_cpp.hpp
[103.903s] -- Installing: /home/ubuntuuser/ros2_ws/install/crazyflie_interfaces/include/crazyflie_interfaces/crazyflie_interfaces/srv/detail/set_group_mask__rosidl_typesupport_fastrtps_cpp.hpp
[103.903s] -- Installing: /home/ubuntuuser/ros2_ws/install/crazyflie_interfaces/include/crazyflie_interfaces/crazyflie_interfaces/srv/detail/go_to__rosidl_typesupport_fastrtps_cpp.hpp
[103.903s] -- Installing: /home/ubuntuuser/ros2_ws/install/crazyflie_interfaces/include/crazyflie_interfaces/crazyflie_interfaces/srv/detail/arm__rosidl_typesupport_fastrtps_cpp.hpp
[103.903s] -- Installing: /home/ubuntuuser/ros2_ws/install/crazyflie_interfaces/include/crazyflie_interfaces/crazyflie_interfaces/srv/detail/remove_logging__rosidl_typesupport_fastrtps_cpp.hpp
[103.903s] -- Installing: /home/ubuntuuser/ros2_ws/install/crazyflie_interfaces/include/crazyflie_interfaces/crazyflie_interfaces/srv/detail/stop__rosidl_typesupport_fastrtps_cpp.hpp
[103.904s] -- Installing: /home/ubuntuuser/ros2_ws/install/crazyflie_interfaces/include/crazyflie_interfaces/crazyflie_interfaces/srv/detail/add_logging__rosidl_typesupport_fastrtps_cpp.hpp
[103.904s] -- Installing: /home/ubuntuuser/ros2_ws/install/crazyflie_interfaces/include/crazyflie_interfaces/crazyflie_interfaces/srv/detail/upload_trajectory__rosidl_typesupport_fastrtps_cpp.hpp
[103.904s] -- Installing: /home/ubuntuuser/ros2_ws/install/crazyflie_interfaces/include/crazyflie_interfaces/crazyflie_interfaces/srv/detail/dds_fastrtps
[103.904s] -- Installing: /home/ubuntuuser/ros2_ws/install/crazyflie_interfaces/include/crazyflie_interfaces/crazyflie_interfaces/srv/detail/takeoff__rosidl_typesupport_fastrtps_cpp.hpp
[103.904s] -- Installing: /home/ubuntuuser/ros2_ws/install/crazyflie_interfaces/include/crazyflie_interfaces/crazyflie_interfaces/srv/detail/start_trajectory__rosidl_typesupport_fastrtps_cpp.hpp
[103.904s] -- Installing: /home/ubuntuuser/ros2_ws/install/crazyflie_interfaces/lib/libcrazyflie_interfaces__rosidl_typesupport_fastrtps_cpp.so
[103.905s] -- Set non-toolchain portion of runtime path of "/home/ubuntuuser/ros2_ws/install/crazyflie_interfaces/lib/libcrazyflie_interfaces__rosidl_typesupport_fastrtps_cpp.so" to ""
[103.905s] -- Up-to-date: /home/ubuntuuser/ros2_ws/install/crazyflie_interfaces/include/crazyflie_interfaces/crazyflie_interfaces
[103.905s] -- Up-to-date: /home/ubuntuuser/ros2_ws/install/crazyflie_interfaces/include/crazyflie_interfaces/crazyflie_interfaces/msg
[103.906s] -- Up-to-date: /home/ubuntuuser/ros2_ws/install/crazyflie_interfaces/include/crazyflie_interfaces/crazyflie_interfaces/msg/detail
[103.906s] -- Installing: /home/ubuntuuser/ros2_ws/install/crazyflie_interfaces/include/crazyflie_interfaces/crazyflie_interfaces/msg/detail/velocity_world__type_support.c
[103.906s] -- Installing: /home/ubuntuuser/ros2_ws/install/crazyflie_interfaces/include/crazyflie_interfaces/crazyflie_interfaces/msg/detail/full_state__rosidl_typesupport_introspection_c.h
[103.907s] -- Installing: /home/ubuntuuser/ros2_ws/install/crazyflie_interfaces/include/crazyflie_interfaces/crazyflie_interfaces/msg/detail/position__rosidl_typesupport_introspection_c.h
[103.907s] -- Installing: /home/ubuntuuser/ros2_ws/install/crazyflie_interfaces/include/crazyflie_interfaces/crazyflie_interfaces/msg/detail/log_block__type_support.c
[103.907s] -- Installing: /home/ubuntuuser/ros2_ws/install/crazyflie_interfaces/include/crazyflie_interfaces/crazyflie_interfaces/msg/detail/velocity_world__rosidl_typesupport_introspection_c.h
[103.908s] -- Installing: /home/ubuntuuser/ros2_ws/install/crazyflie_interfaces/include/crazyflie_interfaces/crazyflie_interfaces/msg/detail/connection_statistics_array__rosidl_typesupport_introspection_c.h
[103.909s] -- Installing: /home/ubuntuuser/ros2_ws/install/crazyflie_interfaces/include/crazyflie_interfaces/crazyflie_interfaces/msg/detail/connection_statistics_array__type_support.c
[103.909s] -- Installing: /home/ubuntuuser/ros2_ws/install/crazyflie_interfaces/include/crazyflie_interfaces/crazyflie_interfaces/msg/detail/log_block__rosidl_typesupport_introspection_c.h
[103.909s] -- Installing: /home/ubuntuuser/ros2_ws/install/crazyflie_interfaces/include/crazyflie_interfaces/crazyflie_interfaces/msg/detail/trajectory_polynomial_piece__rosidl_typesupport_introspection_c.h
[103.910s] -- Installing: /home/ubuntuuser/ros2_ws/install/crazyflie_interfaces/include/crazyflie_interfaces/crazyflie_interfaces/msg/detail/connection_statistics__rosidl_typesupport_introspection_c.h
[103.910s] -- Installing: /home/ubuntuuser/ros2_ws/install/crazyflie_interfaces/include/crazyflie_interfaces/crazyflie_interfaces/msg/detail/status__type_support.c
[103.910s] -- Installing: /home/ubuntuuser/ros2_ws/install/crazyflie_interfaces/include/crazyflie_interfaces/crazyflie_interfaces/msg/detail/hover__rosidl_typesupport_introspection_c.h
[103.911s] -- Installing: /home/ubuntuuser/ros2_ws/install/crazyflie_interfaces/include/crazyflie_interfaces/crazyflie_interfaces/msg/detail/full_state__type_support.c
[103.911s] -- Installing: /home/ubuntuuser/ros2_ws/install/crazyflie_interfaces/include/crazyflie_interfaces/crazyflie_interfaces/msg/detail/log_data_generic__rosidl_typesupport_introspection_c.h
[103.912s] -- Installing: /home/ubuntuuser/ros2_ws/install/crazyflie_interfaces/include/crazyflie_interfaces/crazyflie_interfaces/msg/detail/log_data_generic__type_support.c
[103.912s] -- Installing: /home/ubuntuuser/ros2_ws/install/crazyflie_interfaces/include/crazyflie_interfaces/crazyflie_interfaces/msg/detail/trajectory_polynomial_piece__type_support.c
[103.912s] -- Installing: /home/ubuntuuser/ros2_ws/install/crazyflie_interfaces/include/crazyflie_interfaces/crazyflie_interfaces/msg/detail/hover__type_support.c
[103.912s] -- Installing: /home/ubuntuuser/ros2_ws/install/crazyflie_interfaces/include/crazyflie_interfaces/crazyflie_interfaces/msg/detail/connection_statistics__type_support.c
[103.912s] -- Installing: /home/ubuntuuser/ros2_ws/install/crazyflie_interfaces/include/crazyflie_interfaces/crazyflie_interfaces/msg/detail/position__type_support.c
[103.912s] -- Installing: /home/ubuntuuser/ros2_ws/install/crazyflie_interfaces/include/crazyflie_interfaces/crazyflie_interfaces/msg/detail/status__rosidl_typesupport_introspection_c.h
[103.912s] -- Installing: /home/ubuntuuser/ros2_ws/install/crazyflie_interfaces/include/crazyflie_interfaces/crazyflie_interfaces/msg/rosidl_typesupport_introspection_c__visibility_control.h
[103.913s] -- Up-to-date: /home/ubuntuuser/ros2_ws/install/crazyflie_interfaces/include/crazyflie_interfaces/crazyflie_interfaces/srv
[103.913s] -- Up-to-date: /home/ubuntuuser/ros2_ws/install/crazyflie_interfaces/include/crazyflie_interfaces/crazyflie_interfaces/srv/detail
[103.913s] -- Installing: /home/ubuntuuser/ros2_ws/install/crazyflie_interfaces/include/crazyflie_interfaces/crazyflie_interfaces/srv/detail/update_params__type_support.c
[103.913s] -- Installing: /home/ubuntuuser/ros2_ws/install/crazyflie_interfaces/include/crazyflie_interfaces/crazyflie_interfaces/srv/detail/add_logging__type_support.c
[103.913s] -- Installing: /home/ubuntuuser/ros2_ws/install/crazyflie_interfaces/include/crazyflie_interfaces/crazyflie_interfaces/srv/detail/start_trajectory__type_support.c
[103.913s] -- Installing: /home/ubuntuuser/ros2_ws/install/crazyflie_interfaces/include/crazyflie_interfaces/crazyflie_interfaces/srv/detail/takeoff__rosidl_typesupport_introspection_c.h
[103.914s] -- Installing: /home/ubuntuuser/ros2_ws/install/crazyflie_interfaces/include/crazyflie_interfaces/crazyflie_interfaces/srv/detail/add_logging__rosidl_typesupport_introspection_c.h
[103.915s] -- Installing: /home/ubuntuuser/ros2_ws/install/crazyflie_interfaces/include/crazyflie_interfaces/crazyflie_interfaces/srv/detail/land__type_support.c
[103.915s] -- Installing: /home/ubuntuuser/ros2_ws/install/crazyflie_interfaces/include/crazyflie_interfaces/crazyflie_interfaces/srv/detail/remove_logging__type_support.c
[103.916s] -- Installing: /home/ubuntuuser/ros2_ws/install/crazyflie_interfaces/include/crazyflie_interfaces/crazyflie_interfaces/srv/detail/arm__type_support.c
[103.916s] -- Installing: /home/ubuntuuser/ros2_ws/install/crazyflie_interfaces/include/crazyflie_interfaces/crazyflie_interfaces/srv/detail/stop__type_support.c
[103.916s] -- Installing: /home/ubuntuuser/ros2_ws/install/crazyflie_interfaces/include/crazyflie_interfaces/crazyflie_interfaces/srv/detail/go_to__type_support.c
[103.917s] -- Installing: /home/ubuntuuser/ros2_ws/install/crazyflie_interfaces/include/crazyflie_interfaces/crazyflie_interfaces/srv/detail/notify_setpoints_stop__rosidl_typesupport_introspection_c.h
[103.917s] -- Installing: /home/ubuntuuser/ros2_ws/install/crazyflie_interfaces/include/crazyflie_interfaces/crazyflie_interfaces/srv/detail/notify_setpoints_stop__type_support.c
[103.917s] -- Installing: /home/ubuntuuser/ros2_ws/install/crazyflie_interfaces/include/crazyflie_interfaces/crazyflie_interfaces/srv/detail/stop__rosidl_typesupport_introspection_c.h
[103.918s] -- Installing: /home/ubuntuuser/ros2_ws/install/crazyflie_interfaces/include/crazyflie_interfaces/crazyflie_interfaces/srv/detail/takeoff__type_support.c
[103.918s] -- Installing: /home/ubuntuuser/ros2_ws/install/crazyflie_interfaces/include/crazyflie_interfaces/crazyflie_interfaces/srv/detail/update_params__rosidl_typesupport_introspection_c.h
[103.918s] -- Installing: /home/ubuntuuser/ros2_ws/install/crazyflie_interfaces/include/crazyflie_interfaces/crazyflie_interfaces/srv/detail/upload_trajectory__rosidl_typesupport_introspection_c.h
[103.918s] -- Installing: /home/ubuntuuser/ros2_ws/install/crazyflie_interfaces/include/crazyflie_interfaces/crazyflie_interfaces/srv/detail/arm__rosidl_typesupport_introspection_c.h
[103.919s] -- Installing: /home/ubuntuuser/ros2_ws/install/crazyflie_interfaces/include/crazyflie_interfaces/crazyflie_interfaces/srv/detail/land__rosidl_typesupport_introspection_c.h
[103.919s] -- Installing: /home/ubuntuuser/ros2_ws/install/crazyflie_interfaces/include/crazyflie_interfaces/crazyflie_interfaces/srv/detail/upload_trajectory__type_support.c
[103.919s] -- Installing: /home/ubuntuuser/ros2_ws/install/crazyflie_interfaces/include/crazyflie_interfaces/crazyflie_interfaces/srv/detail/remove_logging__rosidl_typesupport_introspection_c.h
[103.919s] -- Installing: /home/ubuntuuser/ros2_ws/install/crazyflie_interfaces/include/crazyflie_interfaces/crazyflie_interfaces/srv/detail/go_to__rosidl_typesupport_introspection_c.h
[103.919s] -- Installing: /home/ubuntuuser/ros2_ws/install/crazyflie_interfaces/include/crazyflie_interfaces/crazyflie_interfaces/srv/detail/set_group_mask__type_support.c
[103.920s] -- Installing: /home/ubuntuuser/ros2_ws/install/crazyflie_interfaces/include/crazyflie_interfaces/crazyflie_interfaces/srv/detail/start_trajectory__rosidl_typesupport_introspection_c.h
[103.920s] -- Installing: /home/ubuntuuser/ros2_ws/install/crazyflie_interfaces/include/crazyflie_interfaces/crazyflie_interfaces/srv/detail/set_group_mask__rosidl_typesupport_introspection_c.h
[103.921s] -- Installing: /home/ubuntuuser/ros2_ws/install/crazyflie_interfaces/lib/libcrazyflie_interfaces__rosidl_typesupport_introspection_c.so
[103.922s] -- Set non-toolchain portion of runtime path of "/home/ubuntuuser/ros2_ws/install/crazyflie_interfaces/lib/libcrazyflie_interfaces__rosidl_typesupport_introspection_c.so" to ""
[103.922s] -- Installing: /home/ubuntuuser/ros2_ws/install/crazyflie_interfaces/lib/libcrazyflie_interfaces__rosidl_typesupport_c.so
[103.922s] -- Set non-toolchain portion of runtime path of "/home/ubuntuuser/ros2_ws/install/crazyflie_interfaces/lib/libcrazyflie_interfaces__rosidl_typesupport_c.so" to ""
[103.922s] -- Up-to-date: /home/ubuntuuser/ros2_ws/install/crazyflie_interfaces/include/crazyflie_interfaces/crazyflie_interfaces
[103.923s] -- Up-to-date: /home/ubuntuuser/ros2_ws/install/crazyflie_interfaces/include/crazyflie_interfaces/crazyflie_interfaces/msg
[103.923s] -- Up-to-date: /home/ubuntuuser/ros2_ws/install/crazyflie_interfaces/include/crazyflie_interfaces/crazyflie_interfaces/msg/detail
[103.923s] -- Installing: /home/ubuntuuser/ros2_ws/install/crazyflie_interfaces/include/crazyflie_interfaces/crazyflie_interfaces/msg/detail/log_block__rosidl_typesupport_introspection_cpp.hpp
[103.923s] -- Installing: /home/ubuntuuser/ros2_ws/install/crazyflie_interfaces/include/crazyflie_interfaces/crazyflie_interfaces/msg/detail/full_state__rosidl_typesupport_introspection_cpp.hpp
[103.924s] -- Installing: /home/ubuntuuser/ros2_ws/install/crazyflie_interfaces/include/crazyflie_interfaces/crazyflie_interfaces/msg/detail/status__rosidl_typesupport_introspection_cpp.hpp
[103.924s] -- Installing: /home/ubuntuuser/ros2_ws/install/crazyflie_interfaces/include/crazyflie_interfaces/crazyflie_interfaces/msg/detail/trajectory_polynomial_piece__type_support.cpp
[103.924s] -- Installing: /home/ubuntuuser/ros2_ws/install/crazyflie_interfaces/include/crazyflie_interfaces/crazyflie_interfaces/msg/detail/hover__type_support.cpp
[103.925s] -- Installing: /home/ubuntuuser/ros2_ws/install/crazyflie_interfaces/include/crazyflie_interfaces/crazyflie_interfaces/msg/detail/status__type_support.cpp
[103.926s] -- Installing: /home/ubuntuuser/ros2_ws/install/crazyflie_interfaces/include/crazyflie_interfaces/crazyflie_interfaces/msg/detail/connection_statistics_array__type_support.cpp
[103.926s] -- Installing: /home/ubuntuuser/ros2_ws/install/crazyflie_interfaces/include/crazyflie_interfaces/crazyflie_interfaces/msg/detail/log_data_generic__type_support.cpp
[103.927s] -- Installing: /home/ubuntuuser/ros2_ws/install/crazyflie_interfaces/include/crazyflie_interfaces/crazyflie_interfaces/msg/detail/full_state__type_support.cpp
[103.927s] -- Installing: /home/ubuntuuser/ros2_ws/install/crazyflie_interfaces/include/crazyflie_interfaces/crazyflie_interfaces/msg/detail/connection_statistics__rosidl_typesupport_introspection_cpp.hpp
[103.927s] -- Installing: /home/ubuntuuser/ros2_ws/install/crazyflie_interfaces/include/crazyflie_interfaces/crazyflie_interfaces/msg/detail/trajectory_polynomial_piece__rosidl_typesupport_introspection_cpp.hpp
[103.928s] -- Installing: /home/ubuntuuser/ros2_ws/install/crazyflie_interfaces/include/crazyflie_interfaces/crazyflie_interfaces/msg/detail/connection_statistics__type_support.cpp
[103.928s] -- Installing: /home/ubuntuuser/ros2_ws/install/crazyflie_interfaces/include/crazyflie_interfaces/crazyflie_interfaces/msg/detail/position__type_support.cpp
[103.929s] -- Installing: /home/ubuntuuser/ros2_ws/install/crazyflie_interfaces/include/crazyflie_interfaces/crazyflie_interfaces/msg/detail/connection_statistics_array__rosidl_typesupport_introspection_cpp.hpp
[103.929s] -- Installing: /home/ubuntuuser/ros2_ws/install/crazyflie_interfaces/include/crazyflie_interfaces/crazyflie_interfaces/msg/detail/hover__rosidl_typesupport_introspection_cpp.hpp
[103.930s] -- Installing: /home/ubuntuuser/ros2_ws/install/crazyflie_interfaces/include/crazyflie_interfaces/crazyflie_interfaces/msg/detail/log_block__type_support.cpp
[103.930s] -- Installing: /home/ubuntuuser/ros2_ws/install/crazyflie_interfaces/include/crazyflie_interfaces/crazyflie_interfaces/msg/detail/log_data_generic__rosidl_typesupport_introspection_cpp.hpp
[103.931s] -- Installing: /home/ubuntuuser/ros2_ws/install/crazyflie_interfaces/include/crazyflie_interfaces/crazyflie_interfaces/msg/detail/position__rosidl_typesupport_introspection_cpp.hpp
[103.931s] -- Installing: /home/ubuntuuser/ros2_ws/install/crazyflie_interfaces/include/crazyflie_interfaces/crazyflie_interfaces/msg/detail/velocity_world__rosidl_typesupport_introspection_cpp.hpp
[103.931s] -- Installing: /home/ubuntuuser/ros2_ws/install/crazyflie_interfaces/include/crazyflie_interfaces/crazyflie_interfaces/msg/detail/velocity_world__type_support.cpp
[103.931s] -- Up-to-date: /home/ubuntuuser/ros2_ws/install/crazyflie_interfaces/include/crazyflie_interfaces/crazyflie_interfaces/srv
[103.931s] -- Up-to-date: /home/ubuntuuser/ros2_ws/install/crazyflie_interfaces/include/crazyflie_interfaces/crazyflie_interfaces/srv/detail
[103.932s] -- Installing: /home/ubuntuuser/ros2_ws/install/crazyflie_interfaces/include/crazyflie_interfaces/crazyflie_interfaces/srv/detail/arm__rosidl_typesupport_introspection_cpp.hpp
[103.932s] -- Installing: /home/ubuntuuser/ros2_ws/install/crazyflie_interfaces/include/crazyflie_interfaces/crazyflie_interfaces/srv/detail/notify_setpoints_stop__rosidl_typesupport_introspection_cpp.hpp
[103.932s] -- Installing: /home/ubuntuuser/ros2_ws/install/crazyflie_interfaces/include/crazyflie_interfaces/crazyflie_interfaces/srv/detail/upload_trajectory__type_support.cpp
[103.933s] -- Installing: /home/ubuntuuser/ros2_ws/install/crazyflie_interfaces/include/crazyflie_interfaces/crazyflie_interfaces/srv/detail/arm__type_support.cpp
[103.933s] -- Installing: /home/ubuntuuser/ros2_ws/install/crazyflie_interfaces/include/crazyflie_interfaces/crazyflie_interfaces/srv/detail/takeoff__type_support.cpp
[103.933s] -- Installing: /home/ubuntuuser/ros2_ws/install/crazyflie_interfaces/include/crazyflie_interfaces/crazyflie_interfaces/srv/detail/go_to__rosidl_typesupport_introspection_cpp.hpp
[103.934s] -- Installing: /home/ubuntuuser/ros2_ws/install/crazyflie_interfaces/include/crazyflie_interfaces/crazyflie_interfaces/srv/detail/set_group_mask__type_support.cpp
[103.934s] -- Installing: /home/ubuntuuser/ros2_ws/install/crazyflie_interfaces/include/crazyflie_interfaces/crazyflie_interfaces/srv/detail/add_logging__type_support.cpp
[103.934s] -- Installing: /home/ubuntuuser/ros2_ws/install/crazyflie_interfaces/include/crazyflie_interfaces/crazyflie_interfaces/srv/detail/land__type_support.cpp
[103.934s] -- Installing: /home/ubuntuuser/ros2_ws/install/crazyflie_interfaces/include/crazyflie_interfaces/crazyflie_interfaces/srv/detail/set_group_mask__rosidl_typesupport_introspection_cpp.hpp
[103.935s] -- Installing: /home/ubuntuuser/ros2_ws/install/crazyflie_interfaces/include/crazyflie_interfaces/crazyflie_interfaces/srv/detail/add_logging__rosidl_typesupport_introspection_cpp.hpp
[103.935s] -- Installing: /home/ubuntuuser/ros2_ws/install/crazyflie_interfaces/include/crazyflie_interfaces/crazyflie_interfaces/srv/detail/go_to__type_support.cpp
[103.935s] -- Installing: /home/ubuntuuser/ros2_ws/install/crazyflie_interfaces/include/crazyflie_interfaces/crazyflie_interfaces/srv/detail/notify_setpoints_stop__type_support.cpp
[103.935s] -- Installing: /home/ubuntuuser/ros2_ws/install/crazyflie_interfaces/include/crazyflie_interfaces/crazyflie_interfaces/srv/detail/takeoff__rosidl_typesupport_introspection_cpp.hpp
[103.935s] -- Installing: /home/ubuntuuser/ros2_ws/install/crazyflie_interfaces/include/crazyflie_interfaces/crazyflie_interfaces/srv/detail/remove_logging__type_support.cpp
[103.935s] -- Installing: /home/ubuntuuser/ros2_ws/install/crazyflie_interfaces/include/crazyflie_interfaces/crazyflie_interfaces/srv/detail/stop__type_support.cpp
[103.935s] -- Installing: /home/ubuntuuser/ros2_ws/install/crazyflie_interfaces/include/crazyflie_interfaces/crazyflie_interfaces/srv/detail/upload_trajectory__rosidl_typesupport_introspection_cpp.hpp
[103.935s] -- Installing: /home/ubuntuuser/ros2_ws/install/crazyflie_interfaces/include/crazyflie_interfaces/crazyflie_interfaces/srv/detail/remove_logging__rosidl_typesupport_introspection_cpp.hpp
[103.935s] -- Installing: /home/ubuntuuser/ros2_ws/install/crazyflie_interfaces/include/crazyflie_interfaces/crazyflie_interfaces/srv/detail/start_trajectory__rosidl_typesupport_introspection_cpp.hpp
[103.936s] -- Installing: /home/ubuntuuser/ros2_ws/install/crazyflie_interfaces/include/crazyflie_interfaces/crazyflie_interfaces/srv/detail/update_params__type_support.cpp
[103.936s] -- Installing: /home/ubuntuuser/ros2_ws/install/crazyflie_interfaces/include/crazyflie_interfaces/crazyflie_interfaces/srv/detail/stop__rosidl_typesupport_introspection_cpp.hpp
[103.936s] -- Installing: /home/ubuntuuser/ros2_ws/install/crazyflie_interfaces/include/crazyflie_interfaces/crazyflie_interfaces/srv/detail/start_trajectory__type_support.cpp
[103.936s] -- Installing: /home/ubuntuuser/ros2_ws/install/crazyflie_interfaces/include/crazyflie_interfaces/crazyflie_interfaces/srv/detail/update_params__rosidl_typesupport_introspection_cpp.hpp
[103.936s] -- Installing: /home/ubuntuuser/ros2_ws/install/crazyflie_interfaces/include/crazyflie_interfaces/crazyflie_interfaces/srv/detail/land__rosidl_typesupport_introspection_cpp.hpp
[103.936s] -- Installing: /home/ubuntuuser/ros2_ws/install/crazyflie_interfaces/lib/libcrazyflie_interfaces__rosidl_typesupport_introspection_cpp.so
[103.937s] -- Set non-toolchain portion of runtime path of "/home/ubuntuuser/ros2_ws/install/crazyflie_interfaces/lib/libcrazyflie_interfaces__rosidl_typesupport_introspection_cpp.so" to ""
[103.937s] -- Installing: /home/ubuntuuser/ros2_ws/install/crazyflie_interfaces/lib/libcrazyflie_interfaces__rosidl_typesupport_cpp.so
[103.940s] -- Set non-toolchain portion of runtime path of "/home/ubuntuuser/ros2_ws/install/crazyflie_interfaces/lib/libcrazyflie_interfaces__rosidl_typesupport_cpp.so" to ""
[103.940s] -- Installing: /home/ubuntuuser/ros2_ws/install/crazyflie_interfaces/share/crazyflie_interfaces/environment/pythonpath.sh
[103.940s] -- Installing: /home/ubuntuuser/ros2_ws/install/crazyflie_interfaces/share/crazyflie_interfaces/environment/pythonpath.dsv
[103.941s] -- Installing: /home/ubuntuuser/ros2_ws/install/crazyflie_interfaces/lib/python3.12/site-packages/crazyflie_interfaces-1.0.3-py3.12.egg-info
[103.941s] -- Installing: /home/ubuntuuser/ros2_ws/install/crazyflie_interfaces/lib/python3.12/site-packages/crazyflie_interfaces-1.0.3-py3.12.egg-info/SOURCES.txt
[103.942s] -- Installing: /home/ubuntuuser/ros2_ws/install/crazyflie_interfaces/lib/python3.12/site-packages/crazyflie_interfaces-1.0.3-py3.12.egg-info/PKG-INFO
[103.942s] -- Installing: /home/ubuntuuser/ros2_ws/install/crazyflie_interfaces/lib/python3.12/site-packages/crazyflie_interfaces-1.0.3-py3.12.egg-info/dependency_links.txt
[103.943s] -- Installing: /home/ubuntuuser/ros2_ws/install/crazyflie_interfaces/lib/python3.12/site-packages/crazyflie_interfaces-1.0.3-py3.12.egg-info/top_level.txt
[103.943s] -- Installing: /home/ubuntuuser/ros2_ws/install/crazyflie_interfaces/lib/python3.12/site-packages/crazyflie_interfaces
[103.944s] -- Installing: /home/ubuntuuser/ros2_ws/install/crazyflie_interfaces/lib/python3.12/site-packages/crazyflie_interfaces/crazyflie_interfaces_s__rosidl_typesupport_c.so
[103.944s] -- Installing: /home/ubuntuuser/ros2_ws/install/crazyflie_interfaces/lib/python3.12/site-packages/crazyflie_interfaces/msg
[103.944s] -- Installing: /home/ubuntuuser/ros2_ws/install/crazyflie_interfaces/lib/python3.12/site-packages/crazyflie_interfaces/msg/_position.py
[103.945s] -- Installing: /home/ubuntuuser/ros2_ws/install/crazyflie_interfaces/lib/python3.12/site-packages/crazyflie_interfaces/msg/_connection_statistics_array_s.c
[103.945s] -- Installing: /home/ubuntuuser/ros2_ws/install/crazyflie_interfaces/lib/python3.12/site-packages/crazyflie_interfaces/msg/_log_block_s.c
[103.946s] -- Installing: /home/ubuntuuser/ros2_ws/install/crazyflie_interfaces/lib/python3.12/site-packages/crazyflie_interfaces/msg/_connection_statistics_s.c
[103.946s] -- Installing: /home/ubuntuuser/ros2_ws/install/crazyflie_interfaces/lib/python3.12/site-packages/crazyflie_interfaces/msg/_trajectory_polynomial_piece_s.c
[103.946s] -- Installing: /home/ubuntuuser/ros2_ws/install/crazyflie_interfaces/lib/python3.12/site-packages/crazyflie_interfaces/msg/_hover.py
[103.947s] -- Installing: /home/ubuntuuser/ros2_ws/install/crazyflie_interfaces/lib/python3.12/site-packages/crazyflie_interfaces/msg/__init__.py
[103.947s] -- Installing: /home/ubuntuuser/ros2_ws/install/crazyflie_interfaces/lib/python3.12/site-packages/crazyflie_interfaces/msg/_log_block.py
[103.948s] -- Installing: /home/ubuntuuser/ros2_ws/install/crazyflie_interfaces/lib/python3.12/site-packages/crazyflie_interfaces/msg/_velocity_world.py
[103.948s] -- Installing: /home/ubuntuuser/ros2_ws/install/crazyflie_interfaces/lib/python3.12/site-packages/crazyflie_interfaces/msg/_velocity_world_s.c
[103.948s] -- Installing: /home/ubuntuuser/ros2_ws/install/crazyflie_interfaces/lib/python3.12/site-packages/crazyflie_interfaces/msg/_connection_statistics_array.py
[103.949s] -- Installing: /home/ubuntuuser/ros2_ws/install/crazyflie_interfaces/lib/python3.12/site-packages/crazyflie_interfaces/msg/_position_s.c
[103.949s] -- Installing: /home/ubuntuuser/ros2_ws/install/crazyflie_interfaces/lib/python3.12/site-packages/crazyflie_interfaces/msg/_log_data_generic_s.c
[103.949s] -- Installing: /home/ubuntuuser/ros2_ws/install/crazyflie_interfaces/lib/python3.12/site-packages/crazyflie_interfaces/msg/_status.py
[103.949s] -- Installing: /home/ubuntuuser/ros2_ws/install/crazyflie_interfaces/lib/python3.12/site-packages/crazyflie_interfaces/msg/_status_s.c
[103.950s] -- Installing: /home/ubuntuuser/ros2_ws/install/crazyflie_interfaces/lib/python3.12/site-packages/crazyflie_interfaces/msg/_full_state_s.c
[103.950s] -- Installing: /home/ubuntuuser/ros2_ws/install/crazyflie_interfaces/lib/python3.12/site-packages/crazyflie_interfaces/msg/_log_data_generic.py
[103.950s] -- Installing: /home/ubuntuuser/ros2_ws/install/crazyflie_interfaces/lib/python3.12/site-packages/crazyflie_interfaces/msg/_full_state.py
[103.951s] -- Installing: /home/ubuntuuser/ros2_ws/install/crazyflie_interfaces/lib/python3.12/site-packages/crazyflie_interfaces/msg/_trajectory_polynomial_piece.py
[103.951s] -- Installing: /home/ubuntuuser/ros2_ws/install/crazyflie_interfaces/lib/python3.12/site-packages/crazyflie_interfaces/msg/_connection_statistics.py
[103.951s] -- Installing: /home/ubuntuuser/ros2_ws/install/crazyflie_interfaces/lib/python3.12/site-packages/crazyflie_interfaces/msg/_hover_s.c
[103.952s] -- Installing: /home/ubuntuuser/ros2_ws/install/crazyflie_interfaces/lib/python3.12/site-packages/crazyflie_interfaces/__init__.py
[103.952s] -- Installing: /home/ubuntuuser/ros2_ws/install/crazyflie_interfaces/lib/python3.12/site-packages/crazyflie_interfaces/_crazyflie_interfaces_s.ep.rosidl_typesupport_introspection_c.c
[103.953s] -- Installing: /home/ubuntuuser/ros2_ws/install/crazyflie_interfaces/lib/python3.12/site-packages/crazyflie_interfaces/crazyflie_interfaces_s__rosidl_typesupport_introspection_c.so
[103.953s] -- Installing: /home/ubuntuuser/ros2_ws/install/crazyflie_interfaces/lib/python3.12/site-packages/crazyflie_interfaces/srv
[103.953s] -- Installing: /home/ubuntuuser/ros2_ws/install/crazyflie_interfaces/lib/python3.12/site-packages/crazyflie_interfaces/srv/_notify_setpoints_stop.py
[103.953s] -- Installing: /home/ubuntuuser/ros2_ws/install/crazyflie_interfaces/lib/python3.12/site-packages/crazyflie_interfaces/srv/_takeoff.py
[103.953s] -- Installing: /home/ubuntuuser/ros2_ws/install/crazyflie_interfaces/lib/python3.12/site-packages/crazyflie_interfaces/srv/_start_trajectory.py
[103.953s] -- Installing: /home/ubuntuuser/ros2_ws/install/crazyflie_interfaces/lib/python3.12/site-packages/crazyflie_interfaces/srv/_stop.py
[103.953s] -- Installing: /home/ubuntuuser/ros2_ws/install/crazyflie_interfaces/lib/python3.12/site-packages/crazyflie_interfaces/srv/_set_group_mask_s.c
[103.954s] -- Installing: /home/ubuntuuser/ros2_ws/install/crazyflie_interfaces/lib/python3.12/site-packages/crazyflie_interfaces/srv/__init__.py
[103.954s] -- Installing: /home/ubuntuuser/ros2_ws/install/crazyflie_interfaces/lib/python3.12/site-packages/crazyflie_interfaces/srv/_go_to_s.c
[103.954s] -- Installing: /home/ubuntuuser/ros2_ws/install/crazyflie_interfaces/lib/python3.12/site-packages/crazyflie_interfaces/srv/_takeoff_s.c
[103.954s] -- Installing: /home/ubuntuuser/ros2_ws/install/crazyflie_interfaces/lib/python3.12/site-packages/crazyflie_interfaces/srv/_remove_logging.py
[103.954s] -- Installing: /home/ubuntuuser/ros2_ws/install/crazyflie_interfaces/lib/python3.12/site-packages/crazyflie_interfaces/srv/_go_to.py
[103.954s] -- Installing: /home/ubuntuuser/ros2_ws/install/crazyflie_interfaces/lib/python3.12/site-packages/crazyflie_interfaces/srv/_land_s.c
[103.959s] -- Installing: /home/ubuntuuser/ros2_ws/install/crazyflie_interfaces/lib/python3.12/site-packages/crazyflie_interfaces/srv/_remove_logging_s.c
[103.959s] -- Installing: /home/ubuntuuser/ros2_ws/install/crazyflie_interfaces/lib/python3.12/site-packages/crazyflie_interfaces/srv/_notify_setpoints_stop_s.c
[103.960s] -- Installing: /home/ubuntuuser/ros2_ws/install/crazyflie_interfaces/lib/python3.12/site-packages/crazyflie_interfaces/srv/_arm_s.c
[103.960s] -- Installing: /home/ubuntuuser/ros2_ws/install/crazyflie_interfaces/lib/python3.12/site-packages/crazyflie_interfaces/srv/_start_trajectory_s.c
[103.960s] -- Installing: /home/ubuntuuser/ros2_ws/install/crazyflie_interfaces/lib/python3.12/site-packages/crazyflie_interfaces/srv/_land.py
[103.961s] -- Installing: /home/ubuntuuser/ros2_ws/install/crazyflie_interfaces/lib/python3.12/site-packages/crazyflie_interfaces/srv/_stop_s.c
[103.962s] -- Installing: /home/ubuntuuser/ros2_ws/install/crazyflie_interfaces/lib/python3.12/site-packages/crazyflie_interfaces/srv/_set_group_mask.py
[103.962s] -- Installing: /home/ubuntuuser/ros2_ws/install/crazyflie_interfaces/lib/python3.12/site-packages/crazyflie_interfaces/srv/_update_params.py
[103.962s] -- Installing: /home/ubuntuuser/ros2_ws/install/crazyflie_interfaces/lib/python3.12/site-packages/crazyflie_interfaces/srv/_arm.py
[103.962s] -- Installing: /home/ubuntuuser/ros2_ws/install/crazyflie_interfaces/lib/python3.12/site-packages/crazyflie_interfaces/srv/_add_logging_s.c
[103.963s] -- Installing: /home/ubuntuuser/ros2_ws/install/crazyflie_interfaces/lib/python3.12/site-packages/crazyflie_interfaces/srv/_upload_trajectory.py
[103.963s] -- Installing: /home/ubuntuuser/ros2_ws/install/crazyflie_interfaces/lib/python3.12/site-packages/crazyflie_interfaces/srv/_add_logging.py
[103.963s] -- Installing: /home/ubuntuuser/ros2_ws/install/crazyflie_interfaces/lib/python3.12/site-packages/crazyflie_interfaces/srv/_upload_trajectory_s.c
[103.963s] -- Installing: /home/ubuntuuser/ros2_ws/install/crazyflie_interfaces/lib/python3.12/site-packages/crazyflie_interfaces/srv/_update_params_s.c
[103.964s] -- Installing: /home/ubuntuuser/ros2_ws/install/crazyflie_interfaces/lib/python3.12/site-packages/crazyflie_interfaces/_crazyflie_interfaces_s.ep.rosidl_typesupport_c.c
[103.964s] -- Installing: /home/ubuntuuser/ros2_ws/install/crazyflie_interfaces/lib/python3.12/site-packages/crazyflie_interfaces/_crazyflie_interfaces_s.ep.rosidl_typesupport_fastrtps_c.c
[103.964s] -- Installing: /home/ubuntuuser/ros2_ws/install/crazyflie_interfaces/lib/python3.12/site-packages/crazyflie_interfaces/crazyflie_interfaces_s__rosidl_typesupport_fastrtps_c.so
[104.143s] Listing '/home/ubuntuuser/ros2_ws/install/crazyflie_interfaces/lib/python3.12/site-packages/crazyflie_interfaces'...
[104.144s] Compiling '/home/ubuntuuser/ros2_ws/install/crazyflie_interfaces/lib/python3.12/site-packages/crazyflie_interfaces/__init__.py'...
[104.144s] Listing '/home/ubuntuuser/ros2_ws/install/crazyflie_interfaces/lib/python3.12/site-packages/crazyflie_interfaces/msg'...
[104.144s] Compiling '/home/ubuntuuser/ros2_ws/install/crazyflie_interfaces/lib/python3.12/site-packages/crazyflie_interfaces/msg/__init__.py'...
[104.144s] Compiling '/home/ubuntuuser/ros2_ws/install/crazyflie_interfaces/lib/python3.12/site-packages/crazyflie_interfaces/msg/_connection_statistics.py'...
[104.144s] Compiling '/home/ubuntuuser/ros2_ws/install/crazyflie_interfaces/lib/python3.12/site-packages/crazyflie_interfaces/msg/_connection_statistics_array.py'...
[104.144s] Compiling '/home/ubuntuuser/ros2_ws/install/crazyflie_interfaces/lib/python3.12/site-packages/crazyflie_interfaces/msg/_full_state.py'...
[104.144s] Compiling '/home/ubuntuuser/ros2_ws/install/crazyflie_interfaces/lib/python3.12/site-packages/crazyflie_interfaces/msg/_hover.py'...
[104.144s] Compiling '/home/ubuntuuser/ros2_ws/install/crazyflie_interfaces/lib/python3.12/site-packages/crazyflie_interfaces/msg/_log_block.py'...
[104.145s] Compiling '/home/ubuntuuser/ros2_ws/install/crazyflie_interfaces/lib/python3.12/site-packages/crazyflie_interfaces/msg/_log_data_generic.py'...
[104.145s] Compiling '/home/ubuntuuser/ros2_ws/install/crazyflie_interfaces/lib/python3.12/site-packages/crazyflie_interfaces/msg/_position.py'...
[104.145s] Compiling '/home/ubuntuuser/ros2_ws/install/crazyflie_interfaces/lib/python3.12/site-packages/crazyflie_interfaces/msg/_status.py'...
[104.145s] Compiling '/home/ubuntuuser/ros2_ws/install/crazyflie_interfaces/lib/python3.12/site-packages/crazyflie_interfaces/msg/_trajectory_polynomial_piece.py'...
[104.145s] Compiling '/home/ubuntuuser/ros2_ws/install/crazyflie_interfaces/lib/python3.12/site-packages/crazyflie_interfaces/msg/_velocity_world.py'...
[104.145s] Listing '/home/ubuntuuser/ros2_ws/install/crazyflie_interfaces/lib/python3.12/site-packages/crazyflie_interfaces/srv'...
[104.145s] Compiling '/home/ubuntuuser/ros2_ws/install/crazyflie_interfaces/lib/python3.12/site-packages/crazyflie_interfaces/srv/__init__.py'...
[104.145s] Compiling '/home/ubuntuuser/ros2_ws/install/crazyflie_interfaces/lib/python3.12/site-packages/crazyflie_interfaces/srv/_add_logging.py'...
[104.146s] Compiling '/home/ubuntuuser/ros2_ws/install/crazyflie_interfaces/lib/python3.12/site-packages/crazyflie_interfaces/srv/_arm.py'...
[104.146s] Compiling '/home/ubuntuuser/ros2_ws/install/crazyflie_interfaces/lib/python3.12/site-packages/crazyflie_interfaces/srv/_go_to.py'...
[104.147s] Compiling '/home/ubuntuuser/ros2_ws/install/crazyflie_interfaces/lib/python3.12/site-packages/crazyflie_interfaces/srv/_land.py'...
[104.147s] Compiling '/home/ubuntuuser/ros2_ws/install/crazyflie_interfaces/lib/python3.12/site-packages/crazyflie_interfaces/srv/_notify_setpoints_stop.py'...
[104.147s] Compiling '/home/ubuntuuser/ros2_ws/install/crazyflie_interfaces/lib/python3.12/site-packages/crazyflie_interfaces/srv/_remove_logging.py'...
[104.148s] Compiling '/home/ubuntuuser/ros2_ws/install/crazyflie_interfaces/lib/python3.12/site-packages/crazyflie_interfaces/srv/_set_group_mask.py'...
[104.148s] Compiling '/home/ubuntuuser/ros2_ws/install/crazyflie_interfaces/lib/python3.12/site-packages/crazyflie_interfaces/srv/_start_trajectory.py'...
[104.148s] Compiling '/home/ubuntuuser/ros2_ws/install/crazyflie_interfaces/lib/python3.12/site-packages/crazyflie_interfaces/srv/_stop.py'...
[104.148s] Compiling '/home/ubuntuuser/ros2_ws/install/crazyflie_interfaces/lib/python3.12/site-packages/crazyflie_interfaces/srv/_takeoff.py'...
[104.148s] Compiling '/home/ubuntuuser/ros2_ws/install/crazyflie_interfaces/lib/python3.12/site-packages/crazyflie_interfaces/srv/_update_params.py'...
[104.148s] Compiling '/home/ubuntuuser/ros2_ws/install/crazyflie_interfaces/lib/python3.12/site-packages/crazyflie_interfaces/srv/_upload_trajectory.py'...
[104.154s] -- Installing: /home/ubuntuuser/ros2_ws/install/crazyflie_interfaces/lib/python3.12/site-packages/crazyflie_interfaces/crazyflie_interfaces_s__rosidl_typesupport_fastrtps_c.so
[104.155s] -- Set non-toolchain portion of runtime path of "/home/ubuntuuser/ros2_ws/install/crazyflie_interfaces/lib/python3.12/site-packages/crazyflie_interfaces/crazyflie_interfaces_s__rosidl_typesupport_fastrtps_c.so" to ""
[104.156s] -- Installing: /home/ubuntuuser/ros2_ws/install/crazyflie_interfaces/lib/python3.12/site-packages/crazyflie_interfaces/crazyflie_interfaces_s__rosidl_typesupport_introspection_c.so
[104.157s] -- Set non-toolchain portion of runtime path of "/home/ubuntuuser/ros2_ws/install/crazyflie_interfaces/lib/python3.12/site-packages/crazyflie_interfaces/crazyflie_interfaces_s__rosidl_typesupport_introspection_c.so" to ""
[104.158s] -- Installing: /home/ubuntuuser/ros2_ws/install/crazyflie_interfaces/lib/python3.12/site-packages/crazyflie_interfaces/crazyflie_interfaces_s__rosidl_typesupport_c.so
[104.159s] -- Set non-toolchain portion of runtime path of "/home/ubuntuuser/ros2_ws/install/crazyflie_interfaces/lib/python3.12/site-packages/crazyflie_interfaces/crazyflie_interfaces_s__rosidl_typesupport_c.so" to ""
[104.160s] -- Installing: /home/ubuntuuser/ros2_ws/install/crazyflie_interfaces/lib/libcrazyflie_interfaces__rosidl_generator_py.so
[104.161s] -- Set non-toolchain portion of runtime path of "/home/ubuntuuser/ros2_ws/install/crazyflie_interfaces/lib/libcrazyflie_interfaces__rosidl_generator_py.so" to ""
[104.161s] -- Installing: /home/ubuntuuser/ros2_ws/install/crazyflie_interfaces/share/crazyflie_interfaces/msg/ConnectionStatistics.idl
[104.162s] -- Installing: /home/ubuntuuser/ros2_ws/install/crazyflie_interfaces/share/crazyflie_interfaces/msg/ConnectionStatisticsArray.idl
[104.162s] -- Installing: /home/ubuntuuser/ros2_ws/install/crazyflie_interfaces/share/crazyflie_interfaces/msg/FullState.idl
[104.162s] -- Installing: /home/ubuntuuser/ros2_ws/install/crazyflie_interfaces/share/crazyflie_interfaces/msg/LogDataGeneric.idl
[104.163s] -- Installing: /home/ubuntuuser/ros2_ws/install/crazyflie_interfaces/share/crazyflie_interfaces/msg/Hover.idl
[104.163s] -- Installing: /home/ubuntuuser/ros2_ws/install/crazyflie_interfaces/share/crazyflie_interfaces/msg/LogBlock.idl
[104.163s] -- Installing: /home/ubuntuuser/ros2_ws/install/crazyflie_interfaces/share/crazyflie_interfaces/msg/Position.idl
[104.166s] -- Installing: /home/ubuntuuser/ros2_ws/install/crazyflie_interfaces/share/crazyflie_interfaces/msg/Status.idl
[104.167s] -- Installing: /home/ubuntuuser/ros2_ws/install/crazyflie_interfaces/share/crazyflie_interfaces/msg/TrajectoryPolynomialPiece.idl
[104.167s] -- Installing: /home/ubuntuuser/ros2_ws/install/crazyflie_interfaces/share/crazyflie_interfaces/msg/VelocityWorld.idl
[104.168s] -- Installing: /home/ubuntuuser/ros2_ws/install/crazyflie_interfaces/share/crazyflie_interfaces/srv/GoTo.idl
[104.168s] -- Installing: /home/ubuntuuser/ros2_ws/install/crazyflie_interfaces/share/crazyflie_interfaces/srv/Land.idl
[104.168s] -- Installing: /home/ubuntuuser/ros2_ws/install/crazyflie_interfaces/share/crazyflie_interfaces/srv/NotifySetpointsStop.idl
[104.168s] -- Installing: /home/ubuntuuser/ros2_ws/install/crazyflie_interfaces/share/crazyflie_interfaces/srv/SetGroupMask.idl
[104.169s] -- Installing: /home/ubuntuuser/ros2_ws/install/crazyflie_interfaces/share/crazyflie_interfaces/srv/StartTrajectory.idl
[104.170s] -- Installing: /home/ubuntuuser/ros2_ws/install/crazyflie_interfaces/share/crazyflie_interfaces/srv/Stop.idl
[104.171s] -- Installing: /home/ubuntuuser/ros2_ws/install/crazyflie_interfaces/share/crazyflie_interfaces/srv/Takeoff.idl
[104.171s] -- Installing: /home/ubuntuuser/ros2_ws/install/crazyflie_interfaces/share/crazyflie_interfaces/srv/UpdateParams.idl
[104.171s] -- Installing: /home/ubuntuuser/ros2_ws/install/crazyflie_interfaces/share/crazyflie_interfaces/srv/UploadTrajectory.idl
[104.172s] -- Installing: /home/ubuntuuser/ros2_ws/install/crazyflie_interfaces/share/crazyflie_interfaces/srv/RemoveLogging.idl
[104.174s] -- Installing: /home/ubuntuuser/ros2_ws/install/crazyflie_interfaces/share/crazyflie_interfaces/srv/AddLogging.idl
[104.174s] -- Installing: /home/ubuntuuser/ros2_ws/install/crazyflie_interfaces/share/crazyflie_interfaces/srv/Arm.idl
[104.175s] -- Installing: /home/ubuntuuser/ros2_ws/install/crazyflie_interfaces/share/crazyflie_interfaces/msg/ConnectionStatistics.msg
[104.176s] -- Installing: /home/ubuntuuser/ros2_ws/install/crazyflie_interfaces/share/crazyflie_interfaces/msg/ConnectionStatisticsArray.msg
[104.176s] -- Installing: /home/ubuntuuser/ros2_ws/install/crazyflie_interfaces/share/crazyflie_interfaces/msg/FullState.msg
[104.176s] -- Installing: /home/ubuntuuser/ros2_ws/install/crazyflie_interfaces/share/crazyflie_interfaces/msg/LogDataGeneric.msg
[104.177s] -- Installing: /home/ubuntuuser/ros2_ws/install/crazyflie_interfaces/share/crazyflie_interfaces/msg/Hover.msg
[104.179s] -- Installing: /home/ubuntuuser/ros2_ws/install/crazyflie_interfaces/share/crazyflie_interfaces/msg/LogBlock.msg
[104.179s] -- Installing: /home/ubuntuuser/ros2_ws/install/crazyflie_interfaces/share/crazyflie_interfaces/msg/Position.msg
[104.179s] -- Installing: /home/ubuntuuser/ros2_ws/install/crazyflie_interfaces/share/crazyflie_interfaces/msg/Status.msg
[104.180s] -- Installing: /home/ubuntuuser/ros2_ws/install/crazyflie_interfaces/share/crazyflie_interfaces/msg/TrajectoryPolynomialPiece.msg
[104.183s] -- Installing: /home/ubuntuuser/ros2_ws/install/crazyflie_interfaces/share/crazyflie_interfaces/msg/VelocityWorld.msg
[104.183s] -- Installing: /home/ubuntuuser/ros2_ws/install/crazyflie_interfaces/share/crazyflie_interfaces/srv/GoTo.srv
[104.184s] -- Installing: /home/ubuntuuser/ros2_ws/install/crazyflie_interfaces/share/crazyflie_interfaces/srv/Land.srv
[104.184s] -- Installing: /home/ubuntuuser/ros2_ws/install/crazyflie_interfaces/share/crazyflie_interfaces/srv/NotifySetpointsStop.srv
[104.184s] -- Installing: /home/ubuntuuser/ros2_ws/install/crazyflie_interfaces/share/crazyflie_interfaces/srv/SetGroupMask.srv
[104.184s] -- Installing: /home/ubuntuuser/ros2_ws/install/crazyflie_interfaces/share/crazyflie_interfaces/srv/StartTrajectory.srv
[104.185s] -- Installing: /home/ubuntuuser/ros2_ws/install/crazyflie_interfaces/share/crazyflie_interfaces/srv/Stop.srv
[104.186s] -- Installing: /home/ubuntuuser/ros2_ws/install/crazyflie_interfaces/share/crazyflie_interfaces/srv/Takeoff.srv
[104.187s] -- Installing: /home/ubuntuuser/ros2_ws/install/crazyflie_interfaces/share/crazyflie_interfaces/srv/UpdateParams.srv
[104.188s] -- Installing: /home/ubuntuuser/ros2_ws/install/crazyflie_interfaces/share/crazyflie_interfaces/srv/UploadTrajectory.srv
[104.190s] -- Installing: /home/ubuntuuser/ros2_ws/install/crazyflie_interfaces/share/crazyflie_interfaces/srv/RemoveLogging.srv
[104.190s] -- Installing: /home/ubuntuuser/ros2_ws/install/crazyflie_interfaces/share/crazyflie_interfaces/srv/AddLogging.srv
[104.197s] -- Installing: /home/ubuntuuser/ros2_ws/install/crazyflie_interfaces/share/crazyflie_interfaces/srv/Arm.srv
[104.197s] -- Installing: /home/ubuntuuser/ros2_ws/install/crazyflie_interfaces/share/ament_index/resource_index/package_run_dependencies/crazyflie_interfaces
[104.197s] -- Installing: /home/ubuntuuser/ros2_ws/install/crazyflie_interfaces/share/ament_index/resource_index/parent_prefix_path/crazyflie_interfaces
[104.197s] -- Installing: /home/ubuntuuser/ros2_ws/install/crazyflie_interfaces/share/crazyflie_interfaces/environment/ament_prefix_path.sh
[104.197s] -- Installing: /home/ubuntuuser/ros2_ws/install/crazyflie_interfaces/share/crazyflie_interfaces/environment/ament_prefix_path.dsv
[104.197s] -- Installing: /home/ubuntuuser/ros2_ws/install/crazyflie_interfaces/share/crazyflie_interfaces/environment/path.sh
[104.198s] -- Installing: /home/ubuntuuser/ros2_ws/install/crazyflie_interfaces/share/crazyflie_interfaces/environment/path.dsv
[104.198s] -- Installing: /home/ubuntuuser/ros2_ws/install/crazyflie_interfaces/share/crazyflie_interfaces/local_setup.bash
[104.198s] -- Installing: /home/ubuntuuser/ros2_ws/install/crazyflie_interfaces/share/crazyflie_interfaces/local_setup.sh
[104.199s] -- Installing: /home/ubuntuuser/ros2_ws/install/crazyflie_interfaces/share/crazyflie_interfaces/local_setup.zsh
[104.204s] -- Installing: /home/ubuntuuser/ros2_ws/install/crazyflie_interfaces/share/crazyflie_interfaces/local_setup.dsv
[104.204s] -- Installing: /home/ubuntuuser/ros2_ws/install/crazyflie_interfaces/share/crazyflie_interfaces/package.dsv
[104.204s] -- Installing: /home/ubuntuuser/ros2_ws/install/crazyflie_interfaces/share/ament_index/resource_index/packages/crazyflie_interfaces
[104.205s] -- Installing: /home/ubuntuuser/ros2_ws/install/crazyflie_interfaces/share/crazyflie_interfaces/cmake/export_crazyflie_interfaces__rosidl_generator_cExport.cmake
[104.205s] -- Installing: /home/ubuntuuser/ros2_ws/install/crazyflie_interfaces/share/crazyflie_interfaces/cmake/export_crazyflie_interfaces__rosidl_generator_cExport-noconfig.cmake
[104.205s] -- Installing: /home/ubuntuuser/ros2_ws/install/crazyflie_interfaces/share/crazyflie_interfaces/cmake/export_crazyflie_interfaces__rosidl_typesupport_fastrtps_cExport.cmake
[104.205s] -- Installing: /home/ubuntuuser/ros2_ws/install/crazyflie_interfaces/share/crazyflie_interfaces/cmake/export_crazyflie_interfaces__rosidl_typesupport_fastrtps_cExport-noconfig.cmake
[104.206s] -- Installing: /home/ubuntuuser/ros2_ws/install/crazyflie_interfaces/share/crazyflie_interfaces/cmake/export_crazyflie_interfaces__rosidl_generator_cppExport.cmake
[104.206s] -- Installing: /home/ubuntuuser/ros2_ws/install/crazyflie_interfaces/share/crazyflie_interfaces/cmake/export_crazyflie_interfaces__rosidl_typesupport_fastrtps_cppExport.cmake
[104.206s] -- Installing: /home/ubuntuuser/ros2_ws/install/crazyflie_interfaces/share/crazyflie_interfaces/cmake/export_crazyflie_interfaces__rosidl_typesupport_fastrtps_cppExport-noconfig.cmake
[104.206s] -- Installing: /home/ubuntuuser/ros2_ws/install/crazyflie_interfaces/share/crazyflie_interfaces/cmake/crazyflie_interfaces__rosidl_typesupport_introspection_cExport.cmake
[104.206s] -- Installing: /home/ubuntuuser/ros2_ws/install/crazyflie_interfaces/share/crazyflie_interfaces/cmake/crazyflie_interfaces__rosidl_typesupport_introspection_cExport-noconfig.cmake
[104.206s] -- Installing: /home/ubuntuuser/ros2_ws/install/crazyflie_interfaces/share/crazyflie_interfaces/cmake/crazyflie_interfaces__rosidl_typesupport_cExport.cmake
[104.206s] -- Installing: /home/ubuntuuser/ros2_ws/install/crazyflie_interfaces/share/crazyflie_interfaces/cmake/crazyflie_interfaces__rosidl_typesupport_cExport-noconfig.cmake
[104.207s] -- Installing: /home/ubuntuuser/ros2_ws/install/crazyflie_interfaces/share/crazyflie_interfaces/cmake/crazyflie_interfaces__rosidl_typesupport_introspection_cppExport.cmake
[104.207s] -- Installing: /home/ubuntuuser/ros2_ws/install/crazyflie_interfaces/share/crazyflie_interfaces/cmake/crazyflie_interfaces__rosidl_typesupport_introspection_cppExport-noconfig.cmake
[104.207s] -- Installing: /home/ubuntuuser/ros2_ws/install/crazyflie_interfaces/share/crazyflie_interfaces/cmake/crazyflie_interfaces__rosidl_typesupport_cppExport.cmake
[104.207s] -- Installing: /home/ubuntuuser/ros2_ws/install/crazyflie_interfaces/share/crazyflie_interfaces/cmake/crazyflie_interfaces__rosidl_typesupport_cppExport-noconfig.cmake
[104.208s] -- Installing: /home/ubuntuuser/ros2_ws/install/crazyflie_interfaces/share/crazyflie_interfaces/cmake/export_crazyflie_interfaces__rosidl_generator_pyExport.cmake
[104.208s] -- Installing: /home/ubuntuuser/ros2_ws/install/crazyflie_interfaces/share/crazyflie_interfaces/cmake/export_crazyflie_interfaces__rosidl_generator_pyExport-noconfig.cmake
[104.208s] -- Installing: /home/ubuntuuser/ros2_ws/install/crazyflie_interfaces/share/crazyflie_interfaces/cmake/rosidl_cmake-extras.cmake
[104.209s] -- Installing: /home/ubuntuuser/ros2_ws/install/crazyflie_interfaces/share/crazyflie_interfaces/cmake/ament_cmake_export_dependencies-extras.cmake
[104.209s] -- Installing: /home/ubuntuuser/ros2_ws/install/crazyflie_interfaces/share/crazyflie_interfaces/cmake/ament_cmake_export_include_directories-extras.cmake
[104.209s] -- Installing: /home/ubuntuuser/ros2_ws/install/crazyflie_interfaces/share/crazyflie_interfaces/cmake/ament_cmake_export_libraries-extras.cmake
[104.209s] -- Installing: /home/ubuntuuser/ros2_ws/install/crazyflie_interfaces/share/crazyflie_interfaces/cmake/ament_cmake_export_targets-extras.cmake
[104.209s] -- Installing: /home/ubuntuuser/ros2_ws/install/crazyflie_interfaces/share/crazyflie_interfaces/cmake/rosidl_cmake_export_typesupport_targets-extras.cmake
[104.209s] -- Installing: /home/ubuntuuser/ros2_ws/install/crazyflie_interfaces/share/crazyflie_interfaces/cmake/rosidl_cmake_export_typesupport_libraries-extras.cmake
[104.209s] -- Installing: /home/ubuntuuser/ros2_ws/install/crazyflie_interfaces/share/crazyflie_interfaces/cmake/crazyflie_interfacesConfig.cmake
[104.210s] -- Installing: /home/ubuntuuser/ros2_ws/install/crazyflie_interfaces/share/crazyflie_interfaces/cmake/crazyflie_interfacesConfig-version.cmake
[104.210s] -- Installing: /home/ubuntuuser/ros2_ws/install/crazyflie_interfaces/share/crazyflie_interfaces/package.xml
[104.215s] Invoked command in '/home/ubuntuuser/ros2_ws/build/crazyflie_interfaces' returned '0': CMAKE_PREFIX_PATH=${CMAKE_PREFIX_PATH}:/opt/ros/jazzy DEBUGINFOD_URLS=https://debuginfod.ubuntu.com PS1=(.venv) \[\e]0;\u@\h: \w\a\]${debian_chroot:+($debian_chroot)}\[\033[01;32m\]\u@\h\[\033[00m\]:\[\033[01;34m\]\w\[\033[00m\]\$ VIRTUAL_ENV_PROMPT=(.venv) /usr/bin/cmake --install /home/ubuntuuser/ros2_ws/build/crazyflie_interfaces
