[0.222s] DEBUG:colcon:Command line arguments: ['/home/ubuntuuser/ros2_ws/.venv/bin/colcon', 'build']
[0.222s] DEBUG:colcon:Parsed command line arguments: Namespace(log_base=None, log_level=None, verb_name='build', build_base='build', install_base='install', merge_install=False, symlink_install=False, test_result_base=None, continue_on_error=False, executor='parallel', parallel_workers=4, event_handlers=None, ignore_user_meta=False, metas=['./colcon.meta'], base_paths=['.'], packages_ignore=None, packages_ignore_regex=None, paths=None, packages_up_to=None, packages_up_to_regex=None, packages_above=None, packages_above_and_dependencies=None, packages_above_depth=None, packages_select_by_dep=None, packages_skip_by_dep=None, packages_skip_up_to=None, packages_select_build_failed=False, packages_skip_build_finished=False, packages_select_test_failures=False, packages_skip_test_passed=False, packages_select=None, packages_skip=None, packages_select_regex=None, packages_skip_regex=None, packages_start=None, packages_end=None, cmake_args=None, cmake_target=None, cmake_target_skip_unavailable=False, cmake_clean_cache=False, cmake_clean_first=False, cmake_force_configure=False, ament_cmake_args=None, catkin_cmake_args=None, catkin_skip_building_tests=False, verb_parser=<colcon_defaults.argument_parser.defaults.DefaultArgumentsDecorator object at 0x7a172ddf5ca0>, verb_extension=<colcon_core.verb.build.BuildVerb object at 0x7a172ddf5b80>, main=<bound method BuildVerb.main of <colcon_core.verb.build.BuildVerb object at 0x7a172ddf5b80>>)
[0.283s] Level 1:colcon.colcon_core.package_discovery:discover_packages(colcon_meta) check parameters
[0.284s] Level 1:colcon.colcon_core.package_discovery:discover_packages(recursive) check parameters
[0.284s] Level 1:colcon.colcon_core.package_discovery:discover_packages(ignore) check parameters
[0.284s] Level 1:colcon.colcon_core.package_discovery:discover_packages(path) check parameters
[0.284s] Level 1:colcon.colcon_core.package_discovery:discover_packages(colcon_meta) discover
[0.284s] Level 1:colcon.colcon_core.package_discovery:discover_packages(recursive) discover
[0.284s] INFO:colcon.colcon_core.package_discovery:Crawling recursively for packages in '/home/ubuntuuser/ros2_ws'
[0.284s] Level 1:colcon.colcon_core.package_identification:_identify(.) by extensions ['ignore', 'ignore_ament_install']
[0.284s] Level 1:colcon.colcon_core.package_identification:_identify(.) by extension 'ignore'
[0.284s] Level 1:colcon.colcon_core.package_identification:_identify(.) by extension 'ignore_ament_install'
[0.284s] Level 1:colcon.colcon_core.package_identification:_identify(.) by extensions ['colcon_pkg']
[0.284s] Level 1:colcon.colcon_core.package_identification:_identify(.) by extension 'colcon_pkg'
[0.285s] Level 1:colcon.colcon_core.package_identification:_identify(.) by extensions ['colcon_meta']
[0.285s] Level 1:colcon.colcon_core.package_identification:_identify(.) by extension 'colcon_meta'
[0.285s] Level 1:colcon.colcon_core.package_identification:_identify(.) by extensions ['ros']
[0.285s] Level 1:colcon.colcon_core.package_identification:_identify(.) by extension 'ros'
[0.326s] Level 1:colcon.colcon_core.package_identification:_identify(.) by extensions ['cmake', 'python']
[0.326s] Level 1:colcon.colcon_core.package_identification:_identify(.) by extension 'cmake'
[0.326s] Level 1:colcon.colcon_core.package_identification:_identify(.) by extension 'python'
[0.327s] Level 1:colcon.colcon_core.package_identification:_identify(.) by extensions ['python_setup_py']
[0.327s] Level 1:colcon.colcon_core.package_identification:_identify(.) by extension 'python_setup_py'
[0.327s] Level 1:colcon.colcon_core.package_identification:_identify(build) by extensions ['ignore', 'ignore_ament_install']
[0.327s] Level 1:colcon.colcon_core.package_identification:_identify(build) by extension 'ignore'
[0.327s] Level 1:colcon.colcon_core.package_identification:_identify(build) ignored
[0.327s] Level 1:colcon.colcon_core.package_identification:_identify(install) by extensions ['ignore', 'ignore_ament_install']
[0.327s] Level 1:colcon.colcon_core.package_identification:_identify(install) by extension 'ignore'
[0.327s] Level 1:colcon.colcon_core.package_identification:_identify(install) ignored
[0.327s] Level 1:colcon.colcon_core.package_identification:_identify(log) by extensions ['ignore', 'ignore_ament_install']
[0.328s] Level 1:colcon.colcon_core.package_identification:_identify(log) by extension 'ignore'
[0.328s] Level 1:colcon.colcon_core.package_identification:_identify(log) ignored
[0.328s] Level 1:colcon.colcon_core.package_identification:_identify(src) by extensions ['ignore', 'ignore_ament_install']
[0.328s] Level 1:colcon.colcon_core.package_identification:_identify(src) by extension 'ignore'
[0.328s] Level 1:colcon.colcon_core.package_identification:_identify(src) by extension 'ignore_ament_install'
[0.328s] Level 1:colcon.colcon_core.package_identification:_identify(src) by extensions ['colcon_pkg']
[0.328s] Level 1:colcon.colcon_core.package_identification:_identify(src) by extension 'colcon_pkg'
[0.328s] Level 1:colcon.colcon_core.package_identification:_identify(src) by extensions ['colcon_meta']
[0.328s] Level 1:colcon.colcon_core.package_identification:_identify(src) by extension 'colcon_meta'
[0.328s] Level 1:colcon.colcon_core.package_identification:_identify(src) by extensions ['ros']
[0.328s] Level 1:colcon.colcon_core.package_identification:_identify(src) by extension 'ros'
[0.328s] Level 1:colcon.colcon_core.package_identification:_identify(src) by extensions ['cmake', 'python']
[0.328s] Level 1:colcon.colcon_core.package_identification:_identify(src) by extension 'cmake'
[0.329s] Level 1:colcon.colcon_core.package_identification:_identify(src) by extension 'python'
[0.329s] Level 1:colcon.colcon_core.package_identification:_identify(src) by extensions ['python_setup_py']
[0.329s] Level 1:colcon.colcon_core.package_identification:_identify(src) by extension 'python_setup_py'
[0.329s] Level 1:colcon.colcon_core.package_identification:_identify(src/build) by extensions ['ignore', 'ignore_ament_install']
[0.329s] Level 1:colcon.colcon_core.package_identification:_identify(src/build) by extension 'ignore'
[0.329s] Level 1:colcon.colcon_core.package_identification:_identify(src/build) ignored
[0.329s] Level 1:colcon.colcon_core.package_identification:_identify(src/crazyswarm2) by extensions ['ignore', 'ignore_ament_install']
[0.329s] Level 1:colcon.colcon_core.package_identification:_identify(src/crazyswarm2) by extension 'ignore'
[0.329s] Level 1:colcon.colcon_core.package_identification:_identify(src/crazyswarm2) by extension 'ignore_ament_install'
[0.329s] Level 1:colcon.colcon_core.package_identification:_identify(src/crazyswarm2) by extensions ['colcon_pkg']
[0.329s] Level 1:colcon.colcon_core.package_identification:_identify(src/crazyswarm2) by extension 'colcon_pkg'
[0.329s] Level 1:colcon.colcon_core.package_identification:_identify(src/crazyswarm2) by extensions ['colcon_meta']
[0.329s] Level 1:colcon.colcon_core.package_identification:_identify(src/crazyswarm2) by extension 'colcon_meta'
[0.329s] Level 1:colcon.colcon_core.package_identification:_identify(src/crazyswarm2) by extensions ['ros']
[0.330s] Level 1:colcon.colcon_core.package_identification:_identify(src/crazyswarm2) by extension 'ros'
[0.330s] Level 1:colcon.colcon_core.package_identification:_identify(src/crazyswarm2) by extensions ['cmake', 'python']
[0.330s] Level 1:colcon.colcon_core.package_identification:_identify(src/crazyswarm2) by extension 'cmake'
[0.330s] Level 1:colcon.colcon_core.package_identification:_identify(src/crazyswarm2) by extension 'python'
[0.330s] Level 1:colcon.colcon_core.package_identification:_identify(src/crazyswarm2) by extensions ['python_setup_py']
[0.330s] Level 1:colcon.colcon_core.package_identification:_identify(src/crazyswarm2) by extension 'python_setup_py'
[0.330s] Level 1:colcon.colcon_core.package_identification:_identify(src/crazyswarm2/crazyflie) by extensions ['ignore', 'ignore_ament_install']
[0.331s] Level 1:colcon.colcon_core.package_identification:_identify(src/crazyswarm2/crazyflie) by extension 'ignore'
[0.331s] Level 1:colcon.colcon_core.package_identification:_identify(src/crazyswarm2/crazyflie) by extension 'ignore_ament_install'
[0.331s] Level 1:colcon.colcon_core.package_identification:_identify(src/crazyswarm2/crazyflie) by extensions ['colcon_pkg']
[0.331s] Level 1:colcon.colcon_core.package_identification:_identify(src/crazyswarm2/crazyflie) by extension 'colcon_pkg'
[0.331s] Level 1:colcon.colcon_core.package_identification:_identify(src/crazyswarm2/crazyflie) by extensions ['colcon_meta']
[0.331s] Level 1:colcon.colcon_core.package_identification:_identify(src/crazyswarm2/crazyflie) by extension 'colcon_meta'
[0.332s] Level 1:colcon.colcon_core.package_identification:_identify(src/crazyswarm2/crazyflie) by extensions ['ros']
[0.332s] Level 1:colcon.colcon_core.package_identification:_identify(src/crazyswarm2/crazyflie) by extension 'ros'
[0.339s] DEBUG:colcon.colcon_core.package_identification:Package 'src/crazyswarm2/crazyflie' with type 'ros.ament_cmake' and name 'crazyflie'
[0.339s] Level 1:colcon.colcon_core.package_identification:_identify(src/crazyswarm2/crazyflie_examples) by extensions ['ignore', 'ignore_ament_install']
[0.339s] Level 1:colcon.colcon_core.package_identification:_identify(src/crazyswarm2/crazyflie_examples) by extension 'ignore'
[0.340s] Level 1:colcon.colcon_core.package_identification:_identify(src/crazyswarm2/crazyflie_examples) by extension 'ignore_ament_install'
[0.340s] Level 1:colcon.colcon_core.package_identification:_identify(src/crazyswarm2/crazyflie_examples) by extensions ['colcon_pkg']
[0.340s] Level 1:colcon.colcon_core.package_identification:_identify(src/crazyswarm2/crazyflie_examples) by extension 'colcon_pkg'
[0.340s] Level 1:colcon.colcon_core.package_identification:_identify(src/crazyswarm2/crazyflie_examples) by extensions ['colcon_meta']
[0.340s] Level 1:colcon.colcon_core.package_identification:_identify(src/crazyswarm2/crazyflie_examples) by extension 'colcon_meta'
[0.340s] Level 1:colcon.colcon_core.package_identification:_identify(src/crazyswarm2/crazyflie_examples) by extensions ['ros']
[0.340s] Level 1:colcon.colcon_core.package_identification:_identify(src/crazyswarm2/crazyflie_examples) by extension 'ros'
[0.341s] DEBUG:colcon.colcon_core.package_identification:Package 'src/crazyswarm2/crazyflie_examples' with type 'ros.ament_cmake' and name 'crazyflie_examples'
[0.341s] Level 1:colcon.colcon_core.package_identification:_identify(src/crazyswarm2/crazyflie_interfaces) by extensions ['ignore', 'ignore_ament_install']
[0.341s] Level 1:colcon.colcon_core.package_identification:_identify(src/crazyswarm2/crazyflie_interfaces) by extension 'ignore'
[0.341s] Level 1:colcon.colcon_core.package_identification:_identify(src/crazyswarm2/crazyflie_interfaces) by extension 'ignore_ament_install'
[0.341s] Level 1:colcon.colcon_core.package_identification:_identify(src/crazyswarm2/crazyflie_interfaces) by extensions ['colcon_pkg']
[0.342s] Level 1:colcon.colcon_core.package_identification:_identify(src/crazyswarm2/crazyflie_interfaces) by extension 'colcon_pkg'
[0.342s] Level 1:colcon.colcon_core.package_identification:_identify(src/crazyswarm2/crazyflie_interfaces) by extensions ['colcon_meta']
[0.342s] Level 1:colcon.colcon_core.package_identification:_identify(src/crazyswarm2/crazyflie_interfaces) by extension 'colcon_meta'
[0.342s] Level 1:colcon.colcon_core.package_identification:_identify(src/crazyswarm2/crazyflie_interfaces) by extensions ['ros']
[0.342s] Level 1:colcon.colcon_core.package_identification:_identify(src/crazyswarm2/crazyflie_interfaces) by extension 'ros'
[0.343s] DEBUG:colcon.colcon_core.package_identification:Package 'src/crazyswarm2/crazyflie_interfaces' with type 'ros.ament_cmake' and name 'crazyflie_interfaces'
[0.343s] Level 1:colcon.colcon_core.package_identification:_identify(src/crazyswarm2/crazyflie_py) by extensions ['ignore', 'ignore_ament_install']
[0.343s] Level 1:colcon.colcon_core.package_identification:_identify(src/crazyswarm2/crazyflie_py) by extension 'ignore'
[0.343s] Level 1:colcon.colcon_core.package_identification:_identify(src/crazyswarm2/crazyflie_py) by extension 'ignore_ament_install'
[0.343s] Level 1:colcon.colcon_core.package_identification:_identify(src/crazyswarm2/crazyflie_py) by extensions ['colcon_pkg']
[0.343s] Level 1:colcon.colcon_core.package_identification:_identify(src/crazyswarm2/crazyflie_py) by extension 'colcon_pkg'
[0.343s] Level 1:colcon.colcon_core.package_identification:_identify(src/crazyswarm2/crazyflie_py) by extensions ['colcon_meta']
[0.343s] Level 1:colcon.colcon_core.package_identification:_identify(src/crazyswarm2/crazyflie_py) by extension 'colcon_meta'
[0.343s] Level 1:colcon.colcon_core.package_identification:_identify(src/crazyswarm2/crazyflie_py) by extensions ['ros']
[0.343s] Level 1:colcon.colcon_core.package_identification:_identify(src/crazyswarm2/crazyflie_py) by extension 'ros'
[0.344s] DEBUG:colcon.colcon_core.package_identification:Package 'src/crazyswarm2/crazyflie_py' with type 'ros.ament_python' and name 'crazyflie_py'
[0.344s] Level 1:colcon.colcon_core.package_identification:_identify(src/crazyswarm2/crazyflie_sim) by extensions ['ignore', 'ignore_ament_install']
[0.344s] Level 1:colcon.colcon_core.package_identification:_identify(src/crazyswarm2/crazyflie_sim) by extension 'ignore'
[0.345s] Level 1:colcon.colcon_core.package_identification:_identify(src/crazyswarm2/crazyflie_sim) by extension 'ignore_ament_install'
[0.345s] Level 1:colcon.colcon_core.package_identification:_identify(src/crazyswarm2/crazyflie_sim) by extensions ['colcon_pkg']
[0.345s] Level 1:colcon.colcon_core.package_identification:_identify(src/crazyswarm2/crazyflie_sim) by extension 'colcon_pkg'
[0.345s] Level 1:colcon.colcon_core.package_identification:_identify(src/crazyswarm2/crazyflie_sim) by extensions ['colcon_meta']
[0.345s] Level 1:colcon.colcon_core.package_identification:_identify(src/crazyswarm2/crazyflie_sim) by extension 'colcon_meta'
[0.345s] Level 1:colcon.colcon_core.package_identification:_identify(src/crazyswarm2/crazyflie_sim) by extensions ['ros']
[0.345s] Level 1:colcon.colcon_core.package_identification:_identify(src/crazyswarm2/crazyflie_sim) by extension 'ros'
[0.346s] DEBUG:colcon.colcon_core.package_identification:Package 'src/crazyswarm2/crazyflie_sim' with type 'ros.ament_cmake' and name 'crazyflie_sim'
[0.346s] Level 1:colcon.colcon_core.package_identification:_identify(src/crazyswarm2/docs) by extensions ['ignore', 'ignore_ament_install']
[0.346s] Level 1:colcon.colcon_core.package_identification:_identify(src/crazyswarm2/docs) by extension 'ignore'
[0.346s] Level 1:colcon.colcon_core.package_identification:_identify(src/crazyswarm2/docs) by extension 'ignore_ament_install'
[0.346s] Level 1:colcon.colcon_core.package_identification:_identify(src/crazyswarm2/docs) by extensions ['colcon_pkg']
[0.346s] Level 1:colcon.colcon_core.package_identification:_identify(src/crazyswarm2/docs) by extension 'colcon_pkg'
[0.346s] Level 1:colcon.colcon_core.package_identification:_identify(src/crazyswarm2/docs) by extensions ['colcon_meta']
[0.346s] Level 1:colcon.colcon_core.package_identification:_identify(src/crazyswarm2/docs) by extension 'colcon_meta'
[0.346s] Level 1:colcon.colcon_core.package_identification:_identify(src/crazyswarm2/docs) by extensions ['ros']
[0.346s] Level 1:colcon.colcon_core.package_identification:_identify(src/crazyswarm2/docs) by extension 'ros'
[0.346s] Level 1:colcon.colcon_core.package_identification:_identify(src/crazyswarm2/docs) by extensions ['cmake', 'python']
[0.346s] Level 1:colcon.colcon_core.package_identification:_identify(src/crazyswarm2/docs) by extension 'cmake'
[0.346s] Level 1:colcon.colcon_core.package_identification:_identify(src/crazyswarm2/docs) by extension 'python'
[0.347s] Level 1:colcon.colcon_core.package_identification:_identify(src/crazyswarm2/docs) by extensions ['python_setup_py']
[0.347s] Level 1:colcon.colcon_core.package_identification:_identify(src/crazyswarm2/docs) by extension 'python_setup_py'
[0.347s] Level 1:colcon.colcon_core.package_identification:_identify(src/crazyswarm2/docs/generated) by extensions ['ignore', 'ignore_ament_install']
[0.347s] Level 1:colcon.colcon_core.package_identification:_identify(src/crazyswarm2/docs/generated) by extension 'ignore'
[0.347s] Level 1:colcon.colcon_core.package_identification:_identify(src/crazyswarm2/docs/generated) by extension 'ignore_ament_install'
[0.347s] Level 1:colcon.colcon_core.package_identification:_identify(src/crazyswarm2/docs/generated) by extensions ['colcon_pkg']
[0.347s] Level 1:colcon.colcon_core.package_identification:_identify(src/crazyswarm2/docs/generated) by extension 'colcon_pkg'
[0.347s] Level 1:colcon.colcon_core.package_identification:_identify(src/crazyswarm2/docs/generated) by extensions ['colcon_meta']
[0.347s] Level 1:colcon.colcon_core.package_identification:_identify(src/crazyswarm2/docs/generated) by extension 'colcon_meta'
[0.348s] Level 1:colcon.colcon_core.package_identification:_identify(src/crazyswarm2/docs/generated) by extensions ['ros']
[0.348s] Level 1:colcon.colcon_core.package_identification:_identify(src/crazyswarm2/docs/generated) by extension 'ros'
[0.348s] Level 1:colcon.colcon_core.package_identification:_identify(src/crazyswarm2/docs/generated) by extensions ['cmake', 'python']
[0.348s] Level 1:colcon.colcon_core.package_identification:_identify(src/crazyswarm2/docs/generated) by extension 'cmake'
[0.348s] Level 1:colcon.colcon_core.package_identification:_identify(src/crazyswarm2/docs/generated) by extension 'python'
[0.348s] Level 1:colcon.colcon_core.package_identification:_identify(src/crazyswarm2/docs/generated) by extensions ['python_setup_py']
[0.348s] Level 1:colcon.colcon_core.package_identification:_identify(src/crazyswarm2/docs/generated) by extension 'python_setup_py'
[0.348s] Level 1:colcon.colcon_core.package_identification:_identify(src/crazyswarm2/docs/howto) by extensions ['ignore', 'ignore_ament_install']
[0.348s] Level 1:colcon.colcon_core.package_identification:_identify(src/crazyswarm2/docs/howto) by extension 'ignore'
[0.348s] Level 1:colcon.colcon_core.package_identification:_identify(src/crazyswarm2/docs/howto) by extension 'ignore_ament_install'
[0.348s] Level 1:colcon.colcon_core.package_identification:_identify(src/crazyswarm2/docs/howto) by extensions ['colcon_pkg']
[0.348s] Level 1:colcon.colcon_core.package_identification:_identify(src/crazyswarm2/docs/howto) by extension 'colcon_pkg'
[0.349s] Level 1:colcon.colcon_core.package_identification:_identify(src/crazyswarm2/docs/howto) by extensions ['colcon_meta']
[0.349s] Level 1:colcon.colcon_core.package_identification:_identify(src/crazyswarm2/docs/howto) by extension 'colcon_meta'
[0.349s] Level 1:colcon.colcon_core.package_identification:_identify(src/crazyswarm2/docs/howto) by extensions ['ros']
[0.349s] Level 1:colcon.colcon_core.package_identification:_identify(src/crazyswarm2/docs/howto) by extension 'ros'
[0.349s] Level 1:colcon.colcon_core.package_identification:_identify(src/crazyswarm2/docs/howto) by extensions ['cmake', 'python']
[0.349s] Level 1:colcon.colcon_core.package_identification:_identify(src/crazyswarm2/docs/howto) by extension 'cmake'
[0.349s] Level 1:colcon.colcon_core.package_identification:_identify(src/crazyswarm2/docs/howto) by extension 'python'
[0.349s] Level 1:colcon.colcon_core.package_identification:_identify(src/crazyswarm2/docs/howto) by extensions ['python_setup_py']
[0.349s] Level 1:colcon.colcon_core.package_identification:_identify(src/crazyswarm2/docs/howto) by extension 'python_setup_py'
[0.349s] Level 1:colcon.colcon_core.package_identification:_identify(src/crazyswarm2/docs/images) by extensions ['ignore', 'ignore_ament_install']
[0.349s] Level 1:colcon.colcon_core.package_identification:_identify(src/crazyswarm2/docs/images) by extension 'ignore'
[0.349s] Level 1:colcon.colcon_core.package_identification:_identify(src/crazyswarm2/docs/images) by extension 'ignore_ament_install'
[0.349s] Level 1:colcon.colcon_core.package_identification:_identify(src/crazyswarm2/docs/images) by extensions ['colcon_pkg']
[0.349s] Level 1:colcon.colcon_core.package_identification:_identify(src/crazyswarm2/docs/images) by extension 'colcon_pkg'
[0.349s] Level 1:colcon.colcon_core.package_identification:_identify(src/crazyswarm2/docs/images) by extensions ['colcon_meta']
[0.350s] Level 1:colcon.colcon_core.package_identification:_identify(src/crazyswarm2/docs/images) by extension 'colcon_meta'
[0.350s] Level 1:colcon.colcon_core.package_identification:_identify(src/crazyswarm2/docs/images) by extensions ['ros']
[0.350s] Level 1:colcon.colcon_core.package_identification:_identify(src/crazyswarm2/docs/images) by extension 'ros'
[0.350s] Level 1:colcon.colcon_core.package_identification:_identify(src/crazyswarm2/docs/images) by extensions ['cmake', 'python']
[0.350s] Level 1:colcon.colcon_core.package_identification:_identify(src/crazyswarm2/docs/images) by extension 'cmake'
[0.350s] Level 1:colcon.colcon_core.package_identification:_identify(src/crazyswarm2/docs/images) by extension 'python'
[0.350s] Level 1:colcon.colcon_core.package_identification:_identify(src/crazyswarm2/docs/images) by extensions ['python_setup_py']
[0.350s] Level 1:colcon.colcon_core.package_identification:_identify(src/crazyswarm2/docs/images) by extension 'python_setup_py'
[0.350s] Level 1:colcon.colcon_core.package_identification:_identify(src/crazyswarm2/docs/tutorials) by extensions ['ignore', 'ignore_ament_install']
[0.350s] Level 1:colcon.colcon_core.package_identification:_identify(src/crazyswarm2/docs/tutorials) by extension 'ignore'
[0.350s] Level 1:colcon.colcon_core.package_identification:_identify(src/crazyswarm2/docs/tutorials) by extension 'ignore_ament_install'
[0.350s] Level 1:colcon.colcon_core.package_identification:_identify(src/crazyswarm2/docs/tutorials) by extensions ['colcon_pkg']
[0.350s] Level 1:colcon.colcon_core.package_identification:_identify(src/crazyswarm2/docs/tutorials) by extension 'colcon_pkg'
[0.350s] Level 1:colcon.colcon_core.package_identification:_identify(src/crazyswarm2/docs/tutorials) by extensions ['colcon_meta']
[0.350s] Level 1:colcon.colcon_core.package_identification:_identify(src/crazyswarm2/docs/tutorials) by extension 'colcon_meta'
[0.351s] Level 1:colcon.colcon_core.package_identification:_identify(src/crazyswarm2/docs/tutorials) by extensions ['ros']
[0.351s] Level 1:colcon.colcon_core.package_identification:_identify(src/crazyswarm2/docs/tutorials) by extension 'ros'
[0.351s] Level 1:colcon.colcon_core.package_identification:_identify(src/crazyswarm2/docs/tutorials) by extensions ['cmake', 'python']
[0.351s] Level 1:colcon.colcon_core.package_identification:_identify(src/crazyswarm2/docs/tutorials) by extension 'cmake'
[0.351s] Level 1:colcon.colcon_core.package_identification:_identify(src/crazyswarm2/docs/tutorials) by extension 'python'
[0.351s] Level 1:colcon.colcon_core.package_identification:_identify(src/crazyswarm2/docs/tutorials) by extensions ['python_setup_py']
[0.351s] Level 1:colcon.colcon_core.package_identification:_identify(src/crazyswarm2/docs/tutorials) by extension 'python_setup_py'
[0.351s] Level 1:colcon.colcon_core.package_identification:_identify(src/crazyswarm2/docs2) by extensions ['ignore', 'ignore_ament_install']
[0.351s] Level 1:colcon.colcon_core.package_identification:_identify(src/crazyswarm2/docs2) by extension 'ignore'
[0.351s] Level 1:colcon.colcon_core.package_identification:_identify(src/crazyswarm2/docs2) by extension 'ignore_ament_install'
[0.351s] Level 1:colcon.colcon_core.package_identification:_identify(src/crazyswarm2/docs2) by extensions ['colcon_pkg']
[0.351s] Level 1:colcon.colcon_core.package_identification:_identify(src/crazyswarm2/docs2) by extension 'colcon_pkg'
[0.351s] Level 1:colcon.colcon_core.package_identification:_identify(src/crazyswarm2/docs2) by extensions ['colcon_meta']
[0.351s] Level 1:colcon.colcon_core.package_identification:_identify(src/crazyswarm2/docs2) by extension 'colcon_meta'
[0.351s] Level 1:colcon.colcon_core.package_identification:_identify(src/crazyswarm2/docs2) by extensions ['ros']
[0.351s] Level 1:colcon.colcon_core.package_identification:_identify(src/crazyswarm2/docs2) by extension 'ros'
[0.352s] Level 1:colcon.colcon_core.package_identification:_identify(src/crazyswarm2/docs2) by extensions ['cmake', 'python']
[0.352s] Level 1:colcon.colcon_core.package_identification:_identify(src/crazyswarm2/docs2) by extension 'cmake'
[0.352s] Level 1:colcon.colcon_core.package_identification:_identify(src/crazyswarm2/docs2) by extension 'python'
[0.352s] Level 1:colcon.colcon_core.package_identification:_identify(src/crazyswarm2/docs2) by extensions ['python_setup_py']
[0.352s] Level 1:colcon.colcon_core.package_identification:_identify(src/crazyswarm2/docs2) by extension 'python_setup_py'
[0.352s] Level 1:colcon.colcon_core.package_identification:_identify(src/crazyswarm2/docs2/images) by extensions ['ignore', 'ignore_ament_install']
[0.352s] Level 1:colcon.colcon_core.package_identification:_identify(src/crazyswarm2/docs2/images) by extension 'ignore'
[0.352s] Level 1:colcon.colcon_core.package_identification:_identify(src/crazyswarm2/docs2/images) by extension 'ignore_ament_install'
[0.352s] Level 1:colcon.colcon_core.package_identification:_identify(src/crazyswarm2/docs2/images) by extensions ['colcon_pkg']
[0.352s] Level 1:colcon.colcon_core.package_identification:_identify(src/crazyswarm2/docs2/images) by extension 'colcon_pkg'
[0.352s] Level 1:colcon.colcon_core.package_identification:_identify(src/crazyswarm2/docs2/images) by extensions ['colcon_meta']
[0.352s] Level 1:colcon.colcon_core.package_identification:_identify(src/crazyswarm2/docs2/images) by extension 'colcon_meta'
[0.352s] Level 1:colcon.colcon_core.package_identification:_identify(src/crazyswarm2/docs2/images) by extensions ['ros']
[0.352s] Level 1:colcon.colcon_core.package_identification:_identify(src/crazyswarm2/docs2/images) by extension 'ros'
[0.352s] Level 1:colcon.colcon_core.package_identification:_identify(src/crazyswarm2/docs2/images) by extensions ['cmake', 'python']
[0.352s] Level 1:colcon.colcon_core.package_identification:_identify(src/crazyswarm2/docs2/images) by extension 'cmake'
[0.353s] Level 1:colcon.colcon_core.package_identification:_identify(src/crazyswarm2/docs2/images) by extension 'python'
[0.353s] Level 1:colcon.colcon_core.package_identification:_identify(src/crazyswarm2/docs2/images) by extensions ['python_setup_py']
[0.353s] Level 1:colcon.colcon_core.package_identification:_identify(src/crazyswarm2/docs2/images) by extension 'python_setup_py'
[0.353s] Level 1:colcon.colcon_core.package_identification:_identify(src/crazyswarm2/prebuilt) by extensions ['ignore', 'ignore_ament_install']
[0.353s] Level 1:colcon.colcon_core.package_identification:_identify(src/crazyswarm2/prebuilt) by extension 'ignore'
[0.353s] Level 1:colcon.colcon_core.package_identification:_identify(src/crazyswarm2/prebuilt) by extension 'ignore_ament_install'
[0.353s] Level 1:colcon.colcon_core.package_identification:_identify(src/crazyswarm2/prebuilt) by extensions ['colcon_pkg']
[0.353s] Level 1:colcon.colcon_core.package_identification:_identify(src/crazyswarm2/prebuilt) by extension 'colcon_pkg'
[0.353s] Level 1:colcon.colcon_core.package_identification:_identify(src/crazyswarm2/prebuilt) by extensions ['colcon_meta']
[0.353s] Level 1:colcon.colcon_core.package_identification:_identify(src/crazyswarm2/prebuilt) by extension 'colcon_meta'
[0.353s] Level 1:colcon.colcon_core.package_identification:_identify(src/crazyswarm2/prebuilt) by extensions ['ros']
[0.353s] Level 1:colcon.colcon_core.package_identification:_identify(src/crazyswarm2/prebuilt) by extension 'ros'
[0.353s] Level 1:colcon.colcon_core.package_identification:_identify(src/crazyswarm2/prebuilt) by extensions ['cmake', 'python']
[0.353s] Level 1:colcon.colcon_core.package_identification:_identify(src/crazyswarm2/prebuilt) by extension 'cmake'
[0.353s] Level 1:colcon.colcon_core.package_identification:_identify(src/crazyswarm2/prebuilt) by extension 'python'
[0.353s] Level 1:colcon.colcon_core.package_identification:_identify(src/crazyswarm2/prebuilt) by extensions ['python_setup_py']
[0.354s] Level 1:colcon.colcon_core.package_identification:_identify(src/crazyswarm2/prebuilt) by extension 'python_setup_py'
[0.354s] Level 1:colcon.colcon_core.package_identification:_identify(src/crazyswarm2/ros_ws) by extensions ['ignore', 'ignore_ament_install']
[0.354s] Level 1:colcon.colcon_core.package_identification:_identify(src/crazyswarm2/ros_ws) by extension 'ignore'
[0.354s] Level 1:colcon.colcon_core.package_identification:_identify(src/crazyswarm2/ros_ws) by extension 'ignore_ament_install'
[0.354s] Level 1:colcon.colcon_core.package_identification:_identify(src/crazyswarm2/ros_ws) by extensions ['colcon_pkg']
[0.354s] Level 1:colcon.colcon_core.package_identification:_identify(src/crazyswarm2/ros_ws) by extension 'colcon_pkg'
[0.354s] Level 1:colcon.colcon_core.package_identification:_identify(src/crazyswarm2/ros_ws) by extensions ['colcon_meta']
[0.354s] Level 1:colcon.colcon_core.package_identification:_identify(src/crazyswarm2/ros_ws) by extension 'colcon_meta'
[0.354s] Level 1:colcon.colcon_core.package_identification:_identify(src/crazyswarm2/ros_ws) by extensions ['ros']
[0.354s] Level 1:colcon.colcon_core.package_identification:_identify(src/crazyswarm2/ros_ws) by extension 'ros'
[0.354s] Level 1:colcon.colcon_core.package_identification:_identify(src/crazyswarm2/ros_ws) by extensions ['cmake', 'python']
[0.354s] Level 1:colcon.colcon_core.package_identification:_identify(src/crazyswarm2/ros_ws) by extension 'cmake'
[0.354s] Level 1:colcon.colcon_core.package_identification:_identify(src/crazyswarm2/ros_ws) by extension 'python'
[0.354s] Level 1:colcon.colcon_core.package_identification:_identify(src/crazyswarm2/ros_ws) by extensions ['python_setup_py']
[0.354s] Level 1:colcon.colcon_core.package_identification:_identify(src/crazyswarm2/ros_ws) by extension 'python_setup_py'
[0.355s] Level 1:colcon.colcon_core.package_identification:_identify(src/crazyswarm2/ros_ws/src) by extensions ['ignore', 'ignore_ament_install']
[0.355s] Level 1:colcon.colcon_core.package_identification:_identify(src/crazyswarm2/ros_ws/src) by extension 'ignore'
[0.355s] Level 1:colcon.colcon_core.package_identification:_identify(src/crazyswarm2/ros_ws/src) by extension 'ignore_ament_install'
[0.355s] Level 1:colcon.colcon_core.package_identification:_identify(src/crazyswarm2/ros_ws/src) by extensions ['colcon_pkg']
[0.355s] Level 1:colcon.colcon_core.package_identification:_identify(src/crazyswarm2/ros_ws/src) by extension 'colcon_pkg'
[0.355s] Level 1:colcon.colcon_core.package_identification:_identify(src/crazyswarm2/ros_ws/src) by extensions ['colcon_meta']
[0.355s] Level 1:colcon.colcon_core.package_identification:_identify(src/crazyswarm2/ros_ws/src) by extension 'colcon_meta'
[0.355s] Level 1:colcon.colcon_core.package_identification:_identify(src/crazyswarm2/ros_ws/src) by extensions ['ros']
[0.355s] Level 1:colcon.colcon_core.package_identification:_identify(src/crazyswarm2/ros_ws/src) by extension 'ros'
[0.355s] Level 1:colcon.colcon_core.package_identification:_identify(src/crazyswarm2/ros_ws/src) by extensions ['cmake', 'python']
[0.355s] Level 1:colcon.colcon_core.package_identification:_identify(src/crazyswarm2/ros_ws/src) by extension 'cmake'
[0.355s] Level 1:colcon.colcon_core.package_identification:_identify(src/crazyswarm2/ros_ws/src) by extension 'python'
[0.355s] Level 1:colcon.colcon_core.package_identification:_identify(src/crazyswarm2/ros_ws/src) by extensions ['python_setup_py']
[0.355s] Level 1:colcon.colcon_core.package_identification:_identify(src/crazyswarm2/ros_ws/src) by extension 'python_setup_py'
[0.356s] Level 1:colcon.colcon_core.package_identification:_identify(src/crazyswarm2/ros_ws/src/crazyswarm) by extensions ['ignore', 'ignore_ament_install']
[0.356s] Level 1:colcon.colcon_core.package_identification:_identify(src/crazyswarm2/ros_ws/src/crazyswarm) by extension 'ignore'
[0.356s] Level 1:colcon.colcon_core.package_identification:_identify(src/crazyswarm2/ros_ws/src/crazyswarm) by extension 'ignore_ament_install'
[0.356s] Level 1:colcon.colcon_core.package_identification:_identify(src/crazyswarm2/ros_ws/src/crazyswarm) by extensions ['colcon_pkg']
[0.356s] Level 1:colcon.colcon_core.package_identification:_identify(src/crazyswarm2/ros_ws/src/crazyswarm) by extension 'colcon_pkg'
[0.356s] Level 1:colcon.colcon_core.package_identification:_identify(src/crazyswarm2/ros_ws/src/crazyswarm) by extensions ['colcon_meta']
[0.356s] Level 1:colcon.colcon_core.package_identification:_identify(src/crazyswarm2/ros_ws/src/crazyswarm) by extension 'colcon_meta'
[0.356s] Level 1:colcon.colcon_core.package_identification:_identify(src/crazyswarm2/ros_ws/src/crazyswarm) by extensions ['ros']
[0.356s] Level 1:colcon.colcon_core.package_identification:_identify(src/crazyswarm2/ros_ws/src/crazyswarm) by extension 'ros'
[0.356s] Level 1:colcon.colcon_core.package_identification:_identify(src/crazyswarm2/ros_ws/src/crazyswarm) by extensions ['cmake', 'python']
[0.356s] Level 1:colcon.colcon_core.package_identification:_identify(src/crazyswarm2/ros_ws/src/crazyswarm) by extension 'cmake'
[0.356s] Level 1:colcon.colcon_core.package_identification:_identify(src/crazyswarm2/ros_ws/src/crazyswarm) by extension 'python'
[0.356s] Level 1:colcon.colcon_core.package_identification:_identify(src/crazyswarm2/ros_ws/src/crazyswarm) by extensions ['python_setup_py']
[0.356s] Level 1:colcon.colcon_core.package_identification:_identify(src/crazyswarm2/ros_ws/src/crazyswarm) by extension 'python_setup_py'
[0.356s] Level 1:colcon.colcon_core.package_identification:_identify(src/crazyswarm2/ros_ws/src/crazyswarm/launch) by extensions ['ignore', 'ignore_ament_install']
[0.357s] Level 1:colcon.colcon_core.package_identification:_identify(src/crazyswarm2/ros_ws/src/crazyswarm/launch) by extension 'ignore'
[0.357s] Level 1:colcon.colcon_core.package_identification:_identify(src/crazyswarm2/ros_ws/src/crazyswarm/launch) by extension 'ignore_ament_install'
[0.357s] Level 1:colcon.colcon_core.package_identification:_identify(src/crazyswarm2/ros_ws/src/crazyswarm/launch) by extensions ['colcon_pkg']
[0.357s] Level 1:colcon.colcon_core.package_identification:_identify(src/crazyswarm2/ros_ws/src/crazyswarm/launch) by extension 'colcon_pkg'
[0.357s] Level 1:colcon.colcon_core.package_identification:_identify(src/crazyswarm2/ros_ws/src/crazyswarm/launch) by extensions ['colcon_meta']
[0.357s] Level 1:colcon.colcon_core.package_identification:_identify(src/crazyswarm2/ros_ws/src/crazyswarm/launch) by extension 'colcon_meta'
[0.357s] Level 1:colcon.colcon_core.package_identification:_identify(src/crazyswarm2/ros_ws/src/crazyswarm/launch) by extensions ['ros']
[0.357s] Level 1:colcon.colcon_core.package_identification:_identify(src/crazyswarm2/ros_ws/src/crazyswarm/launch) by extension 'ros'
[0.357s] Level 1:colcon.colcon_core.package_identification:_identify(src/crazyswarm2/ros_ws/src/crazyswarm/launch) by extensions ['cmake', 'python']
[0.357s] Level 1:colcon.colcon_core.package_identification:_identify(src/crazyswarm2/ros_ws/src/crazyswarm/launch) by extension 'cmake'
[0.357s] Level 1:colcon.colcon_core.package_identification:_identify(src/crazyswarm2/ros_ws/src/crazyswarm/launch) by extension 'python'
[0.357s] Level 1:colcon.colcon_core.package_identification:_identify(src/crazyswarm2/ros_ws/src/crazyswarm/launch) by extensions ['python_setup_py']
[0.357s] Level 1:colcon.colcon_core.package_identification:_identify(src/crazyswarm2/ros_ws/src/crazyswarm/launch) by extension 'python_setup_py'
[0.357s] Level 1:colcon.colcon_core.package_identification:_identify(src/crazyswarm2/ros_ws/src/crazyswarm/scripts) by extensions ['ignore', 'ignore_ament_install']
[0.358s] Level 1:colcon.colcon_core.package_identification:_identify(src/crazyswarm2/ros_ws/src/crazyswarm/scripts) by extension 'ignore'
[0.358s] Level 1:colcon.colcon_core.package_identification:_identify(src/crazyswarm2/ros_ws/src/crazyswarm/scripts) by extension 'ignore_ament_install'
[0.358s] Level 1:colcon.colcon_core.package_identification:_identify(src/crazyswarm2/ros_ws/src/crazyswarm/scripts) by extensions ['colcon_pkg']
[0.358s] Level 1:colcon.colcon_core.package_identification:_identify(src/crazyswarm2/ros_ws/src/crazyswarm/scripts) by extension 'colcon_pkg'
[0.358s] Level 1:colcon.colcon_core.package_identification:_identify(src/crazyswarm2/ros_ws/src/crazyswarm/scripts) by extensions ['colcon_meta']
[0.358s] Level 1:colcon.colcon_core.package_identification:_identify(src/crazyswarm2/ros_ws/src/crazyswarm/scripts) by extension 'colcon_meta'
[0.358s] Level 1:colcon.colcon_core.package_identification:_identify(src/crazyswarm2/ros_ws/src/crazyswarm/scripts) by extensions ['ros']
[0.358s] Level 1:colcon.colcon_core.package_identification:_identify(src/crazyswarm2/ros_ws/src/crazyswarm/scripts) by extension 'ros'
[0.358s] Level 1:colcon.colcon_core.package_identification:_identify(src/crazyswarm2/ros_ws/src/crazyswarm/scripts) by extensions ['cmake', 'python']
[0.358s] Level 1:colcon.colcon_core.package_identification:_identify(src/crazyswarm2/ros_ws/src/crazyswarm/scripts) by extension 'cmake'
[0.358s] Level 1:colcon.colcon_core.package_identification:_identify(src/crazyswarm2/ros_ws/src/crazyswarm/scripts) by extension 'python'
[0.358s] Level 1:colcon.colcon_core.package_identification:_identify(src/crazyswarm2/ros_ws/src/crazyswarm/scripts) by extensions ['python_setup_py']
[0.358s] Level 1:colcon.colcon_core.package_identification:_identify(src/crazyswarm2/ros_ws/src/crazyswarm/scripts) by extension 'python_setup_py'
[0.358s] Level 1:colcon.colcon_core.package_identification:_identify(src/crazyswarm2/ros_ws/src/crazyswarm/scripts/crossing2_pps) by extensions ['ignore', 'ignore_ament_install']
[0.358s] Level 1:colcon.colcon_core.package_identification:_identify(src/crazyswarm2/ros_ws/src/crazyswarm/scripts/crossing2_pps) by extension 'ignore'
[0.359s] Level 1:colcon.colcon_core.package_identification:_identify(src/crazyswarm2/ros_ws/src/crazyswarm/scripts/crossing2_pps) by extension 'ignore_ament_install'
[0.359s] Level 1:colcon.colcon_core.package_identification:_identify(src/crazyswarm2/ros_ws/src/crazyswarm/scripts/crossing2_pps) by extensions ['colcon_pkg']
[0.359s] Level 1:colcon.colcon_core.package_identification:_identify(src/crazyswarm2/ros_ws/src/crazyswarm/scripts/crossing2_pps) by extension 'colcon_pkg'
[0.359s] Level 1:colcon.colcon_core.package_identification:_identify(src/crazyswarm2/ros_ws/src/crazyswarm/scripts/crossing2_pps) by extensions ['colcon_meta']
[0.359s] Level 1:colcon.colcon_core.package_identification:_identify(src/crazyswarm2/ros_ws/src/crazyswarm/scripts/crossing2_pps) by extension 'colcon_meta'
[0.359s] Level 1:colcon.colcon_core.package_identification:_identify(src/crazyswarm2/ros_ws/src/crazyswarm/scripts/crossing2_pps) by extensions ['ros']
[0.359s] Level 1:colcon.colcon_core.package_identification:_identify(src/crazyswarm2/ros_ws/src/crazyswarm/scripts/crossing2_pps) by extension 'ros'
[0.359s] Level 1:colcon.colcon_core.package_identification:_identify(src/crazyswarm2/ros_ws/src/crazyswarm/scripts/crossing2_pps) by extensions ['cmake', 'python']
[0.359s] Level 1:colcon.colcon_core.package_identification:_identify(src/crazyswarm2/ros_ws/src/crazyswarm/scripts/crossing2_pps) by extension 'cmake'
[0.359s] Level 1:colcon.colcon_core.package_identification:_identify(src/crazyswarm2/ros_ws/src/crazyswarm/scripts/crossing2_pps) by extension 'python'
[0.359s] Level 1:colcon.colcon_core.package_identification:_identify(src/crazyswarm2/ros_ws/src/crazyswarm/scripts/crossing2_pps) by extensions ['python_setup_py']
[0.359s] Level 1:colcon.colcon_core.package_identification:_identify(src/crazyswarm2/ros_ws/src/crazyswarm/scripts/crossing2_pps) by extension 'python_setup_py'
[0.359s] Level 1:colcon.colcon_core.package_identification:_identify(src/crazyswarm2/ros_ws/src/crazyswarm/scripts/crossing4_pps) by extensions ['ignore', 'ignore_ament_install']
[0.360s] Level 1:colcon.colcon_core.package_identification:_identify(src/crazyswarm2/ros_ws/src/crazyswarm/scripts/crossing4_pps) by extension 'ignore'
[0.360s] Level 1:colcon.colcon_core.package_identification:_identify(src/crazyswarm2/ros_ws/src/crazyswarm/scripts/crossing4_pps) by extension 'ignore_ament_install'
[0.360s] Level 1:colcon.colcon_core.package_identification:_identify(src/crazyswarm2/ros_ws/src/crazyswarm/scripts/crossing4_pps) by extensions ['colcon_pkg']
[0.360s] Level 1:colcon.colcon_core.package_identification:_identify(src/crazyswarm2/ros_ws/src/crazyswarm/scripts/crossing4_pps) by extension 'colcon_pkg'
[0.360s] Level 1:colcon.colcon_core.package_identification:_identify(src/crazyswarm2/ros_ws/src/crazyswarm/scripts/crossing4_pps) by extensions ['colcon_meta']
[0.360s] Level 1:colcon.colcon_core.package_identification:_identify(src/crazyswarm2/ros_ws/src/crazyswarm/scripts/crossing4_pps) by extension 'colcon_meta'
[0.360s] Level 1:colcon.colcon_core.package_identification:_identify(src/crazyswarm2/ros_ws/src/crazyswarm/scripts/crossing4_pps) by extensions ['ros']
[0.360s] Level 1:colcon.colcon_core.package_identification:_identify(src/crazyswarm2/ros_ws/src/crazyswarm/scripts/crossing4_pps) by extension 'ros'
[0.360s] Level 1:colcon.colcon_core.package_identification:_identify(src/crazyswarm2/ros_ws/src/crazyswarm/scripts/crossing4_pps) by extensions ['cmake', 'python']
[0.360s] Level 1:colcon.colcon_core.package_identification:_identify(src/crazyswarm2/ros_ws/src/crazyswarm/scripts/crossing4_pps) by extension 'cmake'
[0.360s] Level 1:colcon.colcon_core.package_identification:_identify(src/crazyswarm2/ros_ws/src/crazyswarm/scripts/crossing4_pps) by extension 'python'
[0.360s] Level 1:colcon.colcon_core.package_identification:_identify(src/crazyswarm2/ros_ws/src/crazyswarm/scripts/crossing4_pps) by extensions ['python_setup_py']
[0.360s] Level 1:colcon.colcon_core.package_identification:_identify(src/crazyswarm2/ros_ws/src/crazyswarm/scripts/crossing4_pps) by extension 'python_setup_py'
[0.360s] Level 1:colcon.colcon_core.package_identification:_identify(src/crazyswarm2/ros_ws/src/crazyswarm/scripts/sequence_trajectories) by extensions ['ignore', 'ignore_ament_install']
[0.361s] Level 1:colcon.colcon_core.package_identification:_identify(src/crazyswarm2/ros_ws/src/crazyswarm/scripts/sequence_trajectories) by extension 'ignore'
[0.361s] Level 1:colcon.colcon_core.package_identification:_identify(src/crazyswarm2/ros_ws/src/crazyswarm/scripts/sequence_trajectories) by extension 'ignore_ament_install'
[0.361s] Level 1:colcon.colcon_core.package_identification:_identify(src/crazyswarm2/ros_ws/src/crazyswarm/scripts/sequence_trajectories) by extensions ['colcon_pkg']
[0.361s] Level 1:colcon.colcon_core.package_identification:_identify(src/crazyswarm2/ros_ws/src/crazyswarm/scripts/sequence_trajectories) by extension 'colcon_pkg'
[0.361s] Level 1:colcon.colcon_core.package_identification:_identify(src/crazyswarm2/ros_ws/src/crazyswarm/scripts/sequence_trajectories) by extensions ['colcon_meta']
[0.361s] Level 1:colcon.colcon_core.package_identification:_identify(src/crazyswarm2/ros_ws/src/crazyswarm/scripts/sequence_trajectories) by extension 'colcon_meta'
[0.361s] Level 1:colcon.colcon_core.package_identification:_identify(src/crazyswarm2/ros_ws/src/crazyswarm/scripts/sequence_trajectories) by extensions ['ros']
[0.361s] Level 1:colcon.colcon_core.package_identification:_identify(src/crazyswarm2/ros_ws/src/crazyswarm/scripts/sequence_trajectories) by extension 'ros'
[0.361s] Level 1:colcon.colcon_core.package_identification:_identify(src/crazyswarm2/ros_ws/src/crazyswarm/scripts/sequence_trajectories) by extensions ['cmake', 'python']
[0.361s] Level 1:colcon.colcon_core.package_identification:_identify(src/crazyswarm2/ros_ws/src/crazyswarm/scripts/sequence_trajectories) by extension 'cmake'
[0.361s] Level 1:colcon.colcon_core.package_identification:_identify(src/crazyswarm2/ros_ws/src/crazyswarm/scripts/sequence_trajectories) by extension 'python'
[0.361s] Level 1:colcon.colcon_core.package_identification:_identify(src/crazyswarm2/ros_ws/src/crazyswarm/scripts/sequence_trajectories) by extensions ['python_setup_py']
[0.361s] Level 1:colcon.colcon_core.package_identification:_identify(src/crazyswarm2/ros_ws/src/crazyswarm/scripts/sequence_trajectories) by extension 'python_setup_py'
[0.362s] Level 1:colcon.colcon_core.package_identification:_identify(src/crazyswarm2/ros_ws/src/crazyswarm/scripts/sequence_trajectories/1) by extensions ['ignore', 'ignore_ament_install']
[0.362s] Level 1:colcon.colcon_core.package_identification:_identify(src/crazyswarm2/ros_ws/src/crazyswarm/scripts/sequence_trajectories/1) by extension 'ignore'
[0.362s] Level 1:colcon.colcon_core.package_identification:_identify(src/crazyswarm2/ros_ws/src/crazyswarm/scripts/sequence_trajectories/1) by extension 'ignore_ament_install'
[0.362s] Level 1:colcon.colcon_core.package_identification:_identify(src/crazyswarm2/ros_ws/src/crazyswarm/scripts/sequence_trajectories/1) by extensions ['colcon_pkg']
[0.362s] Level 1:colcon.colcon_core.package_identification:_identify(src/crazyswarm2/ros_ws/src/crazyswarm/scripts/sequence_trajectories/1) by extension 'colcon_pkg'
[0.362s] Level 1:colcon.colcon_core.package_identification:_identify(src/crazyswarm2/ros_ws/src/crazyswarm/scripts/sequence_trajectories/1) by extensions ['colcon_meta']
[0.362s] Level 1:colcon.colcon_core.package_identification:_identify(src/crazyswarm2/ros_ws/src/crazyswarm/scripts/sequence_trajectories/1) by extension 'colcon_meta'
[0.362s] Level 1:colcon.colcon_core.package_identification:_identify(src/crazyswarm2/ros_ws/src/crazyswarm/scripts/sequence_trajectories/1) by extensions ['ros']
[0.362s] Level 1:colcon.colcon_core.package_identification:_identify(src/crazyswarm2/ros_ws/src/crazyswarm/scripts/sequence_trajectories/1) by extension 'ros'
[0.362s] Level 1:colcon.colcon_core.package_identification:_identify(src/crazyswarm2/ros_ws/src/crazyswarm/scripts/sequence_trajectories/1) by extensions ['cmake', 'python']
[0.362s] Level 1:colcon.colcon_core.package_identification:_identify(src/crazyswarm2/ros_ws/src/crazyswarm/scripts/sequence_trajectories/1) by extension 'cmake'
[0.362s] Level 1:colcon.colcon_core.package_identification:_identify(src/crazyswarm2/ros_ws/src/crazyswarm/scripts/sequence_trajectories/1) by extension 'python'
[0.362s] Level 1:colcon.colcon_core.package_identification:_identify(src/crazyswarm2/ros_ws/src/crazyswarm/scripts/sequence_trajectories/1) by extensions ['python_setup_py']
[0.363s] Level 1:colcon.colcon_core.package_identification:_identify(src/crazyswarm2/ros_ws/src/crazyswarm/scripts/sequence_trajectories/1) by extension 'python_setup_py'
[0.363s] Level 1:colcon.colcon_core.package_identification:_identify(src/crazyswarm2/ros_ws/src/crazyswarm/scripts/sequence_trajectories/2) by extensions ['ignore', 'ignore_ament_install']
[0.363s] Level 1:colcon.colcon_core.package_identification:_identify(src/crazyswarm2/ros_ws/src/crazyswarm/scripts/sequence_trajectories/2) by extension 'ignore'
[0.363s] Level 1:colcon.colcon_core.package_identification:_identify(src/crazyswarm2/ros_ws/src/crazyswarm/scripts/sequence_trajectories/2) by extension 'ignore_ament_install'
[0.363s] Level 1:colcon.colcon_core.package_identification:_identify(src/crazyswarm2/ros_ws/src/crazyswarm/scripts/sequence_trajectories/2) by extensions ['colcon_pkg']
[0.363s] Level 1:colcon.colcon_core.package_identification:_identify(src/crazyswarm2/ros_ws/src/crazyswarm/scripts/sequence_trajectories/2) by extension 'colcon_pkg'
[0.363s] Level 1:colcon.colcon_core.package_identification:_identify(src/crazyswarm2/ros_ws/src/crazyswarm/scripts/sequence_trajectories/2) by extensions ['colcon_meta']
[0.363s] Level 1:colcon.colcon_core.package_identification:_identify(src/crazyswarm2/ros_ws/src/crazyswarm/scripts/sequence_trajectories/2) by extension 'colcon_meta'
[0.364s] Level 1:colcon.colcon_core.package_identification:_identify(src/crazyswarm2/ros_ws/src/crazyswarm/scripts/sequence_trajectories/2) by extensions ['ros']
[0.364s] Level 1:colcon.colcon_core.package_identification:_identify(src/crazyswarm2/ros_ws/src/crazyswarm/scripts/sequence_trajectories/2) by extension 'ros'
[0.364s] Level 1:colcon.colcon_core.package_identification:_identify(src/crazyswarm2/ros_ws/src/crazyswarm/scripts/sequence_trajectories/2) by extensions ['cmake', 'python']
[0.364s] Level 1:colcon.colcon_core.package_identification:_identify(src/crazyswarm2/ros_ws/src/crazyswarm/scripts/sequence_trajectories/2) by extension 'cmake'
[0.364s] Level 1:colcon.colcon_core.package_identification:_identify(src/crazyswarm2/ros_ws/src/crazyswarm/scripts/sequence_trajectories/2) by extension 'python'
[0.364s] Level 1:colcon.colcon_core.package_identification:_identify(src/crazyswarm2/ros_ws/src/crazyswarm/scripts/sequence_trajectories/2) by extensions ['python_setup_py']
[0.364s] Level 1:colcon.colcon_core.package_identification:_identify(src/crazyswarm2/ros_ws/src/crazyswarm/scripts/sequence_trajectories/2) by extension 'python_setup_py'
[0.364s] Level 1:colcon.colcon_core.package_identification:_identify(src/crazyswarm2/ros_ws/src/crazyswarm/scripts/sequence_trajectories/3) by extensions ['ignore', 'ignore_ament_install']
[0.364s] Level 1:colcon.colcon_core.package_identification:_identify(src/crazyswarm2/ros_ws/src/crazyswarm/scripts/sequence_trajectories/3) by extension 'ignore'
[0.365s] Level 1:colcon.colcon_core.package_identification:_identify(src/crazyswarm2/ros_ws/src/crazyswarm/scripts/sequence_trajectories/3) by extension 'ignore_ament_install'
[0.365s] Level 1:colcon.colcon_core.package_identification:_identify(src/crazyswarm2/ros_ws/src/crazyswarm/scripts/sequence_trajectories/3) by extensions ['colcon_pkg']
[0.365s] Level 1:colcon.colcon_core.package_identification:_identify(src/crazyswarm2/ros_ws/src/crazyswarm/scripts/sequence_trajectories/3) by extension 'colcon_pkg'
[0.365s] Level 1:colcon.colcon_core.package_identification:_identify(src/crazyswarm2/ros_ws/src/crazyswarm/scripts/sequence_trajectories/3) by extensions ['colcon_meta']
[0.365s] Level 1:colcon.colcon_core.package_identification:_identify(src/crazyswarm2/ros_ws/src/crazyswarm/scripts/sequence_trajectories/3) by extension 'colcon_meta'
[0.365s] Level 1:colcon.colcon_core.package_identification:_identify(src/crazyswarm2/ros_ws/src/crazyswarm/scripts/sequence_trajectories/3) by extensions ['ros']
[0.365s] Level 1:colcon.colcon_core.package_identification:_identify(src/crazyswarm2/ros_ws/src/crazyswarm/scripts/sequence_trajectories/3) by extension 'ros'
[0.365s] Level 1:colcon.colcon_core.package_identification:_identify(src/crazyswarm2/ros_ws/src/crazyswarm/scripts/sequence_trajectories/3) by extensions ['cmake', 'python']
[0.365s] Level 1:colcon.colcon_core.package_identification:_identify(src/crazyswarm2/ros_ws/src/crazyswarm/scripts/sequence_trajectories/3) by extension 'cmake'
[0.365s] Level 1:colcon.colcon_core.package_identification:_identify(src/crazyswarm2/ros_ws/src/crazyswarm/scripts/sequence_trajectories/3) by extension 'python'
[0.366s] Level 1:colcon.colcon_core.package_identification:_identify(src/crazyswarm2/ros_ws/src/crazyswarm/scripts/sequence_trajectories/3) by extensions ['python_setup_py']
[0.366s] Level 1:colcon.colcon_core.package_identification:_identify(src/crazyswarm2/ros_ws/src/crazyswarm/scripts/sequence_trajectories/3) by extension 'python_setup_py'
[0.366s] Level 1:colcon.colcon_core.package_identification:_identify(src/crazyswarm2/ros_ws/src/crazyswarm/scripts/sequence_trajectories/4) by extensions ['ignore', 'ignore_ament_install']
[0.366s] Level 1:colcon.colcon_core.package_identification:_identify(src/crazyswarm2/ros_ws/src/crazyswarm/scripts/sequence_trajectories/4) by extension 'ignore'
[0.366s] Level 1:colcon.colcon_core.package_identification:_identify(src/crazyswarm2/ros_ws/src/crazyswarm/scripts/sequence_trajectories/4) by extension 'ignore_ament_install'
[0.366s] Level 1:colcon.colcon_core.package_identification:_identify(src/crazyswarm2/ros_ws/src/crazyswarm/scripts/sequence_trajectories/4) by extensions ['colcon_pkg']
[0.366s] Level 1:colcon.colcon_core.package_identification:_identify(src/crazyswarm2/ros_ws/src/crazyswarm/scripts/sequence_trajectories/4) by extension 'colcon_pkg'
[0.366s] Level 1:colcon.colcon_core.package_identification:_identify(src/crazyswarm2/ros_ws/src/crazyswarm/scripts/sequence_trajectories/4) by extensions ['colcon_meta']
[0.366s] Level 1:colcon.colcon_core.package_identification:_identify(src/crazyswarm2/ros_ws/src/crazyswarm/scripts/sequence_trajectories/4) by extension 'colcon_meta'
[0.366s] Level 1:colcon.colcon_core.package_identification:_identify(src/crazyswarm2/ros_ws/src/crazyswarm/scripts/sequence_trajectories/4) by extensions ['ros']
[0.366s] Level 1:colcon.colcon_core.package_identification:_identify(src/crazyswarm2/ros_ws/src/crazyswarm/scripts/sequence_trajectories/4) by extension 'ros'
[0.366s] Level 1:colcon.colcon_core.package_identification:_identify(src/crazyswarm2/ros_ws/src/crazyswarm/scripts/sequence_trajectories/4) by extensions ['cmake', 'python']
[0.366s] Level 1:colcon.colcon_core.package_identification:_identify(src/crazyswarm2/ros_ws/src/crazyswarm/scripts/sequence_trajectories/4) by extension 'cmake'
[0.366s] Level 1:colcon.colcon_core.package_identification:_identify(src/crazyswarm2/ros_ws/src/crazyswarm/scripts/sequence_trajectories/4) by extension 'python'
[0.367s] Level 1:colcon.colcon_core.package_identification:_identify(src/crazyswarm2/ros_ws/src/crazyswarm/scripts/sequence_trajectories/4) by extensions ['python_setup_py']
[0.367s] Level 1:colcon.colcon_core.package_identification:_identify(src/crazyswarm2/ros_ws/src/crazyswarm/scripts/sequence_trajectories/4) by extension 'python_setup_py'
[0.367s] Level 1:colcon.colcon_core.package_identification:_identify(src/crazyswarm2/ros_ws/src/crazyswarm/scripts/sequence_trajectories/5) by extensions ['ignore', 'ignore_ament_install']
[0.367s] Level 1:colcon.colcon_core.package_identification:_identify(src/crazyswarm2/ros_ws/src/crazyswarm/scripts/sequence_trajectories/5) by extension 'ignore'
[0.367s] Level 1:colcon.colcon_core.package_identification:_identify(src/crazyswarm2/ros_ws/src/crazyswarm/scripts/sequence_trajectories/5) by extension 'ignore_ament_install'
[0.367s] Level 1:colcon.colcon_core.package_identification:_identify(src/crazyswarm2/ros_ws/src/crazyswarm/scripts/sequence_trajectories/5) by extensions ['colcon_pkg']
[0.367s] Level 1:colcon.colcon_core.package_identification:_identify(src/crazyswarm2/ros_ws/src/crazyswarm/scripts/sequence_trajectories/5) by extension 'colcon_pkg'
[0.367s] Level 1:colcon.colcon_core.package_identification:_identify(src/crazyswarm2/ros_ws/src/crazyswarm/scripts/sequence_trajectories/5) by extensions ['colcon_meta']
[0.367s] Level 1:colcon.colcon_core.package_identification:_identify(src/crazyswarm2/ros_ws/src/crazyswarm/scripts/sequence_trajectories/5) by extension 'colcon_meta'
[0.367s] Level 1:colcon.colcon_core.package_identification:_identify(src/crazyswarm2/ros_ws/src/crazyswarm/scripts/sequence_trajectories/5) by extensions ['ros']
[0.368s] Level 1:colcon.colcon_core.package_identification:_identify(src/crazyswarm2/ros_ws/src/crazyswarm/scripts/sequence_trajectories/5) by extension 'ros'
[0.368s] Level 1:colcon.colcon_core.package_identification:_identify(src/crazyswarm2/ros_ws/src/crazyswarm/scripts/sequence_trajectories/5) by extensions ['cmake', 'python']
[0.368s] Level 1:colcon.colcon_core.package_identification:_identify(src/crazyswarm2/ros_ws/src/crazyswarm/scripts/sequence_trajectories/5) by extension 'cmake'
[0.368s] Level 1:colcon.colcon_core.package_identification:_identify(src/crazyswarm2/ros_ws/src/crazyswarm/scripts/sequence_trajectories/5) by extension 'python'
[0.368s] Level 1:colcon.colcon_core.package_identification:_identify(src/crazyswarm2/ros_ws/src/crazyswarm/scripts/sequence_trajectories/5) by extensions ['python_setup_py']
[0.368s] Level 1:colcon.colcon_core.package_identification:_identify(src/crazyswarm2/ros_ws/src/crazyswarm/scripts/sequence_trajectories/5) by extension 'python_setup_py'
[0.368s] Level 1:colcon.colcon_core.package_identification:_identify(src/crazyswarm2/ros_ws/src/crazyswarm/scripts/sequence_trajectories/6) by extensions ['ignore', 'ignore_ament_install']
[0.368s] Level 1:colcon.colcon_core.package_identification:_identify(src/crazyswarm2/ros_ws/src/crazyswarm/scripts/sequence_trajectories/6) by extension 'ignore'
[0.368s] Level 1:colcon.colcon_core.package_identification:_identify(src/crazyswarm2/ros_ws/src/crazyswarm/scripts/sequence_trajectories/6) by extension 'ignore_ament_install'
[0.369s] Level 1:colcon.colcon_core.package_identification:_identify(src/crazyswarm2/ros_ws/src/crazyswarm/scripts/sequence_trajectories/6) by extensions ['colcon_pkg']
[0.369s] Level 1:colcon.colcon_core.package_identification:_identify(src/crazyswarm2/ros_ws/src/crazyswarm/scripts/sequence_trajectories/6) by extension 'colcon_pkg'
[0.369s] Level 1:colcon.colcon_core.package_identification:_identify(src/crazyswarm2/ros_ws/src/crazyswarm/scripts/sequence_trajectories/6) by extensions ['colcon_meta']
[0.369s] Level 1:colcon.colcon_core.package_identification:_identify(src/crazyswarm2/ros_ws/src/crazyswarm/scripts/sequence_trajectories/6) by extension 'colcon_meta'
[0.369s] Level 1:colcon.colcon_core.package_identification:_identify(src/crazyswarm2/ros_ws/src/crazyswarm/scripts/sequence_trajectories/6) by extensions ['ros']
[0.369s] Level 1:colcon.colcon_core.package_identification:_identify(src/crazyswarm2/ros_ws/src/crazyswarm/scripts/sequence_trajectories/6) by extension 'ros'
[0.369s] Level 1:colcon.colcon_core.package_identification:_identify(src/crazyswarm2/ros_ws/src/crazyswarm/scripts/sequence_trajectories/6) by extensions ['cmake', 'python']
[0.369s] Level 1:colcon.colcon_core.package_identification:_identify(src/crazyswarm2/ros_ws/src/crazyswarm/scripts/sequence_trajectories/6) by extension 'cmake'
[0.369s] Level 1:colcon.colcon_core.package_identification:_identify(src/crazyswarm2/ros_ws/src/crazyswarm/scripts/sequence_trajectories/6) by extension 'python'
[0.369s] Level 1:colcon.colcon_core.package_identification:_identify(src/crazyswarm2/ros_ws/src/crazyswarm/scripts/sequence_trajectories/6) by extensions ['python_setup_py']
[0.369s] Level 1:colcon.colcon_core.package_identification:_identify(src/crazyswarm2/ros_ws/src/crazyswarm/scripts/sequence_trajectories/6) by extension 'python_setup_py'
[0.369s] Level 1:colcon.colcon_core.package_identification:_identify(src/crazyswarm2/ros_ws/src/crazyswarm/scripts/sequence_trajectories/7) by extensions ['ignore', 'ignore_ament_install']
[0.369s] Level 1:colcon.colcon_core.package_identification:_identify(src/crazyswarm2/ros_ws/src/crazyswarm/scripts/sequence_trajectories/7) by extension 'ignore'
[0.369s] Level 1:colcon.colcon_core.package_identification:_identify(src/crazyswarm2/ros_ws/src/crazyswarm/scripts/sequence_trajectories/7) by extension 'ignore_ament_install'
[0.370s] Level 1:colcon.colcon_core.package_identification:_identify(src/crazyswarm2/ros_ws/src/crazyswarm/scripts/sequence_trajectories/7) by extensions ['colcon_pkg']
[0.370s] Level 1:colcon.colcon_core.package_identification:_identify(src/crazyswarm2/ros_ws/src/crazyswarm/scripts/sequence_trajectories/7) by extension 'colcon_pkg'
[0.370s] Level 1:colcon.colcon_core.package_identification:_identify(src/crazyswarm2/ros_ws/src/crazyswarm/scripts/sequence_trajectories/7) by extensions ['colcon_meta']
[0.370s] Level 1:colcon.colcon_core.package_identification:_identify(src/crazyswarm2/ros_ws/src/crazyswarm/scripts/sequence_trajectories/7) by extension 'colcon_meta'
[0.370s] Level 1:colcon.colcon_core.package_identification:_identify(src/crazyswarm2/ros_ws/src/crazyswarm/scripts/sequence_trajectories/7) by extensions ['ros']
[0.370s] Level 1:colcon.colcon_core.package_identification:_identify(src/crazyswarm2/ros_ws/src/crazyswarm/scripts/sequence_trajectories/7) by extension 'ros'
[0.370s] Level 1:colcon.colcon_core.package_identification:_identify(src/crazyswarm2/ros_ws/src/crazyswarm/scripts/sequence_trajectories/7) by extensions ['cmake', 'python']
[0.370s] Level 1:colcon.colcon_core.package_identification:_identify(src/crazyswarm2/ros_ws/src/crazyswarm/scripts/sequence_trajectories/7) by extension 'cmake'
[0.370s] Level 1:colcon.colcon_core.package_identification:_identify(src/crazyswarm2/ros_ws/src/crazyswarm/scripts/sequence_trajectories/7) by extension 'python'
[0.370s] Level 1:colcon.colcon_core.package_identification:_identify(src/crazyswarm2/ros_ws/src/crazyswarm/scripts/sequence_trajectories/7) by extensions ['python_setup_py']
[0.370s] Level 1:colcon.colcon_core.package_identification:_identify(src/crazyswarm2/ros_ws/src/crazyswarm/scripts/sequence_trajectories/7) by extension 'python_setup_py'
[0.370s] Level 1:colcon.colcon_core.package_identification:_identify(src/crazyswarm2/ros_ws/src/crazyswarm/scripts/swap6v_pps) by extensions ['ignore', 'ignore_ament_install']
[0.370s] Level 1:colcon.colcon_core.package_identification:_identify(src/crazyswarm2/ros_ws/src/crazyswarm/scripts/swap6v_pps) by extension 'ignore'
[0.370s] Level 1:colcon.colcon_core.package_identification:_identify(src/crazyswarm2/ros_ws/src/crazyswarm/scripts/swap6v_pps) by extension 'ignore_ament_install'
[0.370s] Level 1:colcon.colcon_core.package_identification:_identify(src/crazyswarm2/ros_ws/src/crazyswarm/scripts/swap6v_pps) by extensions ['colcon_pkg']
[0.371s] Level 1:colcon.colcon_core.package_identification:_identify(src/crazyswarm2/ros_ws/src/crazyswarm/scripts/swap6v_pps) by extension 'colcon_pkg'
[0.371s] Level 1:colcon.colcon_core.package_identification:_identify(src/crazyswarm2/ros_ws/src/crazyswarm/scripts/swap6v_pps) by extensions ['colcon_meta']
[0.371s] Level 1:colcon.colcon_core.package_identification:_identify(src/crazyswarm2/ros_ws/src/crazyswarm/scripts/swap6v_pps) by extension 'colcon_meta'
[0.371s] Level 1:colcon.colcon_core.package_identification:_identify(src/crazyswarm2/ros_ws/src/crazyswarm/scripts/swap6v_pps) by extensions ['ros']
[0.371s] Level 1:colcon.colcon_core.package_identification:_identify(src/crazyswarm2/ros_ws/src/crazyswarm/scripts/swap6v_pps) by extension 'ros'
[0.371s] Level 1:colcon.colcon_core.package_identification:_identify(src/crazyswarm2/ros_ws/src/crazyswarm/scripts/swap6v_pps) by extensions ['cmake', 'python']
[0.371s] Level 1:colcon.colcon_core.package_identification:_identify(src/crazyswarm2/ros_ws/src/crazyswarm/scripts/swap6v_pps) by extension 'cmake'
[0.371s] Level 1:colcon.colcon_core.package_identification:_identify(src/crazyswarm2/ros_ws/src/crazyswarm/scripts/swap6v_pps) by extension 'python'
[0.371s] Level 1:colcon.colcon_core.package_identification:_identify(src/crazyswarm2/ros_ws/src/crazyswarm/scripts/swap6v_pps) by extensions ['python_setup_py']
[0.371s] Level 1:colcon.colcon_core.package_identification:_identify(src/crazyswarm2/ros_ws/src/crazyswarm/scripts/swap6v_pps) by extension 'python_setup_py'
[0.371s] Level 1:colcon.colcon_core.package_identification:_identify(src/crazyswarm2/systemtests) by extensions ['ignore', 'ignore_ament_install']
[0.371s] Level 1:colcon.colcon_core.package_identification:_identify(src/crazyswarm2/systemtests) by extension 'ignore'
[0.371s] Level 1:colcon.colcon_core.package_identification:_identify(src/crazyswarm2/systemtests) by extension 'ignore_ament_install'
[0.371s] Level 1:colcon.colcon_core.package_identification:_identify(src/crazyswarm2/systemtests) by extensions ['colcon_pkg']
[0.371s] Level 1:colcon.colcon_core.package_identification:_identify(src/crazyswarm2/systemtests) by extension 'colcon_pkg'
[0.371s] Level 1:colcon.colcon_core.package_identification:_identify(src/crazyswarm2/systemtests) by extensions ['colcon_meta']
[0.372s] Level 1:colcon.colcon_core.package_identification:_identify(src/crazyswarm2/systemtests) by extension 'colcon_meta'
[0.372s] Level 1:colcon.colcon_core.package_identification:_identify(src/crazyswarm2/systemtests) by extensions ['ros']
[0.372s] Level 1:colcon.colcon_core.package_identification:_identify(src/crazyswarm2/systemtests) by extension 'ros'
[0.372s] Level 1:colcon.colcon_core.package_identification:_identify(src/crazyswarm2/systemtests) by extensions ['cmake', 'python']
[0.372s] Level 1:colcon.colcon_core.package_identification:_identify(src/crazyswarm2/systemtests) by extension 'cmake'
[0.372s] Level 1:colcon.colcon_core.package_identification:_identify(src/crazyswarm2/systemtests) by extension 'python'
[0.372s] Level 1:colcon.colcon_core.package_identification:_identify(src/crazyswarm2/systemtests) by extensions ['python_setup_py']
[0.372s] Level 1:colcon.colcon_core.package_identification:_identify(src/crazyswarm2/systemtests) by extension 'python_setup_py'
[0.372s] Level 1:colcon.colcon_core.package_identification:_identify(src/crazyswarm2/systemtests/SDplotting) by extensions ['ignore', 'ignore_ament_install']
[0.372s] Level 1:colcon.colcon_core.package_identification:_identify(src/crazyswarm2/systemtests/SDplotting) by extension 'ignore'
[0.372s] Level 1:colcon.colcon_core.package_identification:_identify(src/crazyswarm2/systemtests/SDplotting) by extension 'ignore_ament_install'
[0.372s] Level 1:colcon.colcon_core.package_identification:_identify(src/crazyswarm2/systemtests/SDplotting) by extensions ['colcon_pkg']
[0.372s] Level 1:colcon.colcon_core.package_identification:_identify(src/crazyswarm2/systemtests/SDplotting) by extension 'colcon_pkg'
[0.372s] Level 1:colcon.colcon_core.package_identification:_identify(src/crazyswarm2/systemtests/SDplotting) by extensions ['colcon_meta']
[0.372s] Level 1:colcon.colcon_core.package_identification:_identify(src/crazyswarm2/systemtests/SDplotting) by extension 'colcon_meta'
[0.372s] Level 1:colcon.colcon_core.package_identification:_identify(src/crazyswarm2/systemtests/SDplotting) by extensions ['ros']
[0.373s] Level 1:colcon.colcon_core.package_identification:_identify(src/crazyswarm2/systemtests/SDplotting) by extension 'ros'
[0.373s] Level 1:colcon.colcon_core.package_identification:_identify(src/crazyswarm2/systemtests/SDplotting) by extensions ['cmake', 'python']
[0.373s] Level 1:colcon.colcon_core.package_identification:_identify(src/crazyswarm2/systemtests/SDplotting) by extension 'cmake'
[0.373s] Level 1:colcon.colcon_core.package_identification:_identify(src/crazyswarm2/systemtests/SDplotting) by extension 'python'
[0.373s] Level 1:colcon.colcon_core.package_identification:_identify(src/crazyswarm2/systemtests/SDplotting) by extensions ['python_setup_py']
[0.373s] Level 1:colcon.colcon_core.package_identification:_identify(src/crazyswarm2/systemtests/SDplotting) by extension 'python_setup_py'
[0.373s] Level 1:colcon.colcon_core.package_identification:_identify(src/install) by extensions ['ignore', 'ignore_ament_install']
[0.373s] Level 1:colcon.colcon_core.package_identification:_identify(src/install) by extension 'ignore'
[0.373s] Level 1:colcon.colcon_core.package_identification:_identify(src/install) ignored
[0.373s] Level 1:colcon.colcon_core.package_identification:_identify(src/log) by extensions ['ignore', 'ignore_ament_install']
[0.373s] Level 1:colcon.colcon_core.package_identification:_identify(src/log) by extension 'ignore'
[0.373s] Level 1:colcon.colcon_core.package_identification:_identify(src/log) ignored
[0.373s] Level 1:colcon.colcon_core.package_identification:_identify(src/r7021e_exploration) by extensions ['ignore', 'ignore_ament_install']
[0.374s] Level 1:colcon.colcon_core.package_identification:_identify(src/r7021e_exploration) by extension 'ignore'
[0.374s] Level 1:colcon.colcon_core.package_identification:_identify(src/r7021e_exploration) by extension 'ignore_ament_install'
[0.374s] Level 1:colcon.colcon_core.package_identification:_identify(src/r7021e_exploration) by extensions ['colcon_pkg']
[0.374s] Level 1:colcon.colcon_core.package_identification:_identify(src/r7021e_exploration) by extension 'colcon_pkg'
[0.374s] Level 1:colcon.colcon_core.package_identification:_identify(src/r7021e_exploration) by extensions ['colcon_meta']
[0.374s] Level 1:colcon.colcon_core.package_identification:_identify(src/r7021e_exploration) by extension 'colcon_meta'
[0.374s] Level 1:colcon.colcon_core.package_identification:_identify(src/r7021e_exploration) by extensions ['ros']
[0.374s] Level 1:colcon.colcon_core.package_identification:_identify(src/r7021e_exploration) by extension 'ros'
[0.376s] DEBUG:colcon.colcon_core.package_identification:Package 'src/r7021e_exploration' with type 'ros.ament_python' and name 'r7021e_exploration'
[0.376s] Level 1:colcon.colcon_core.package_identification:_identify(src/turtlebot3_simulations) by extensions ['ignore', 'ignore_ament_install']
[0.376s] Level 1:colcon.colcon_core.package_identification:_identify(src/turtlebot3_simulations) by extension 'ignore'
[0.376s] Level 1:colcon.colcon_core.package_identification:_identify(src/turtlebot3_simulations) by extension 'ignore_ament_install'
[0.376s] Level 1:colcon.colcon_core.package_identification:_identify(src/turtlebot3_simulations) by extensions ['colcon_pkg']
[0.377s] Level 1:colcon.colcon_core.package_identification:_identify(src/turtlebot3_simulations) by extension 'colcon_pkg'
[0.377s] Level 1:colcon.colcon_core.package_identification:_identify(src/turtlebot3_simulations) by extensions ['colcon_meta']
[0.377s] Level 1:colcon.colcon_core.package_identification:_identify(src/turtlebot3_simulations) by extension 'colcon_meta'
[0.377s] Level 1:colcon.colcon_core.package_identification:_identify(src/turtlebot3_simulations) by extensions ['ros']
[0.377s] Level 1:colcon.colcon_core.package_identification:_identify(src/turtlebot3_simulations) by extension 'ros'
[0.377s] Level 1:colcon.colcon_core.package_identification:_identify(src/turtlebot3_simulations) by extensions ['cmake', 'python']
[0.378s] Level 1:colcon.colcon_core.package_identification:_identify(src/turtlebot3_simulations) by extension 'cmake'
[0.378s] Level 1:colcon.colcon_core.package_identification:_identify(src/turtlebot3_simulations) by extension 'python'
[0.378s] Level 1:colcon.colcon_core.package_identification:_identify(src/turtlebot3_simulations) by extensions ['python_setup_py']
[0.378s] Level 1:colcon.colcon_core.package_identification:_identify(src/turtlebot3_simulations) by extension 'python_setup_py'
[0.378s] Level 1:colcon.colcon_core.package_identification:_identify(src/turtlebot3_simulations/turtlebot3_fake_node) by extensions ['ignore', 'ignore_ament_install']
[0.378s] Level 1:colcon.colcon_core.package_identification:_identify(src/turtlebot3_simulations/turtlebot3_fake_node) by extension 'ignore'
[0.378s] Level 1:colcon.colcon_core.package_identification:_identify(src/turtlebot3_simulations/turtlebot3_fake_node) by extension 'ignore_ament_install'
[0.378s] Level 1:colcon.colcon_core.package_identification:_identify(src/turtlebot3_simulations/turtlebot3_fake_node) by extensions ['colcon_pkg']
[0.378s] Level 1:colcon.colcon_core.package_identification:_identify(src/turtlebot3_simulations/turtlebot3_fake_node) by extension 'colcon_pkg'
[0.378s] Level 1:colcon.colcon_core.package_identification:_identify(src/turtlebot3_simulations/turtlebot3_fake_node) by extensions ['colcon_meta']
[0.378s] Level 1:colcon.colcon_core.package_identification:_identify(src/turtlebot3_simulations/turtlebot3_fake_node) by extension 'colcon_meta'
[0.378s] Level 1:colcon.colcon_core.package_identification:_identify(src/turtlebot3_simulations/turtlebot3_fake_node) by extensions ['ros']
[0.378s] Level 1:colcon.colcon_core.package_identification:_identify(src/turtlebot3_simulations/turtlebot3_fake_node) by extension 'ros'
[0.380s] DEBUG:colcon.colcon_core.package_identification:Package 'src/turtlebot3_simulations/turtlebot3_fake_node' with type 'ros.ament_cmake' and name 'turtlebot3_fake_node'
[0.380s] Level 1:colcon.colcon_core.package_identification:_identify(src/turtlebot3_simulations/turtlebot3_gazebo) by extensions ['ignore', 'ignore_ament_install']
[0.380s] Level 1:colcon.colcon_core.package_identification:_identify(src/turtlebot3_simulations/turtlebot3_gazebo) by extension 'ignore'
[0.380s] Level 1:colcon.colcon_core.package_identification:_identify(src/turtlebot3_simulations/turtlebot3_gazebo) by extension 'ignore_ament_install'
[0.380s] Level 1:colcon.colcon_core.package_identification:_identify(src/turtlebot3_simulations/turtlebot3_gazebo) by extensions ['colcon_pkg']
[0.380s] Level 1:colcon.colcon_core.package_identification:_identify(src/turtlebot3_simulations/turtlebot3_gazebo) by extension 'colcon_pkg'
[0.380s] Level 1:colcon.colcon_core.package_identification:_identify(src/turtlebot3_simulations/turtlebot3_gazebo) by extensions ['colcon_meta']
[0.380s] Level 1:colcon.colcon_core.package_identification:_identify(src/turtlebot3_simulations/turtlebot3_gazebo) by extension 'colcon_meta'
[0.380s] Level 1:colcon.colcon_core.package_identification:_identify(src/turtlebot3_simulations/turtlebot3_gazebo) by extensions ['ros']
[0.381s] Level 1:colcon.colcon_core.package_identification:_identify(src/turtlebot3_simulations/turtlebot3_gazebo) by extension 'ros'
[0.383s] DEBUG:colcon.colcon_core.package_identification:Package 'src/turtlebot3_simulations/turtlebot3_gazebo' with type 'ros.ament_cmake' and name 'turtlebot3_gazebo'
[0.383s] Level 1:colcon.colcon_core.package_identification:_identify(src/turtlebot3_simulations/turtlebot3_simulations) by extensions ['ignore', 'ignore_ament_install']
[0.383s] Level 1:colcon.colcon_core.package_identification:_identify(src/turtlebot3_simulations/turtlebot3_simulations) by extension 'ignore'
[0.383s] Level 1:colcon.colcon_core.package_identification:_identify(src/turtlebot3_simulations/turtlebot3_simulations) by extension 'ignore_ament_install'
[0.383s] Level 1:colcon.colcon_core.package_identification:_identify(src/turtlebot3_simulations/turtlebot3_simulations) by extensions ['colcon_pkg']
[0.383s] Level 1:colcon.colcon_core.package_identification:_identify(src/turtlebot3_simulations/turtlebot3_simulations) by extension 'colcon_pkg'
[0.383s] Level 1:colcon.colcon_core.package_identification:_identify(src/turtlebot3_simulations/turtlebot3_simulations) by extensions ['colcon_meta']
[0.383s] Level 1:colcon.colcon_core.package_identification:_identify(src/turtlebot3_simulations/turtlebot3_simulations) by extension 'colcon_meta'
[0.383s] Level 1:colcon.colcon_core.package_identification:_identify(src/turtlebot3_simulations/turtlebot3_simulations) by extensions ['ros']
[0.383s] Level 1:colcon.colcon_core.package_identification:_identify(src/turtlebot3_simulations/turtlebot3_simulations) by extension 'ros'
[0.384s] DEBUG:colcon.colcon_core.package_identification:Package 'src/turtlebot3_simulations/turtlebot3_simulations' with type 'ros.ament_cmake' and name 'turtlebot3_simulations'
[0.384s] Level 1:colcon.colcon_core.package_identification:_identify(src/turtlebot3_trailer) by extensions ['ignore', 'ignore_ament_install']
[0.384s] Level 1:colcon.colcon_core.package_identification:_identify(src/turtlebot3_trailer) by extension 'ignore'
[0.385s] Level 1:colcon.colcon_core.package_identification:_identify(src/turtlebot3_trailer) by extension 'ignore_ament_install'
[0.385s] Level 1:colcon.colcon_core.package_identification:_identify(src/turtlebot3_trailer) by extensions ['colcon_pkg']
[0.385s] Level 1:colcon.colcon_core.package_identification:_identify(src/turtlebot3_trailer) by extension 'colcon_pkg'
[0.385s] Level 1:colcon.colcon_core.package_identification:_identify(src/turtlebot3_trailer) by extensions ['colcon_meta']
[0.385s] Level 1:colcon.colcon_core.package_identification:_identify(src/turtlebot3_trailer) by extension 'colcon_meta'
[0.385s] Level 1:colcon.colcon_core.package_identification:_identify(src/turtlebot3_trailer) by extensions ['ros']
[0.385s] Level 1:colcon.colcon_core.package_identification:_identify(src/turtlebot3_trailer) by extension 'ros'
[0.385s] DEBUG:colcon.colcon_core.package_identification:Package 'src/turtlebot3_trailer' with type 'ros.ament_python' and name 'turtlebot3_trailer'
[0.386s] Level 1:colcon.colcon_core.package_discovery:discover_packages(recursive) using defaults
[0.386s] Level 1:colcon.colcon_core.package_discovery:discover_packages(ignore) discover
[0.386s] Level 1:colcon.colcon_core.package_discovery:discover_packages(ignore) using defaults
[0.386s] Level 1:colcon.colcon_core.package_discovery:discover_packages(path) discover
[0.386s] Level 1:colcon.colcon_core.package_discovery:discover_packages(path) using defaults
[0.415s] Level 5:colcon.colcon_core.verb:set package 'crazyflie_interfaces' build argument 'cmake_args' from command line to 'None'
[0.415s] Level 5:colcon.colcon_core.verb:set package 'crazyflie_interfaces' build argument 'cmake_target' from command line to 'None'
[0.415s] Level 5:colcon.colcon_core.verb:set package 'crazyflie_interfaces' build argument 'cmake_target_skip_unavailable' from command line to 'False'
[0.415s] Level 5:colcon.colcon_core.verb:set package 'crazyflie_interfaces' build argument 'cmake_clean_cache' from command line to 'False'
[0.415s] Level 5:colcon.colcon_core.verb:set package 'crazyflie_interfaces' build argument 'cmake_clean_first' from command line to 'False'
[0.415s] Level 5:colcon.colcon_core.verb:set package 'crazyflie_interfaces' build argument 'cmake_force_configure' from command line to 'False'
[0.415s] Level 5:colcon.colcon_core.verb:set package 'crazyflie_interfaces' build argument 'ament_cmake_args' from command line to 'None'
[0.415s] Level 5:colcon.colcon_core.verb:set package 'crazyflie_interfaces' build argument 'catkin_cmake_args' from command line to 'None'
[0.415s] Level 5:colcon.colcon_core.verb:set package 'crazyflie_interfaces' build argument 'catkin_skip_building_tests' from command line to 'False'
[0.415s] DEBUG:colcon.colcon_core.verb:Building package 'crazyflie_interfaces' with the following arguments: {'ament_cmake_args': None, 'build_base': '/home/ubuntuuser/ros2_ws/build/crazyflie_interfaces', 'catkin_cmake_args': None, 'catkin_skip_building_tests': False, 'cmake_args': None, 'cmake_clean_cache': False, 'cmake_clean_first': False, 'cmake_force_configure': False, 'cmake_target': None, 'cmake_target_skip_unavailable': False, 'install_base': '/home/ubuntuuser/ros2_ws/install/crazyflie_interfaces', 'merge_install': False, 'path': '/home/ubuntuuser/ros2_ws/src/crazyswarm2/crazyflie_interfaces', 'symlink_install': False, 'test_result_base': None}
[0.416s] Level 5:colcon.colcon_core.verb:set package 'r7021e_exploration' build argument 'cmake_args' from command line to 'None'
[0.416s] Level 5:colcon.colcon_core.verb:set package 'r7021e_exploration' build argument 'cmake_target' from command line to 'None'
[0.416s] Level 5:colcon.colcon_core.verb:set package 'r7021e_exploration' build argument 'cmake_target_skip_unavailable' from command line to 'False'
[0.416s] Level 5:colcon.colcon_core.verb:set package 'r7021e_exploration' build argument 'cmake_clean_cache' from command line to 'False'
[0.416s] Level 5:colcon.colcon_core.verb:set package 'r7021e_exploration' build argument 'cmake_clean_first' from command line to 'False'
[0.416s] Level 5:colcon.colcon_core.verb:set package 'r7021e_exploration' build argument 'cmake_force_configure' from command line to 'False'
[0.416s] Level 5:colcon.colcon_core.verb:set package 'r7021e_exploration' build argument 'ament_cmake_args' from command line to 'None'
[0.416s] Level 5:colcon.colcon_core.verb:set package 'r7021e_exploration' build argument 'catkin_cmake_args' from command line to 'None'
[0.416s] Level 5:colcon.colcon_core.verb:set package 'r7021e_exploration' build argument 'catkin_skip_building_tests' from command line to 'False'
[0.416s] DEBUG:colcon.colcon_core.verb:Building package 'r7021e_exploration' with the following arguments: {'ament_cmake_args': None, 'build_base': '/home/ubuntuuser/ros2_ws/build/r7021e_exploration', 'catkin_cmake_args': None, 'catkin_skip_building_tests': False, 'cmake_args': None, 'cmake_clean_cache': False, 'cmake_clean_first': False, 'cmake_force_configure': False, 'cmake_target': None, 'cmake_target_skip_unavailable': False, 'install_base': '/home/ubuntuuser/ros2_ws/install/r7021e_exploration', 'merge_install': False, 'path': '/home/ubuntuuser/ros2_ws/src/r7021e_exploration', 'symlink_install': False, 'test_result_base': None}
[0.417s] Level 5:colcon.colcon_core.verb:set package 'turtlebot3_fake_node' build argument 'cmake_args' from command line to 'None'
[0.417s] Level 5:colcon.colcon_core.verb:set package 'turtlebot3_fake_node' build argument 'cmake_target' from command line to 'None'
[0.417s] Level 5:colcon.colcon_core.verb:set package 'turtlebot3_fake_node' build argument 'cmake_target_skip_unavailable' from command line to 'False'
[0.417s] Level 5:colcon.colcon_core.verb:set package 'turtlebot3_fake_node' build argument 'cmake_clean_cache' from command line to 'False'
[0.417s] Level 5:colcon.colcon_core.verb:set package 'turtlebot3_fake_node' build argument 'cmake_clean_first' from command line to 'False'
[0.417s] Level 5:colcon.colcon_core.verb:set package 'turtlebot3_fake_node' build argument 'cmake_force_configure' from command line to 'False'
[0.417s] Level 5:colcon.colcon_core.verb:set package 'turtlebot3_fake_node' build argument 'ament_cmake_args' from command line to 'None'
[0.417s] Level 5:colcon.colcon_core.verb:set package 'turtlebot3_fake_node' build argument 'catkin_cmake_args' from command line to 'None'
[0.417s] Level 5:colcon.colcon_core.verb:set package 'turtlebot3_fake_node' build argument 'catkin_skip_building_tests' from command line to 'False'
[0.417s] DEBUG:colcon.colcon_core.verb:Building package 'turtlebot3_fake_node' with the following arguments: {'ament_cmake_args': None, 'build_base': '/home/ubuntuuser/ros2_ws/build/turtlebot3_fake_node', 'catkin_cmake_args': None, 'catkin_skip_building_tests': False, 'cmake_args': None, 'cmake_clean_cache': False, 'cmake_clean_first': False, 'cmake_force_configure': False, 'cmake_target': None, 'cmake_target_skip_unavailable': False, 'install_base': '/home/ubuntuuser/ros2_ws/install/turtlebot3_fake_node', 'merge_install': False, 'path': '/home/ubuntuuser/ros2_ws/src/turtlebot3_simulations/turtlebot3_fake_node', 'symlink_install': False, 'test_result_base': None}
[0.418s] Level 5:colcon.colcon_core.verb:set package 'turtlebot3_gazebo' build argument 'cmake_args' from command line to 'None'
[0.418s] Level 5:colcon.colcon_core.verb:set package 'turtlebot3_gazebo' build argument 'cmake_target' from command line to 'None'
[0.418s] Level 5:colcon.colcon_core.verb:set package 'turtlebot3_gazebo' build argument 'cmake_target_skip_unavailable' from command line to 'False'
[0.418s] Level 5:colcon.colcon_core.verb:set package 'turtlebot3_gazebo' build argument 'cmake_clean_cache' from command line to 'False'
[0.418s] Level 5:colcon.colcon_core.verb:set package 'turtlebot3_gazebo' build argument 'cmake_clean_first' from command line to 'False'
[0.418s] Level 5:colcon.colcon_core.verb:set package 'turtlebot3_gazebo' build argument 'cmake_force_configure' from command line to 'False'
[0.418s] Level 5:colcon.colcon_core.verb:set package 'turtlebot3_gazebo' build argument 'ament_cmake_args' from command line to 'None'
[0.418s] Level 5:colcon.colcon_core.verb:set package 'turtlebot3_gazebo' build argument 'catkin_cmake_args' from command line to 'None'
[0.418s] Level 5:colcon.colcon_core.verb:set package 'turtlebot3_gazebo' build argument 'catkin_skip_building_tests' from command line to 'False'
[0.418s] DEBUG:colcon.colcon_core.verb:Building package 'turtlebot3_gazebo' with the following arguments: {'ament_cmake_args': None, 'build_base': '/home/ubuntuuser/ros2_ws/build/turtlebot3_gazebo', 'catkin_cmake_args': None, 'catkin_skip_building_tests': False, 'cmake_args': None, 'cmake_clean_cache': False, 'cmake_clean_first': False, 'cmake_force_configure': False, 'cmake_target': None, 'cmake_target_skip_unavailable': False, 'install_base': '/home/ubuntuuser/ros2_ws/install/turtlebot3_gazebo', 'merge_install': False, 'path': '/home/ubuntuuser/ros2_ws/src/turtlebot3_simulations/turtlebot3_gazebo', 'symlink_install': False, 'test_result_base': None}
[0.418s] Level 5:colcon.colcon_core.verb:set package 'turtlebot3_trailer' build argument 'cmake_args' from command line to 'None'
[0.419s] Level 5:colcon.colcon_core.verb:set package 'turtlebot3_trailer' build argument 'cmake_target' from command line to 'None'
[0.419s] Level 5:colcon.colcon_core.verb:set package 'turtlebot3_trailer' build argument 'cmake_target_skip_unavailable' from command line to 'False'
[0.419s] Level 5:colcon.colcon_core.verb:set package 'turtlebot3_trailer' build argument 'cmake_clean_cache' from command line to 'False'
[0.419s] Level 5:colcon.colcon_core.verb:set package 'turtlebot3_trailer' build argument 'cmake_clean_first' from command line to 'False'
[0.419s] Level 5:colcon.colcon_core.verb:set package 'turtlebot3_trailer' build argument 'cmake_force_configure' from command line to 'False'
[0.419s] Level 5:colcon.colcon_core.verb:set package 'turtlebot3_trailer' build argument 'ament_cmake_args' from command line to 'None'
[0.419s] Level 5:colcon.colcon_core.verb:set package 'turtlebot3_trailer' build argument 'catkin_cmake_args' from command line to 'None'
[0.419s] Level 5:colcon.colcon_core.verb:set package 'turtlebot3_trailer' build argument 'catkin_skip_building_tests' from command line to 'False'
[0.419s] DEBUG:colcon.colcon_core.verb:Building package 'turtlebot3_trailer' with the following arguments: {'ament_cmake_args': None, 'build_base': '/home/ubuntuuser/ros2_ws/build/turtlebot3_trailer', 'catkin_cmake_args': None, 'catkin_skip_building_tests': False, 'cmake_args': None, 'cmake_clean_cache': False, 'cmake_clean_first': False, 'cmake_force_configure': False, 'cmake_target': None, 'cmake_target_skip_unavailable': False, 'install_base': '/home/ubuntuuser/ros2_ws/install/turtlebot3_trailer', 'merge_install': False, 'path': '/home/ubuntuuser/ros2_ws/src/turtlebot3_trailer', 'symlink_install': False, 'test_result_base': None}
[0.419s] Level 5:colcon.colcon_core.verb:set package 'crazyflie' build argument 'cmake_args' from command line to 'None'
[0.419s] Level 5:colcon.colcon_core.verb:set package 'crazyflie' build argument 'cmake_target' from command line to 'None'
[0.420s] Level 5:colcon.colcon_core.verb:set package 'crazyflie' build argument 'cmake_target_skip_unavailable' from command line to 'False'
[0.420s] Level 5:colcon.colcon_core.verb:set package 'crazyflie' build argument 'cmake_clean_cache' from command line to 'False'
[0.420s] Level 5:colcon.colcon_core.verb:set package 'crazyflie' build argument 'cmake_clean_first' from command line to 'False'
[0.420s] Level 5:colcon.colcon_core.verb:set package 'crazyflie' build argument 'cmake_force_configure' from command line to 'False'
[0.420s] Level 5:colcon.colcon_core.verb:set package 'crazyflie' build argument 'ament_cmake_args' from command line to 'None'
[0.420s] Level 5:colcon.colcon_core.verb:set package 'crazyflie' build argument 'catkin_cmake_args' from command line to 'None'
[0.420s] Level 5:colcon.colcon_core.verb:set package 'crazyflie' build argument 'catkin_skip_building_tests' from command line to 'False'
[0.420s] DEBUG:colcon.colcon_core.verb:Building package 'crazyflie' with the following arguments: {'ament_cmake_args': None, 'build_base': '/home/ubuntuuser/ros2_ws/build/crazyflie', 'catkin_cmake_args': None, 'catkin_skip_building_tests': False, 'cmake_args': None, 'cmake_clean_cache': False, 'cmake_clean_first': False, 'cmake_force_configure': False, 'cmake_target': None, 'cmake_target_skip_unavailable': False, 'install_base': '/home/ubuntuuser/ros2_ws/install/crazyflie', 'merge_install': False, 'path': '/home/ubuntuuser/ros2_ws/src/crazyswarm2/crazyflie', 'symlink_install': False, 'test_result_base': None}
[0.420s] Level 5:colcon.colcon_core.verb:set package 'crazyflie_py' build argument 'cmake_args' from command line to 'None'
[0.420s] Level 5:colcon.colcon_core.verb:set package 'crazyflie_py' build argument 'cmake_target' from command line to 'None'
[0.420s] Level 5:colcon.colcon_core.verb:set package 'crazyflie_py' build argument 'cmake_target_skip_unavailable' from command line to 'False'
[0.420s] Level 5:colcon.colcon_core.verb:set package 'crazyflie_py' build argument 'cmake_clean_cache' from command line to 'False'
[0.420s] Level 5:colcon.colcon_core.verb:set package 'crazyflie_py' build argument 'cmake_clean_first' from command line to 'False'
[0.420s] Level 5:colcon.colcon_core.verb:set package 'crazyflie_py' build argument 'cmake_force_configure' from command line to 'False'
[0.420s] Level 5:colcon.colcon_core.verb:set package 'crazyflie_py' build argument 'ament_cmake_args' from command line to 'None'
[0.420s] Level 5:colcon.colcon_core.verb:set package 'crazyflie_py' build argument 'catkin_cmake_args' from command line to 'None'
[0.420s] Level 5:colcon.colcon_core.verb:set package 'crazyflie_py' build argument 'catkin_skip_building_tests' from command line to 'False'
[0.420s] DEBUG:colcon.colcon_core.verb:Building package 'crazyflie_py' with the following arguments: {'ament_cmake_args': None, 'build_base': '/home/ubuntuuser/ros2_ws/build/crazyflie_py', 'catkin_cmake_args': None, 'catkin_skip_building_tests': False, 'cmake_args': None, 'cmake_clean_cache': False, 'cmake_clean_first': False, 'cmake_force_configure': False, 'cmake_target': None, 'cmake_target_skip_unavailable': False, 'install_base': '/home/ubuntuuser/ros2_ws/install/crazyflie_py', 'merge_install': False, 'path': '/home/ubuntuuser/ros2_ws/src/crazyswarm2/crazyflie_py', 'symlink_install': False, 'test_result_base': None}
[0.421s] Level 5:colcon.colcon_core.verb:set package 'crazyflie_sim' build argument 'cmake_args' from command line to 'None'
[0.421s] Level 5:colcon.colcon_core.verb:set package 'crazyflie_sim' build argument 'cmake_target' from command line to 'None'
[0.421s] Level 5:colcon.colcon_core.verb:set package 'crazyflie_sim' build argument 'cmake_target_skip_unavailable' from command line to 'False'
[0.421s] Level 5:colcon.colcon_core.verb:set package 'crazyflie_sim' build argument 'cmake_clean_cache' from command line to 'False'
[0.421s] Level 5:colcon.colcon_core.verb:set package 'crazyflie_sim' build argument 'cmake_clean_first' from command line to 'False'
[0.421s] Level 5:colcon.colcon_core.verb:set package 'crazyflie_sim' build argument 'cmake_force_configure' from command line to 'False'
[0.421s] Level 5:colcon.colcon_core.verb:set package 'crazyflie_sim' build argument 'ament_cmake_args' from command line to 'None'
[0.421s] Level 5:colcon.colcon_core.verb:set package 'crazyflie_sim' build argument 'catkin_cmake_args' from command line to 'None'
[0.421s] Level 5:colcon.colcon_core.verb:set package 'crazyflie_sim' build argument 'catkin_skip_building_tests' from command line to 'False'
[0.421s] DEBUG:colcon.colcon_core.verb:Building package 'crazyflie_sim' with the following arguments: {'ament_cmake_args': None, 'build_base': '/home/ubuntuuser/ros2_ws/build/crazyflie_sim', 'catkin_cmake_args': None, 'catkin_skip_building_tests': False, 'cmake_args': None, 'cmake_clean_cache': False, 'cmake_clean_first': False, 'cmake_force_configure': False, 'cmake_target': None, 'cmake_target_skip_unavailable': False, 'install_base': '/home/ubuntuuser/ros2_ws/install/crazyflie_sim', 'merge_install': False, 'path': '/home/ubuntuuser/ros2_ws/src/crazyswarm2/crazyflie_sim', 'symlink_install': False, 'test_result_base': None}
[0.421s] Level 5:colcon.colcon_core.verb:set package 'turtlebot3_simulations' build argument 'cmake_args' from command line to 'None'
[0.421s] Level 5:colcon.colcon_core.verb:set package 'turtlebot3_simulations' build argument 'cmake_target' from command line to 'None'
[0.421s] Level 5:colcon.colcon_core.verb:set package 'turtlebot3_simulations' build argument 'cmake_target_skip_unavailable' from command line to 'False'
[0.421s] Level 5:colcon.colcon_core.verb:set package 'turtlebot3_simulations' build argument 'cmake_clean_cache' from command line to 'False'
[0.421s] Level 5:colcon.colcon_core.verb:set package 'turtlebot3_simulations' build argument 'cmake_clean_first' from command line to 'False'
[0.421s] Level 5:colcon.colcon_core.verb:set package 'turtlebot3_simulations' build argument 'cmake_force_configure' from command line to 'False'
[0.421s] Level 5:colcon.colcon_core.verb:set package 'turtlebot3_simulations' build argument 'ament_cmake_args' from command line to 'None'
[0.422s] Level 5:colcon.colcon_core.verb:set package 'turtlebot3_simulations' build argument 'catkin_cmake_args' from command line to 'None'
[0.422s] Level 5:colcon.colcon_core.verb:set package 'turtlebot3_simulations' build argument 'catkin_skip_building_tests' from command line to 'False'
[0.422s] DEBUG:colcon.colcon_core.verb:Building package 'turtlebot3_simulations' with the following arguments: {'ament_cmake_args': None, 'build_base': '/home/ubuntuuser/ros2_ws/build/turtlebot3_simulations', 'catkin_cmake_args': None, 'catkin_skip_building_tests': False, 'cmake_args': None, 'cmake_clean_cache': False, 'cmake_clean_first': False, 'cmake_force_configure': False, 'cmake_target': None, 'cmake_target_skip_unavailable': False, 'install_base': '/home/ubuntuuser/ros2_ws/install/turtlebot3_simulations', 'merge_install': False, 'path': '/home/ubuntuuser/ros2_ws/src/turtlebot3_simulations/turtlebot3_simulations', 'symlink_install': False, 'test_result_base': None}
[0.422s] Level 5:colcon.colcon_core.verb:set package 'crazyflie_examples' build argument 'cmake_args' from command line to 'None'
[0.422s] Level 5:colcon.colcon_core.verb:set package 'crazyflie_examples' build argument 'cmake_target' from command line to 'None'
[0.422s] Level 5:colcon.colcon_core.verb:set package 'crazyflie_examples' build argument 'cmake_target_skip_unavailable' from command line to 'False'
[0.422s] Level 5:colcon.colcon_core.verb:set package 'crazyflie_examples' build argument 'cmake_clean_cache' from command line to 'False'
[0.422s] Level 5:colcon.colcon_core.verb:set package 'crazyflie_examples' build argument 'cmake_clean_first' from command line to 'False'
[0.422s] Level 5:colcon.colcon_core.verb:set package 'crazyflie_examples' build argument 'cmake_force_configure' from command line to 'False'
[0.422s] Level 5:colcon.colcon_core.verb:set package 'crazyflie_examples' build argument 'ament_cmake_args' from command line to 'None'
[0.422s] Level 5:colcon.colcon_core.verb:set package 'crazyflie_examples' build argument 'catkin_cmake_args' from command line to 'None'
[0.422s] Level 5:colcon.colcon_core.verb:set package 'crazyflie_examples' build argument 'catkin_skip_building_tests' from command line to 'False'
[0.422s] DEBUG:colcon.colcon_core.verb:Building package 'crazyflie_examples' with the following arguments: {'ament_cmake_args': None, 'build_base': '/home/ubuntuuser/ros2_ws/build/crazyflie_examples', 'catkin_cmake_args': None, 'catkin_skip_building_tests': False, 'cmake_args': None, 'cmake_clean_cache': False, 'cmake_clean_first': False, 'cmake_force_configure': False, 'cmake_target': None, 'cmake_target_skip_unavailable': False, 'install_base': '/home/ubuntuuser/ros2_ws/install/crazyflie_examples', 'merge_install': False, 'path': '/home/ubuntuuser/ros2_ws/src/crazyswarm2/crazyflie_examples', 'symlink_install': False, 'test_result_base': None}
[0.422s] INFO:colcon.colcon_core.executor:Executing jobs using 'parallel' executor
[0.424s] DEBUG:colcon.colcon_parallel_executor.executor.parallel:run_until_complete
[0.424s] INFO:colcon.colcon_ros.task.ament_cmake.build:Building ROS package in '/home/ubuntuuser/ros2_ws/src/crazyswarm2/crazyflie_interfaces' with build type 'ament_cmake'
[0.424s] INFO:colcon.colcon_cmake.task.cmake.build:Building CMake package in '/home/ubuntuuser/ros2_ws/src/crazyswarm2/crazyflie_interfaces'
[0.429s] INFO:colcon.colcon_core.plugin_system:Skipping extension 'colcon_core.shell.bat': Not used on non-Windows systems
[0.429s] INFO:colcon.colcon_core.shell:Skip shell extension 'powershell' for command environment: Not usable outside of PowerShell
[0.429s] DEBUG:colcon.colcon_core.shell:Skip shell extension 'dsv' for command environment
[0.438s] INFO:colcon.colcon_ros.task.ament_cmake.build:Building ROS package in '/home/ubuntuuser/ros2_ws/src/turtlebot3_simulations/turtlebot3_fake_node' with build type 'ament_cmake'
[0.439s] INFO:colcon.colcon_cmake.task.cmake.build:Building CMake package in '/home/ubuntuuser/ros2_ws/src/turtlebot3_simulations/turtlebot3_fake_node'
[0.439s] INFO:colcon.colcon_core.shell:Skip shell extension 'powershell' for command environment: Not usable outside of PowerShell
[0.439s] DEBUG:colcon.colcon_core.shell:Skip shell extension 'dsv' for command environment
[0.450s] INFO:colcon.colcon_ros.task.ament_cmake.build:Building ROS package in '/home/ubuntuuser/ros2_ws/src/turtlebot3_simulations/turtlebot3_gazebo' with build type 'ament_cmake'
[0.450s] INFO:colcon.colcon_cmake.task.cmake.build:Building CMake package in '/home/ubuntuuser/ros2_ws/src/turtlebot3_simulations/turtlebot3_gazebo'
[0.450s] INFO:colcon.colcon_core.shell:Skip shell extension 'powershell' for command environment: Not usable outside of PowerShell
[0.450s] DEBUG:colcon.colcon_core.shell:Skip shell extension 'dsv' for command environment
[0.461s] INFO:colcon.colcon_ros.task.ament_python.build:Building ROS package in '/home/ubuntuuser/ros2_ws/src/r7021e_exploration' with build type 'ament_python'
[0.462s] Level 1:colcon.colcon_core.shell:create_environment_hook('r7021e_exploration', 'ament_prefix_path')
[0.462s] INFO:colcon.colcon_core.shell:Creating environment hook '/home/ubuntuuser/ros2_ws/install/r7021e_exploration/share/r7021e_exploration/hook/ament_prefix_path.ps1'
[0.466s] INFO:colcon.colcon_core.shell:Creating environment descriptor '/home/ubuntuuser/ros2_ws/install/r7021e_exploration/share/r7021e_exploration/hook/ament_prefix_path.dsv'
[0.470s] INFO:colcon.colcon_core.shell:Creating environment hook '/home/ubuntuuser/ros2_ws/install/r7021e_exploration/share/r7021e_exploration/hook/ament_prefix_path.sh'
[0.473s] INFO:colcon.colcon_core.shell:Skip shell extension 'powershell' for command environment: Not usable outside of PowerShell
[0.474s] DEBUG:colcon.colcon_core.shell:Skip shell extension 'dsv' for command environment
[0.506s] DEBUG:colcon.colcon_core.event_handler.log_command:Invoking command in '/home/ubuntuuser/ros2_ws/build/crazyflie_interfaces': CMAKE_PREFIX_PATH=${CMAKE_PREFIX_PATH}:/home/ubuntuuser/ros2_ws/install/turtlebot3_trailer:/home/ubuntuuser/ros2_ws/install/r7021e_exploration:/home/ubuntuuser/ros2_ws/install/crazyflie_py:/opt/ros/jazzy DEBUGINFOD_URLS=https://debuginfod.ubuntu.com PS1=(.venv) \[\e]0;\u@\h: \w\a\]${debian_chroot:+($debian_chroot)}\[\033[01;32m\]\u@\h\[\033[00m\]:\[\033[01;34m\]\w\[\033[00m\]\$ VIRTUAL_ENV_PROMPT=(.venv) /usr/bin/cmake --build /home/ubuntuuser/ros2_ws/build/crazyflie_interfaces -- -j4 -l4
[0.509s] DEBUG:colcon.colcon_core.event_handler.log_command:Invoking command in '/home/ubuntuuser/ros2_ws/build/turtlebot3_fake_node': CMAKE_PREFIX_PATH=${CMAKE_PREFIX_PATH}:/home/ubuntuuser/ros2_ws/install/turtlebot3_trailer:/home/ubuntuuser/ros2_ws/install/r7021e_exploration:/home/ubuntuuser/ros2_ws/install/crazyflie_py:/opt/ros/jazzy DEBUGINFOD_URLS=https://debuginfod.ubuntu.com PS1=(.venv) \[\e]0;\u@\h: \w\a\]${debian_chroot:+($debian_chroot)}\[\033[01;32m\]\u@\h\[\033[00m\]:\[\033[01;34m\]\w\[\033[00m\]\$ VIRTUAL_ENV_PROMPT=(.venv) /usr/bin/cmake --build /home/ubuntuuser/ros2_ws/build/turtlebot3_fake_node -- -j4 -l4
[0.520s] DEBUG:colcon.colcon_core.event_handler.log_command:Invoking command in '/home/ubuntuuser/ros2_ws/build/turtlebot3_gazebo': CMAKE_PREFIX_PATH=${CMAKE_PREFIX_PATH}:/home/ubuntuuser/ros2_ws/install/turtlebot3_trailer:/home/ubuntuuser/ros2_ws/install/r7021e_exploration:/home/ubuntuuser/ros2_ws/install/crazyflie_py:/opt/ros/jazzy DEBUGINFOD_URLS=https://debuginfod.ubuntu.com PS1=(.venv) \[\e]0;\u@\h: \w\a\]${debian_chroot:+($debian_chroot)}\[\033[01;32m\]\u@\h\[\033[00m\]:\[\033[01;34m\]\w\[\033[00m\]\$ VIRTUAL_ENV_PROMPT=(.venv) /usr/bin/cmake --build /home/ubuntuuser/ros2_ws/build/turtlebot3_gazebo -- -j4 -l4
[1.128s] INFO:colcon.colcon_core.task.python.build:Building Python package in '/home/ubuntuuser/ros2_ws/src/r7021e_exploration'
[1.128s] INFO:colcon.colcon_core.shell:Skip shell extension 'powershell' for command environment: Not usable outside of PowerShell
[1.128s] DEBUG:colcon.colcon_core.shell:Skip shell extension 'dsv' for command environment
[1.148s] DEBUG:colcon.colcon_core.event_handler.log_command:Invoked command in '/home/ubuntuuser/ros2_ws/build/turtlebot3_gazebo' returned '0': CMAKE_PREFIX_PATH=${CMAKE_PREFIX_PATH}:/home/ubuntuuser/ros2_ws/install/turtlebot3_trailer:/home/ubuntuuser/ros2_ws/install/r7021e_exploration:/home/ubuntuuser/ros2_ws/install/crazyflie_py:/opt/ros/jazzy DEBUGINFOD_URLS=https://debuginfod.ubuntu.com PS1=(.venv) \[\e]0;\u@\h: \w\a\]${debian_chroot:+($debian_chroot)}\[\033[01;32m\]\u@\h\[\033[00m\]:\[\033[01;34m\]\w\[\033[00m\]\$ VIRTUAL_ENV_PROMPT=(.venv) /usr/bin/cmake --build /home/ubuntuuser/ros2_ws/build/turtlebot3_gazebo -- -j4 -l4
[1.190s] DEBUG:colcon.colcon_core.event_handler.log_command:Invoking command in '/home/ubuntuuser/ros2_ws/build/turtlebot3_gazebo': CMAKE_PREFIX_PATH=${CMAKE_PREFIX_PATH}:/home/ubuntuuser/ros2_ws/install/turtlebot3_trailer:/home/ubuntuuser/ros2_ws/install/r7021e_exploration:/home/ubuntuuser/ros2_ws/install/crazyflie_py:/opt/ros/jazzy DEBUGINFOD_URLS=https://debuginfod.ubuntu.com PS1=(.venv) \[\e]0;\u@\h: \w\a\]${debian_chroot:+($debian_chroot)}\[\033[01;32m\]\u@\h\[\033[00m\]:\[\033[01;34m\]\w\[\033[00m\]\$ VIRTUAL_ENV_PROMPT=(.venv) /usr/bin/cmake --install /home/ubuntuuser/ros2_ws/build/turtlebot3_gazebo
[1.193s] DEBUG:colcon.colcon_core.event_handler.log_command:Invoked command in '/home/ubuntuuser/ros2_ws/build/turtlebot3_fake_node' returned '0': CMAKE_PREFIX_PATH=${CMAKE_PREFIX_PATH}:/home/ubuntuuser/ros2_ws/install/turtlebot3_trailer:/home/ubuntuuser/ros2_ws/install/r7021e_exploration:/home/ubuntuuser/ros2_ws/install/crazyflie_py:/opt/ros/jazzy DEBUGINFOD_URLS=https://debuginfod.ubuntu.com PS1=(.venv) \[\e]0;\u@\h: \w\a\]${debian_chroot:+($debian_chroot)}\[\033[01;32m\]\u@\h\[\033[00m\]:\[\033[01;34m\]\w\[\033[00m\]\$ VIRTUAL_ENV_PROMPT=(.venv) /usr/bin/cmake --build /home/ubuntuuser/ros2_ws/build/turtlebot3_fake_node -- -j4 -l4
[1.199s] DEBUG:colcon.colcon_core.event_handler.log_command:Invoking command in '/home/ubuntuuser/ros2_ws/build/turtlebot3_fake_node': CMAKE_PREFIX_PATH=${CMAKE_PREFIX_PATH}:/home/ubuntuuser/ros2_ws/install/turtlebot3_trailer:/home/ubuntuuser/ros2_ws/install/r7021e_exploration:/home/ubuntuuser/ros2_ws/install/crazyflie_py:/opt/ros/jazzy DEBUGINFOD_URLS=https://debuginfod.ubuntu.com PS1=(.venv) \[\e]0;\u@\h: \w\a\]${debian_chroot:+($debian_chroot)}\[\033[01;32m\]\u@\h\[\033[00m\]:\[\033[01;34m\]\w\[\033[00m\]\$ VIRTUAL_ENV_PROMPT=(.venv) /usr/bin/cmake --install /home/ubuntuuser/ros2_ws/build/turtlebot3_fake_node
[1.233s] Level 1:colcon.colcon_core.environment:create_environment_scripts_only(turtlebot3_fake_node)
[1.242s] DEBUG:colcon.colcon_core.event_handler.log_command:Invoked command in '/home/ubuntuuser/ros2_ws/build/turtlebot3_fake_node' returned '0': CMAKE_PREFIX_PATH=${CMAKE_PREFIX_PATH}:/home/ubuntuuser/ros2_ws/install/turtlebot3_trailer:/home/ubuntuuser/ros2_ws/install/r7021e_exploration:/home/ubuntuuser/ros2_ws/install/crazyflie_py:/opt/ros/jazzy DEBUGINFOD_URLS=https://debuginfod.ubuntu.com PS1=(.venv) \[\e]0;\u@\h: \w\a\]${debian_chroot:+($debian_chroot)}\[\033[01;32m\]\u@\h\[\033[00m\]:\[\033[01;34m\]\w\[\033[00m\]\$ VIRTUAL_ENV_PROMPT=(.venv) /usr/bin/cmake --install /home/ubuntuuser/ros2_ws/build/turtlebot3_fake_node
[1.248s] Level 1:colcon.colcon_core.environment:checking '/home/ubuntuuser/ros2_ws/install/turtlebot3_fake_node' for CMake module files
[1.249s] Level 1:colcon.colcon_core.environment:checking '/home/ubuntuuser/ros2_ws/install/turtlebot3_fake_node' for CMake config files
[1.249s] Level 1:colcon.colcon_core.shell:create_environment_hook('turtlebot3_fake_node', 'cmake_prefix_path')
[1.250s] INFO:colcon.colcon_core.shell:Creating environment hook '/home/ubuntuuser/ros2_ws/install/turtlebot3_fake_node/share/turtlebot3_fake_node/hook/cmake_prefix_path.ps1'
[1.255s] INFO:colcon.colcon_core.shell:Creating environment descriptor '/home/ubuntuuser/ros2_ws/install/turtlebot3_fake_node/share/turtlebot3_fake_node/hook/cmake_prefix_path.dsv'
[1.264s] INFO:colcon.colcon_core.shell:Creating environment hook '/home/ubuntuuser/ros2_ws/install/turtlebot3_fake_node/share/turtlebot3_fake_node/hook/cmake_prefix_path.sh'
[1.269s] Level 1:colcon.colcon_core.environment:checking '/home/ubuntuuser/ros2_ws/install/turtlebot3_fake_node/lib'
[1.272s] Level 1:colcon.colcon_core.environment:checking '/home/ubuntuuser/ros2_ws/install/turtlebot3_fake_node/bin'
[1.273s] Level 1:colcon.colcon_core.environment:checking '/home/ubuntuuser/ros2_ws/install/turtlebot3_fake_node/lib/pkgconfig/turtlebot3_fake_node.pc'
[1.275s] Level 1:colcon.colcon_core.environment:checking '/home/ubuntuuser/ros2_ws/install/turtlebot3_fake_node/lib/python3.12/site-packages'
[1.276s] Level 1:colcon.colcon_core.environment:checking '/home/ubuntuuser/ros2_ws/install/turtlebot3_fake_node/bin'
[1.283s] INFO:colcon.colcon_core.shell:Creating package script '/home/ubuntuuser/ros2_ws/install/turtlebot3_fake_node/share/turtlebot3_fake_node/package.ps1'
[1.294s] INFO:colcon.colcon_core.shell:Creating package descriptor '/home/ubuntuuser/ros2_ws/install/turtlebot3_fake_node/share/turtlebot3_fake_node/package.dsv'
[1.296s] INFO:colcon.colcon_core.shell:Creating package script '/home/ubuntuuser/ros2_ws/install/turtlebot3_fake_node/share/turtlebot3_fake_node/package.sh'
[1.300s] INFO:colcon.colcon_core.shell:Creating package script '/home/ubuntuuser/ros2_ws/install/turtlebot3_fake_node/share/turtlebot3_fake_node/package.bash'
[1.305s] INFO:colcon.colcon_core.shell:Creating package script '/home/ubuntuuser/ros2_ws/install/turtlebot3_fake_node/share/turtlebot3_fake_node/package.zsh'
[1.310s] Level 1:colcon.colcon_core.environment:create_file_with_runtime_dependencies(/home/ubuntuuser/ros2_ws/install/turtlebot3_fake_node/share/colcon-core/packages/turtlebot3_fake_node)
[1.313s] Level 1:colcon.colcon_core.environment:create_environment_scripts_only(turtlebot3_fake_node)
[1.316s] Level 1:colcon.colcon_core.environment:checking '/home/ubuntuuser/ros2_ws/install/turtlebot3_fake_node' for CMake module files
[1.320s] Level 1:colcon.colcon_core.environment:checking '/home/ubuntuuser/ros2_ws/install/turtlebot3_fake_node' for CMake config files
[1.320s] Level 1:colcon.colcon_core.shell:create_environment_hook('turtlebot3_fake_node', 'cmake_prefix_path')
[1.320s] INFO:colcon.colcon_core.shell:Creating environment hook '/home/ubuntuuser/ros2_ws/install/turtlebot3_fake_node/share/turtlebot3_fake_node/hook/cmake_prefix_path.ps1'
[1.324s] INFO:colcon.colcon_core.shell:Creating environment descriptor '/home/ubuntuuser/ros2_ws/install/turtlebot3_fake_node/share/turtlebot3_fake_node/hook/cmake_prefix_path.dsv'
[1.327s] INFO:colcon.colcon_core.shell:Creating environment hook '/home/ubuntuuser/ros2_ws/install/turtlebot3_fake_node/share/turtlebot3_fake_node/hook/cmake_prefix_path.sh'
[1.332s] Level 1:colcon.colcon_core.environment:checking '/home/ubuntuuser/ros2_ws/install/turtlebot3_fake_node/lib'
[1.332s] Level 1:colcon.colcon_core.environment:checking '/home/ubuntuuser/ros2_ws/install/turtlebot3_fake_node/bin'
[1.332s] Level 1:colcon.colcon_core.environment:checking '/home/ubuntuuser/ros2_ws/install/turtlebot3_fake_node/lib/pkgconfig/turtlebot3_fake_node.pc'
[1.333s] Level 1:colcon.colcon_core.environment:checking '/home/ubuntuuser/ros2_ws/install/turtlebot3_fake_node/lib/python3.12/site-packages'
[1.334s] Level 1:colcon.colcon_core.environment:checking '/home/ubuntuuser/ros2_ws/install/turtlebot3_fake_node/bin'
[1.335s] INFO:colcon.colcon_core.shell:Creating package script '/home/ubuntuuser/ros2_ws/install/turtlebot3_fake_node/share/turtlebot3_fake_node/package.ps1'
[1.341s] INFO:colcon.colcon_core.shell:Creating package descriptor '/home/ubuntuuser/ros2_ws/install/turtlebot3_fake_node/share/turtlebot3_fake_node/package.dsv'
[1.347s] INFO:colcon.colcon_core.shell:Creating package script '/home/ubuntuuser/ros2_ws/install/turtlebot3_fake_node/share/turtlebot3_fake_node/package.sh'
[1.349s] INFO:colcon.colcon_core.shell:Creating package script '/home/ubuntuuser/ros2_ws/install/turtlebot3_fake_node/share/turtlebot3_fake_node/package.bash'
[1.353s] INFO:colcon.colcon_core.shell:Creating package script '/home/ubuntuuser/ros2_ws/install/turtlebot3_fake_node/share/turtlebot3_fake_node/package.zsh'
[1.358s] Level 1:colcon.colcon_core.environment:create_file_with_runtime_dependencies(/home/ubuntuuser/ros2_ws/install/turtlebot3_fake_node/share/colcon-core/packages/turtlebot3_fake_node)
[1.360s] INFO:colcon.colcon_ros.task.ament_python.build:Building ROS package in '/home/ubuntuuser/ros2_ws/src/turtlebot3_trailer' with build type 'ament_python'
[1.360s] Level 1:colcon.colcon_core.shell:create_environment_hook('turtlebot3_trailer', 'ament_prefix_path')
[1.361s] INFO:colcon.colcon_core.shell:Creating environment hook '/home/ubuntuuser/ros2_ws/install/turtlebot3_trailer/share/turtlebot3_trailer/hook/ament_prefix_path.ps1'
[1.365s] INFO:colcon.colcon_core.shell:Creating environment descriptor '/home/ubuntuuser/ros2_ws/install/turtlebot3_trailer/share/turtlebot3_trailer/hook/ament_prefix_path.dsv'
[1.367s] INFO:colcon.colcon_core.shell:Creating environment hook '/home/ubuntuuser/ros2_ws/install/turtlebot3_trailer/share/turtlebot3_trailer/hook/ament_prefix_path.sh'
[1.370s] INFO:colcon.colcon_core.shell:Skip shell extension 'powershell' for command environment: Not usable outside of PowerShell
[1.370s] DEBUG:colcon.colcon_core.shell:Skip shell extension 'dsv' for command environment
[1.389s] Level 1:colcon.colcon_core.environment:create_environment_scripts_only(turtlebot3_gazebo)
[1.390s] Level 1:colcon.colcon_core.environment:checking '/home/ubuntuuser/ros2_ws/install/turtlebot3_gazebo' for CMake module files
[1.392s] Level 1:colcon.colcon_core.environment:checking '/home/ubuntuuser/ros2_ws/install/turtlebot3_gazebo' for CMake config files
[1.391s] DEBUG:colcon.colcon_core.event_handler.log_command:Invoked command in '/home/ubuntuuser/ros2_ws/build/turtlebot3_gazebo' returned '0': CMAKE_PREFIX_PATH=${CMAKE_PREFIX_PATH}:/home/ubuntuuser/ros2_ws/install/turtlebot3_trailer:/home/ubuntuuser/ros2_ws/install/r7021e_exploration:/home/ubuntuuser/ros2_ws/install/crazyflie_py:/opt/ros/jazzy DEBUGINFOD_URLS=https://debuginfod.ubuntu.com PS1=(.venv) \[\e]0;\u@\h: \w\a\]${debian_chroot:+($debian_chroot)}\[\033[01;32m\]\u@\h\[\033[00m\]:\[\033[01;34m\]\w\[\033[00m\]\$ VIRTUAL_ENV_PROMPT=(.venv) /usr/bin/cmake --install /home/ubuntuuser/ros2_ws/build/turtlebot3_gazebo
[1.393s] Level 1:colcon.colcon_core.shell:create_environment_hook('turtlebot3_gazebo', 'cmake_prefix_path')
[1.394s] INFO:colcon.colcon_core.shell:Creating environment hook '/home/ubuntuuser/ros2_ws/install/turtlebot3_gazebo/share/turtlebot3_gazebo/hook/cmake_prefix_path.ps1'
[1.395s] INFO:colcon.colcon_core.shell:Creating environment descriptor '/home/ubuntuuser/ros2_ws/install/turtlebot3_gazebo/share/turtlebot3_gazebo/hook/cmake_prefix_path.dsv'
[1.397s] INFO:colcon.colcon_core.shell:Creating environment hook '/home/ubuntuuser/ros2_ws/install/turtlebot3_gazebo/share/turtlebot3_gazebo/hook/cmake_prefix_path.sh'
[1.399s] Level 1:colcon.colcon_core.environment:checking '/home/ubuntuuser/ros2_ws/install/turtlebot3_gazebo/lib'
[1.399s] Level 1:colcon.colcon_core.environment:checking '/home/ubuntuuser/ros2_ws/install/turtlebot3_gazebo/bin'
[1.399s] Level 1:colcon.colcon_core.environment:checking '/home/ubuntuuser/ros2_ws/install/turtlebot3_gazebo/lib/pkgconfig/turtlebot3_gazebo.pc'
[1.401s] Level 1:colcon.colcon_core.environment:checking '/home/ubuntuuser/ros2_ws/install/turtlebot3_gazebo/lib/python3.12/site-packages'
[1.401s] Level 1:colcon.colcon_core.environment:checking '/home/ubuntuuser/ros2_ws/install/turtlebot3_gazebo/bin'
[1.403s] INFO:colcon.colcon_core.shell:Creating package script '/home/ubuntuuser/ros2_ws/install/turtlebot3_gazebo/share/turtlebot3_gazebo/package.ps1'
[1.404s] INFO:colcon.colcon_core.shell:Creating package descriptor '/home/ubuntuuser/ros2_ws/install/turtlebot3_gazebo/share/turtlebot3_gazebo/package.dsv'
[1.407s] INFO:colcon.colcon_core.shell:Creating package script '/home/ubuntuuser/ros2_ws/install/turtlebot3_gazebo/share/turtlebot3_gazebo/package.sh'
[1.408s] INFO:colcon.colcon_core.shell:Creating package script '/home/ubuntuuser/ros2_ws/install/turtlebot3_gazebo/share/turtlebot3_gazebo/package.bash'
[1.409s] INFO:colcon.colcon_core.shell:Creating package script '/home/ubuntuuser/ros2_ws/install/turtlebot3_gazebo/share/turtlebot3_gazebo/package.zsh'
[1.411s] Level 1:colcon.colcon_core.environment:create_file_with_runtime_dependencies(/home/ubuntuuser/ros2_ws/install/turtlebot3_gazebo/share/colcon-core/packages/turtlebot3_gazebo)
[1.413s] Level 1:colcon.colcon_core.environment:create_environment_scripts_only(turtlebot3_gazebo)
[1.413s] Level 1:colcon.colcon_core.environment:checking '/home/ubuntuuser/ros2_ws/install/turtlebot3_gazebo' for CMake module files
[1.415s] Level 1:colcon.colcon_core.environment:checking '/home/ubuntuuser/ros2_ws/install/turtlebot3_gazebo' for CMake config files
[1.415s] Level 1:colcon.colcon_core.shell:create_environment_hook('turtlebot3_gazebo', 'cmake_prefix_path')
[1.416s] INFO:colcon.colcon_core.shell:Creating environment hook '/home/ubuntuuser/ros2_ws/install/turtlebot3_gazebo/share/turtlebot3_gazebo/hook/cmake_prefix_path.ps1'
[1.417s] INFO:colcon.colcon_core.shell:Creating environment descriptor '/home/ubuntuuser/ros2_ws/install/turtlebot3_gazebo/share/turtlebot3_gazebo/hook/cmake_prefix_path.dsv'
[1.419s] INFO:colcon.colcon_core.shell:Creating environment hook '/home/ubuntuuser/ros2_ws/install/turtlebot3_gazebo/share/turtlebot3_gazebo/hook/cmake_prefix_path.sh'
[1.423s] Level 1:colcon.colcon_core.environment:checking '/home/ubuntuuser/ros2_ws/install/turtlebot3_gazebo/lib'
[1.423s] Level 1:colcon.colcon_core.environment:checking '/home/ubuntuuser/ros2_ws/install/turtlebot3_gazebo/bin'
[1.423s] Level 1:colcon.colcon_core.environment:checking '/home/ubuntuuser/ros2_ws/install/turtlebot3_gazebo/lib/pkgconfig/turtlebot3_gazebo.pc'
[1.424s] Level 1:colcon.colcon_core.environment:checking '/home/ubuntuuser/ros2_ws/install/turtlebot3_gazebo/lib/python3.12/site-packages'
[1.424s] Level 1:colcon.colcon_core.environment:checking '/home/ubuntuuser/ros2_ws/install/turtlebot3_gazebo/bin'
[1.427s] INFO:colcon.colcon_core.shell:Creating package script '/home/ubuntuuser/ros2_ws/install/turtlebot3_gazebo/share/turtlebot3_gazebo/package.ps1'
[1.433s] INFO:colcon.colcon_core.shell:Creating package descriptor '/home/ubuntuuser/ros2_ws/install/turtlebot3_gazebo/share/turtlebot3_gazebo/package.dsv'
[1.437s] INFO:colcon.colcon_core.shell:Creating package script '/home/ubuntuuser/ros2_ws/install/turtlebot3_gazebo/share/turtlebot3_gazebo/package.sh'
[1.441s] INFO:colcon.colcon_core.shell:Creating package script '/home/ubuntuuser/ros2_ws/install/turtlebot3_gazebo/share/turtlebot3_gazebo/package.bash'
[1.442s] INFO:colcon.colcon_core.shell:Creating package script '/home/ubuntuuser/ros2_ws/install/turtlebot3_gazebo/share/turtlebot3_gazebo/package.zsh'
[1.443s] Level 1:colcon.colcon_core.environment:create_file_with_runtime_dependencies(/home/ubuntuuser/ros2_ws/install/turtlebot3_gazebo/share/colcon-core/packages/turtlebot3_gazebo)
[1.445s] INFO:colcon.colcon_ros.task.ament_cmake.build:Building ROS package in '/home/ubuntuuser/ros2_ws/src/turtlebot3_simulations/turtlebot3_simulations' with build type 'ament_cmake'
[1.446s] INFO:colcon.colcon_cmake.task.cmake.build:Building CMake package in '/home/ubuntuuser/ros2_ws/src/turtlebot3_simulations/turtlebot3_simulations'
[1.446s] INFO:colcon.colcon_core.shell:Skip shell extension 'powershell' for command environment: Not usable outside of PowerShell
[1.446s] DEBUG:colcon.colcon_core.shell:Skip shell extension 'dsv' for command environment
[2.092s] INFO:colcon.colcon_core.task.python.build:Building Python package in '/home/ubuntuuser/ros2_ws/src/turtlebot3_trailer'
[2.092s] INFO:colcon.colcon_core.shell:Skip shell extension 'powershell' for command environment: Not usable outside of PowerShell
[2.092s] DEBUG:colcon.colcon_core.shell:Skip shell extension 'dsv' for command environment
[2.106s] DEBUG:colcon.colcon_core.event_handler.log_command:Invoking command in '/home/ubuntuuser/ros2_ws/build/turtlebot3_simulations': CMAKE_PREFIX_PATH=/home/ubuntuuser/ros2_ws/install/turtlebot3_gazebo:/home/ubuntuuser/ros2_ws/install/turtlebot3_fake_node:/home/ubuntuuser/ros2_ws/install/turtlebot3_simulations:/home/ubuntuuser/ros2_ws/install/crazyflie_sim:/home/ubuntuuser/ros2_ws/install/crazyflie_examples:/home/ubuntuuser/ros2_ws/install/crazyflie:/home/ubuntuuser/ros2_ws/install/crazyflie_interfaces:/opt/ros/jazzy/opt/gz_sim_vendor:/opt/ros/jazzy/opt/gz_sensors_vendor:/opt/ros/jazzy/opt/gz_physics_vendor:/opt/ros/jazzy/opt/sdformat_vendor:/opt/ros/jazzy/opt/gz_gui_vendor:/opt/ros/jazzy/opt/gz_transport_vendor:/opt/ros/jazzy/opt/gz_rendering_vendor:/opt/ros/jazzy/opt/gz_plugin_vendor:/opt/ros/jazzy/opt/gz_fuel_tools_vendor:/opt/ros/jazzy/opt/gz_msgs_vendor:/opt/ros/jazzy/opt/gz_common_vendor:/opt/ros/jazzy/opt/gz_math_vendor:/opt/ros/jazzy/opt/gz_utils_vendor:/opt/ros/jazzy/opt/gz_tools_vendor:/opt/ros/jazzy/opt/gz_ogre_next_vendor:/opt/ros/jazzy/opt/gz_dartsim_vendor:/opt/ros/jazzy/opt/gz_cmake_vendor:/home/ubuntuuser/ros2_ws/install/turtlebot3_trailer:/home/ubuntuuser/ros2_ws/install/r7021e_exploration:/home/ubuntuuser/ros2_ws/install/crazyflie_py:/opt/ros/jazzy DEBUGINFOD_URLS=https://debuginfod.ubuntu.com PS1=(.venv) \[\e]0;\u@\h: \w\a\]${debian_chroot:+($debian_chroot)}\[\033[01;32m\]\u@\h\[\033[00m\]:\[\033[01;34m\]\w\[\033[00m\]\$ VIRTUAL_ENV_PROMPT=(.venv) /usr/bin/cmake --build /home/ubuntuuser/ros2_ws/build/turtlebot3_simulations -- -j4 -l4
[2.315s] DEBUG:colcon.colcon_core.event_handler.log_command:Invoked command in '/home/ubuntuuser/ros2_ws/build/turtlebot3_simulations' returned '0': CMAKE_PREFIX_PATH=/home/ubuntuuser/ros2_ws/install/turtlebot3_gazebo:/home/ubuntuuser/ros2_ws/install/turtlebot3_fake_node:/home/ubuntuuser/ros2_ws/install/turtlebot3_simulations:/home/ubuntuuser/ros2_ws/install/crazyflie_sim:/home/ubuntuuser/ros2_ws/install/crazyflie_examples:/home/ubuntuuser/ros2_ws/install/crazyflie:/home/ubuntuuser/ros2_ws/install/crazyflie_interfaces:/opt/ros/jazzy/opt/gz_sim_vendor:/opt/ros/jazzy/opt/gz_sensors_vendor:/opt/ros/jazzy/opt/gz_physics_vendor:/opt/ros/jazzy/opt/sdformat_vendor:/opt/ros/jazzy/opt/gz_gui_vendor:/opt/ros/jazzy/opt/gz_transport_vendor:/opt/ros/jazzy/opt/gz_rendering_vendor:/opt/ros/jazzy/opt/gz_plugin_vendor:/opt/ros/jazzy/opt/gz_fuel_tools_vendor:/opt/ros/jazzy/opt/gz_msgs_vendor:/opt/ros/jazzy/opt/gz_common_vendor:/opt/ros/jazzy/opt/gz_math_vendor:/opt/ros/jazzy/opt/gz_utils_vendor:/opt/ros/jazzy/opt/gz_tools_vendor:/opt/ros/jazzy/opt/gz_ogre_next_vendor:/opt/ros/jazzy/opt/gz_dartsim_vendor:/opt/ros/jazzy/opt/gz_cmake_vendor:/home/ubuntuuser/ros2_ws/install/turtlebot3_trailer:/home/ubuntuuser/ros2_ws/install/r7021e_exploration:/home/ubuntuuser/ros2_ws/install/crazyflie_py:/opt/ros/jazzy DEBUGINFOD_URLS=https://debuginfod.ubuntu.com PS1=(.venv) \[\e]0;\u@\h: \w\a\]${debian_chroot:+($debian_chroot)}\[\033[01;32m\]\u@\h\[\033[00m\]:\[\033[01;34m\]\w\[\033[00m\]\$ VIRTUAL_ENV_PROMPT=(.venv) /usr/bin/cmake --build /home/ubuntuuser/ros2_ws/build/turtlebot3_simulations -- -j4 -l4
[2.323s] DEBUG:colcon.colcon_core.event_handler.log_command:Invoking command in '/home/ubuntuuser/ros2_ws/build/turtlebot3_simulations': CMAKE_PREFIX_PATH=/home/ubuntuuser/ros2_ws/install/turtlebot3_gazebo:/home/ubuntuuser/ros2_ws/install/turtlebot3_fake_node:/home/ubuntuuser/ros2_ws/install/turtlebot3_simulations:/home/ubuntuuser/ros2_ws/install/crazyflie_sim:/home/ubuntuuser/ros2_ws/install/crazyflie_examples:/home/ubuntuuser/ros2_ws/install/crazyflie:/home/ubuntuuser/ros2_ws/install/crazyflie_interfaces:/opt/ros/jazzy/opt/gz_sim_vendor:/opt/ros/jazzy/opt/gz_sensors_vendor:/opt/ros/jazzy/opt/gz_physics_vendor:/opt/ros/jazzy/opt/sdformat_vendor:/opt/ros/jazzy/opt/gz_gui_vendor:/opt/ros/jazzy/opt/gz_transport_vendor:/opt/ros/jazzy/opt/gz_rendering_vendor:/opt/ros/jazzy/opt/gz_plugin_vendor:/opt/ros/jazzy/opt/gz_fuel_tools_vendor:/opt/ros/jazzy/opt/gz_msgs_vendor:/opt/ros/jazzy/opt/gz_common_vendor:/opt/ros/jazzy/opt/gz_math_vendor:/opt/ros/jazzy/opt/gz_utils_vendor:/opt/ros/jazzy/opt/gz_tools_vendor:/opt/ros/jazzy/opt/gz_ogre_next_vendor:/opt/ros/jazzy/opt/gz_dartsim_vendor:/opt/ros/jazzy/opt/gz_cmake_vendor:/home/ubuntuuser/ros2_ws/install/turtlebot3_trailer:/home/ubuntuuser/ros2_ws/install/r7021e_exploration:/home/ubuntuuser/ros2_ws/install/crazyflie_py:/opt/ros/jazzy DEBUGINFOD_URLS=https://debuginfod.ubuntu.com PS1=(.venv) \[\e]0;\u@\h: \w\a\]${debian_chroot:+($debian_chroot)}\[\033[01;32m\]\u@\h\[\033[00m\]:\[\033[01;34m\]\w\[\033[00m\]\$ VIRTUAL_ENV_PROMPT=(.venv) /usr/bin/cmake --install /home/ubuntuuser/ros2_ws/build/turtlebot3_simulations
[2.364s] Level 1:colcon.colcon_core.environment:create_environment_scripts_only(turtlebot3_simulations)
[2.364s] Level 1:colcon.colcon_core.environment:checking '/home/ubuntuuser/ros2_ws/install/turtlebot3_simulations' for CMake module files
[2.368s] DEBUG:colcon.colcon_core.event_handler.log_command:Invoked command in '/home/ubuntuuser/ros2_ws/build/turtlebot3_simulations' returned '0': CMAKE_PREFIX_PATH=/home/ubuntuuser/ros2_ws/install/turtlebot3_gazebo:/home/ubuntuuser/ros2_ws/install/turtlebot3_fake_node:/home/ubuntuuser/ros2_ws/install/turtlebot3_simulations:/home/ubuntuuser/ros2_ws/install/crazyflie_sim:/home/ubuntuuser/ros2_ws/install/crazyflie_examples:/home/ubuntuuser/ros2_ws/install/crazyflie:/home/ubuntuuser/ros2_ws/install/crazyflie_interfaces:/opt/ros/jazzy/opt/gz_sim_vendor:/opt/ros/jazzy/opt/gz_sensors_vendor:/opt/ros/jazzy/opt/gz_physics_vendor:/opt/ros/jazzy/opt/sdformat_vendor:/opt/ros/jazzy/opt/gz_gui_vendor:/opt/ros/jazzy/opt/gz_transport_vendor:/opt/ros/jazzy/opt/gz_rendering_vendor:/opt/ros/jazzy/opt/gz_plugin_vendor:/opt/ros/jazzy/opt/gz_fuel_tools_vendor:/opt/ros/jazzy/opt/gz_msgs_vendor:/opt/ros/jazzy/opt/gz_common_vendor:/opt/ros/jazzy/opt/gz_math_vendor:/opt/ros/jazzy/opt/gz_utils_vendor:/opt/ros/jazzy/opt/gz_tools_vendor:/opt/ros/jazzy/opt/gz_ogre_next_vendor:/opt/ros/jazzy/opt/gz_dartsim_vendor:/opt/ros/jazzy/opt/gz_cmake_vendor:/home/ubuntuuser/ros2_ws/install/turtlebot3_trailer:/home/ubuntuuser/ros2_ws/install/r7021e_exploration:/home/ubuntuuser/ros2_ws/install/crazyflie_py:/opt/ros/jazzy DEBUGINFOD_URLS=https://debuginfod.ubuntu.com PS1=(.venv) \[\e]0;\u@\h: \w\a\]${debian_chroot:+($debian_chroot)}\[\033[01;32m\]\u@\h\[\033[00m\]:\[\033[01;34m\]\w\[\033[00m\]\$ VIRTUAL_ENV_PROMPT=(.venv) /usr/bin/cmake --install /home/ubuntuuser/ros2_ws/build/turtlebot3_simulations
[2.372s] Level 1:colcon.colcon_core.environment:checking '/home/ubuntuuser/ros2_ws/install/turtlebot3_simulations' for CMake config files
[2.375s] Level 1:colcon.colcon_core.shell:create_environment_hook('turtlebot3_simulations', 'cmake_prefix_path')
[2.375s] INFO:colcon.colcon_core.shell:Creating environment hook '/home/ubuntuuser/ros2_ws/install/turtlebot3_simulations/share/turtlebot3_simulations/hook/cmake_prefix_path.ps1'
[2.378s] INFO:colcon.colcon_core.shell:Creating environment descriptor '/home/ubuntuuser/ros2_ws/install/turtlebot3_simulations/share/turtlebot3_simulations/hook/cmake_prefix_path.dsv'
[2.380s] INFO:colcon.colcon_core.shell:Creating environment hook '/home/ubuntuuser/ros2_ws/install/turtlebot3_simulations/share/turtlebot3_simulations/hook/cmake_prefix_path.sh'
[2.382s] Level 1:colcon.colcon_core.environment:checking '/home/ubuntuuser/ros2_ws/install/turtlebot3_simulations/bin'
[2.382s] Level 1:colcon.colcon_core.environment:checking '/home/ubuntuuser/ros2_ws/install/turtlebot3_simulations/lib/pkgconfig/turtlebot3_simulations.pc'
[2.383s] Level 1:colcon.colcon_core.environment:checking '/home/ubuntuuser/ros2_ws/install/turtlebot3_simulations/lib/python3.12/site-packages'
[2.384s] Level 1:colcon.colcon_core.environment:checking '/home/ubuntuuser/ros2_ws/install/turtlebot3_simulations/bin'
[2.385s] INFO:colcon.colcon_core.shell:Creating package script '/home/ubuntuuser/ros2_ws/install/turtlebot3_simulations/share/turtlebot3_simulations/package.ps1'
[2.387s] INFO:colcon.colcon_core.shell:Creating package descriptor '/home/ubuntuuser/ros2_ws/install/turtlebot3_simulations/share/turtlebot3_simulations/package.dsv'
[2.389s] INFO:colcon.colcon_core.shell:Creating package script '/home/ubuntuuser/ros2_ws/install/turtlebot3_simulations/share/turtlebot3_simulations/package.sh'
[2.391s] INFO:colcon.colcon_core.shell:Creating package script '/home/ubuntuuser/ros2_ws/install/turtlebot3_simulations/share/turtlebot3_simulations/package.bash'
[2.392s] INFO:colcon.colcon_core.shell:Creating package script '/home/ubuntuuser/ros2_ws/install/turtlebot3_simulations/share/turtlebot3_simulations/package.zsh'
[2.393s] Level 1:colcon.colcon_core.environment:create_file_with_runtime_dependencies(/home/ubuntuuser/ros2_ws/install/turtlebot3_simulations/share/colcon-core/packages/turtlebot3_simulations)
[2.396s] Level 1:colcon.colcon_core.environment:create_environment_scripts_only(turtlebot3_simulations)
[2.396s] Level 1:colcon.colcon_core.environment:checking '/home/ubuntuuser/ros2_ws/install/turtlebot3_simulations' for CMake module files
[2.397s] Level 1:colcon.colcon_core.environment:checking '/home/ubuntuuser/ros2_ws/install/turtlebot3_simulations' for CMake config files
[2.397s] Level 1:colcon.colcon_core.shell:create_environment_hook('turtlebot3_simulations', 'cmake_prefix_path')
[2.397s] INFO:colcon.colcon_core.shell:Creating environment hook '/home/ubuntuuser/ros2_ws/install/turtlebot3_simulations/share/turtlebot3_simulations/hook/cmake_prefix_path.ps1'
[2.398s] INFO:colcon.colcon_core.shell:Creating environment descriptor '/home/ubuntuuser/ros2_ws/install/turtlebot3_simulations/share/turtlebot3_simulations/hook/cmake_prefix_path.dsv'
[2.406s] INFO:colcon.colcon_core.shell:Creating environment hook '/home/ubuntuuser/ros2_ws/install/turtlebot3_simulations/share/turtlebot3_simulations/hook/cmake_prefix_path.sh'
[2.414s] Level 1:colcon.colcon_core.environment:checking '/home/ubuntuuser/ros2_ws/install/turtlebot3_simulations/bin'
[2.415s] Level 1:colcon.colcon_core.environment:checking '/home/ubuntuuser/ros2_ws/install/turtlebot3_simulations/lib/pkgconfig/turtlebot3_simulations.pc'
[2.415s] Level 1:colcon.colcon_core.environment:checking '/home/ubuntuuser/ros2_ws/install/turtlebot3_simulations/lib/python3.12/site-packages'
[2.415s] Level 1:colcon.colcon_core.environment:checking '/home/ubuntuuser/ros2_ws/install/turtlebot3_simulations/bin'
[2.416s] INFO:colcon.colcon_core.shell:Creating package script '/home/ubuntuuser/ros2_ws/install/turtlebot3_simulations/share/turtlebot3_simulations/package.ps1'
[2.419s] INFO:colcon.colcon_core.shell:Creating package descriptor '/home/ubuntuuser/ros2_ws/install/turtlebot3_simulations/share/turtlebot3_simulations/package.dsv'
[2.424s] INFO:colcon.colcon_core.shell:Creating package script '/home/ubuntuuser/ros2_ws/install/turtlebot3_simulations/share/turtlebot3_simulations/package.sh'
[2.434s] INFO:colcon.colcon_core.shell:Creating package script '/home/ubuntuuser/ros2_ws/install/turtlebot3_simulations/share/turtlebot3_simulations/package.bash'
[2.439s] INFO:colcon.colcon_core.shell:Creating package script '/home/ubuntuuser/ros2_ws/install/turtlebot3_simulations/share/turtlebot3_simulations/package.zsh'
[2.446s] Level 1:colcon.colcon_core.environment:create_file_with_runtime_dependencies(/home/ubuntuuser/ros2_ws/install/turtlebot3_simulations/share/colcon-core/packages/turtlebot3_simulations)
[2.878s] DEBUG:colcon.colcon_core.event_handler.log_command:Invoking command in '/home/ubuntuuser/ros2_ws/src/r7021e_exploration': DEBUGINFOD_URLS=https://debuginfod.ubuntu.com PS1=(.venv) \[\e]0;\u@\h: \w\a\]${debian_chroot:+($debian_chroot)}\[\033[01;32m\]\u@\h\[\033[00m\]:\[\033[01;34m\]\w\[\033[00m\]\$ PYTHONPATH=/home/ubuntuuser/ros2_ws/build/r7021e_exploration/prefix_override:/home/ubuntuuser/ros2_ws/.venv/lib/python3.12/site-packages/colcon_core/task/python/colcon_distutils_commands:/home/ubuntuuser/ros2_ws/install/r7021e_exploration/lib/python3.12/site-packages:${PYTHONPATH} VIRTUAL_ENV_PROMPT=(.venv) /home/ubuntuuser/ros2_ws/.venv/bin/python3 -W ignore:setup.py install is deprecated -W ignore:easy_install command is deprecated setup.py egg_info --egg-base ../../build/r7021e_exploration build --build-base /home/ubuntuuser/ros2_ws/build/r7021e_exploration/build install --record /home/ubuntuuser/ros2_ws/build/r7021e_exploration/install.log --single-version-externally-managed install_data
[3.625s] DEBUG:colcon.colcon_core.event_handler.log_command:Invoked command in '/home/ubuntuuser/ros2_ws/build/crazyflie_interfaces' returned '0': CMAKE_PREFIX_PATH=${CMAKE_PREFIX_PATH}:/home/ubuntuuser/ros2_ws/install/turtlebot3_trailer:/home/ubuntuuser/ros2_ws/install/r7021e_exploration:/home/ubuntuuser/ros2_ws/install/crazyflie_py:/opt/ros/jazzy DEBUGINFOD_URLS=https://debuginfod.ubuntu.com PS1=(.venv) \[\e]0;\u@\h: \w\a\]${debian_chroot:+($debian_chroot)}\[\033[01;32m\]\u@\h\[\033[00m\]:\[\033[01;34m\]\w\[\033[00m\]\$ VIRTUAL_ENV_PROMPT=(.venv) /usr/bin/cmake --build /home/ubuntuuser/ros2_ws/build/crazyflie_interfaces -- -j4 -l4
[3.627s] DEBUG:colcon.colcon_core.event_handler.log_command:Invoking command in '/home/ubuntuuser/ros2_ws/build/crazyflie_interfaces': CMAKE_PREFIX_PATH=${CMAKE_PREFIX_PATH}:/home/ubuntuuser/ros2_ws/install/turtlebot3_trailer:/home/ubuntuuser/ros2_ws/install/r7021e_exploration:/home/ubuntuuser/ros2_ws/install/crazyflie_py:/opt/ros/jazzy DEBUGINFOD_URLS=https://debuginfod.ubuntu.com PS1=(.venv) \[\e]0;\u@\h: \w\a\]${debian_chroot:+($debian_chroot)}\[\033[01;32m\]\u@\h\[\033[00m\]:\[\033[01;34m\]\w\[\033[00m\]\$ VIRTUAL_ENV_PROMPT=(.venv) /usr/bin/cmake --install /home/ubuntuuser/ros2_ws/build/crazyflie_interfaces
[3.960s] Level 1:colcon.colcon_core.environment:create_environment_scripts_only(crazyflie_interfaces)
[3.960s] Level 1:colcon.colcon_core.environment:checking '/home/ubuntuuser/ros2_ws/install/crazyflie_interfaces' for CMake module files
[3.962s] DEBUG:colcon.colcon_core.event_handler.log_command:Invoking command in '/home/ubuntuuser/ros2_ws/src/turtlebot3_trailer': DEBUGINFOD_URLS=https://debuginfod.ubuntu.com PS1=(.venv) \[\e]0;\u@\h: \w\a\]${debian_chroot:+($debian_chroot)}\[\033[01;32m\]\u@\h\[\033[00m\]:\[\033[01;34m\]\w\[\033[00m\]\$ PYTHONPATH=/home/ubuntuuser/ros2_ws/build/turtlebot3_trailer/prefix_override:/home/ubuntuuser/ros2_ws/.venv/lib/python3.12/site-packages/colcon_core/task/python/colcon_distutils_commands:/home/ubuntuuser/ros2_ws/install/turtlebot3_trailer/lib/python3.12/site-packages:${PYTHONPATH} VIRTUAL_ENV_PROMPT=(.venv) /home/ubuntuuser/ros2_ws/.venv/bin/python3 -W ignore:setup.py install is deprecated -W ignore:easy_install command is deprecated setup.py egg_info --egg-base ../../build/turtlebot3_trailer build --build-base /home/ubuntuuser/ros2_ws/build/turtlebot3_trailer/build install --record /home/ubuntuuser/ros2_ws/build/turtlebot3_trailer/install.log --single-version-externally-managed install_data
[3.963s] Level 1:colcon.colcon_core.environment:checking '/home/ubuntuuser/ros2_ws/install/crazyflie_interfaces' for CMake config files
[3.964s] Level 1:colcon.colcon_core.shell:create_environment_hook('crazyflie_interfaces', 'cmake_prefix_path')
[3.968s] INFO:colcon.colcon_core.shell:Creating environment hook '/home/ubuntuuser/ros2_ws/install/crazyflie_interfaces/share/crazyflie_interfaces/hook/cmake_prefix_path.ps1'
[3.973s] INFO:colcon.colcon_core.shell:Creating environment descriptor '/home/ubuntuuser/ros2_ws/install/crazyflie_interfaces/share/crazyflie_interfaces/hook/cmake_prefix_path.dsv'
[3.991s] INFO:colcon.colcon_core.shell:Creating environment hook '/home/ubuntuuser/ros2_ws/install/crazyflie_interfaces/share/crazyflie_interfaces/hook/cmake_prefix_path.sh'
[3.992s] Level 1:colcon.colcon_core.environment:checking '/home/ubuntuuser/ros2_ws/install/crazyflie_interfaces/lib'
[3.992s] Level 1:colcon.colcon_core.shell:create_environment_hook('crazyflie_interfaces', 'ld_library_path_lib')
[3.992s] INFO:colcon.colcon_core.shell:Creating environment hook '/home/ubuntuuser/ros2_ws/install/crazyflie_interfaces/share/crazyflie_interfaces/hook/ld_library_path_lib.ps1'
[3.997s] INFO:colcon.colcon_core.shell:Creating environment descriptor '/home/ubuntuuser/ros2_ws/install/crazyflie_interfaces/share/crazyflie_interfaces/hook/ld_library_path_lib.dsv'
[4.004s] DEBUG:colcon.colcon_core.event_handler.log_command:Invoked command in '/home/ubuntuuser/ros2_ws/build/crazyflie_interfaces' returned '0': CMAKE_PREFIX_PATH=${CMAKE_PREFIX_PATH}:/home/ubuntuuser/ros2_ws/install/turtlebot3_trailer:/home/ubuntuuser/ros2_ws/install/r7021e_exploration:/home/ubuntuuser/ros2_ws/install/crazyflie_py:/opt/ros/jazzy DEBUGINFOD_URLS=https://debuginfod.ubuntu.com PS1=(.venv) \[\e]0;\u@\h: \w\a\]${debian_chroot:+($debian_chroot)}\[\033[01;32m\]\u@\h\[\033[00m\]:\[\033[01;34m\]\w\[\033[00m\]\$ VIRTUAL_ENV_PROMPT=(.venv) /usr/bin/cmake --install /home/ubuntuuser/ros2_ws/build/crazyflie_interfaces
[4.007s] INFO:colcon.colcon_core.shell:Creating environment hook '/home/ubuntuuser/ros2_ws/install/crazyflie_interfaces/share/crazyflie_interfaces/hook/ld_library_path_lib.sh'
[4.008s] Level 1:colcon.colcon_core.environment:checking '/home/ubuntuuser/ros2_ws/install/crazyflie_interfaces/bin'
[4.008s] Level 1:colcon.colcon_core.environment:checking '/home/ubuntuuser/ros2_ws/install/crazyflie_interfaces/lib/pkgconfig/crazyflie_interfaces.pc'
[4.008s] Level 1:colcon.colcon_core.environment:checking '/home/ubuntuuser/ros2_ws/install/crazyflie_interfaces/lib/python3.12/site-packages'
[4.008s] Level 1:colcon.colcon_core.shell:create_environment_hook('crazyflie_interfaces', 'pythonpath')
[4.008s] INFO:colcon.colcon_core.shell:Creating environment hook '/home/ubuntuuser/ros2_ws/install/crazyflie_interfaces/share/crazyflie_interfaces/hook/pythonpath.ps1'
[4.009s] INFO:colcon.colcon_core.shell:Creating environment descriptor '/home/ubuntuuser/ros2_ws/install/crazyflie_interfaces/share/crazyflie_interfaces/hook/pythonpath.dsv'
[4.015s] INFO:colcon.colcon_core.shell:Creating environment hook '/home/ubuntuuser/ros2_ws/install/crazyflie_interfaces/share/crazyflie_interfaces/hook/pythonpath.sh'
[4.017s] Level 1:colcon.colcon_core.environment:checking '/home/ubuntuuser/ros2_ws/install/crazyflie_interfaces/bin'
[4.018s] INFO:colcon.colcon_core.shell:Creating package script '/home/ubuntuuser/ros2_ws/install/crazyflie_interfaces/share/crazyflie_interfaces/package.ps1'
[4.024s] INFO:colcon.colcon_core.shell:Creating package descriptor '/home/ubuntuuser/ros2_ws/install/crazyflie_interfaces/share/crazyflie_interfaces/package.dsv'
[4.025s] INFO:colcon.colcon_core.shell:Creating package script '/home/ubuntuuser/ros2_ws/install/crazyflie_interfaces/share/crazyflie_interfaces/package.sh'
[4.029s] INFO:colcon.colcon_core.shell:Creating package script '/home/ubuntuuser/ros2_ws/install/crazyflie_interfaces/share/crazyflie_interfaces/package.bash'
[4.030s] INFO:colcon.colcon_core.shell:Creating package script '/home/ubuntuuser/ros2_ws/install/crazyflie_interfaces/share/crazyflie_interfaces/package.zsh'
[4.037s] Level 1:colcon.colcon_core.environment:create_file_with_runtime_dependencies(/home/ubuntuuser/ros2_ws/install/crazyflie_interfaces/share/colcon-core/packages/crazyflie_interfaces)
[4.038s] Level 1:colcon.colcon_core.environment:create_environment_scripts_only(crazyflie_interfaces)
[4.039s] Level 1:colcon.colcon_core.environment:checking '/home/ubuntuuser/ros2_ws/install/crazyflie_interfaces' for CMake module files
[4.044s] Level 1:colcon.colcon_core.environment:checking '/home/ubuntuuser/ros2_ws/install/crazyflie_interfaces' for CMake config files
[4.044s] Level 1:colcon.colcon_core.shell:create_environment_hook('crazyflie_interfaces', 'cmake_prefix_path')
[4.047s] INFO:colcon.colcon_core.shell:Creating environment hook '/home/ubuntuuser/ros2_ws/install/crazyflie_interfaces/share/crazyflie_interfaces/hook/cmake_prefix_path.ps1'
[4.048s] INFO:colcon.colcon_core.shell:Creating environment descriptor '/home/ubuntuuser/ros2_ws/install/crazyflie_interfaces/share/crazyflie_interfaces/hook/cmake_prefix_path.dsv'
[4.049s] INFO:colcon.colcon_core.shell:Creating environment hook '/home/ubuntuuser/ros2_ws/install/crazyflie_interfaces/share/crazyflie_interfaces/hook/cmake_prefix_path.sh'
[4.054s] Level 1:colcon.colcon_core.environment:checking '/home/ubuntuuser/ros2_ws/install/crazyflie_interfaces/lib'
[4.054s] Level 1:colcon.colcon_core.shell:create_environment_hook('crazyflie_interfaces', 'ld_library_path_lib')
[4.055s] INFO:colcon.colcon_core.shell:Creating environment hook '/home/ubuntuuser/ros2_ws/install/crazyflie_interfaces/share/crazyflie_interfaces/hook/ld_library_path_lib.ps1'
[4.059s] INFO:colcon.colcon_core.shell:Creating environment descriptor '/home/ubuntuuser/ros2_ws/install/crazyflie_interfaces/share/crazyflie_interfaces/hook/ld_library_path_lib.dsv'
[4.060s] INFO:colcon.colcon_core.shell:Creating environment hook '/home/ubuntuuser/ros2_ws/install/crazyflie_interfaces/share/crazyflie_interfaces/hook/ld_library_path_lib.sh'
[4.064s] Level 1:colcon.colcon_core.environment:checking '/home/ubuntuuser/ros2_ws/install/crazyflie_interfaces/bin'
[4.064s] Level 1:colcon.colcon_core.environment:checking '/home/ubuntuuser/ros2_ws/install/crazyflie_interfaces/lib/pkgconfig/crazyflie_interfaces.pc'
[4.065s] Level 1:colcon.colcon_core.environment:checking '/home/ubuntuuser/ros2_ws/install/crazyflie_interfaces/lib/python3.12/site-packages'
[4.065s] Level 1:colcon.colcon_core.shell:create_environment_hook('crazyflie_interfaces', 'pythonpath')
[4.065s] INFO:colcon.colcon_core.shell:Creating environment hook '/home/ubuntuuser/ros2_ws/install/crazyflie_interfaces/share/crazyflie_interfaces/hook/pythonpath.ps1'
[4.066s] INFO:colcon.colcon_core.shell:Creating environment descriptor '/home/ubuntuuser/ros2_ws/install/crazyflie_interfaces/share/crazyflie_interfaces/hook/pythonpath.dsv'
[4.070s] INFO:colcon.colcon_core.shell:Creating environment hook '/home/ubuntuuser/ros2_ws/install/crazyflie_interfaces/share/crazyflie_interfaces/hook/pythonpath.sh'
[4.077s] Level 1:colcon.colcon_core.environment:checking '/home/ubuntuuser/ros2_ws/install/crazyflie_interfaces/bin'
[4.078s] INFO:colcon.colcon_core.shell:Creating package script '/home/ubuntuuser/ros2_ws/install/crazyflie_interfaces/share/crazyflie_interfaces/package.ps1'
[4.080s] INFO:colcon.colcon_core.shell:Creating package descriptor '/home/ubuntuuser/ros2_ws/install/crazyflie_interfaces/share/crazyflie_interfaces/package.dsv'
[4.083s] INFO:colcon.colcon_core.shell:Creating package script '/home/ubuntuuser/ros2_ws/install/crazyflie_interfaces/share/crazyflie_interfaces/package.sh'
[4.086s] INFO:colcon.colcon_core.shell:Creating package script '/home/ubuntuuser/ros2_ws/install/crazyflie_interfaces/share/crazyflie_interfaces/package.bash'
[4.087s] INFO:colcon.colcon_core.shell:Creating package script '/home/ubuntuuser/ros2_ws/install/crazyflie_interfaces/share/crazyflie_interfaces/package.zsh'
[4.088s] Level 1:colcon.colcon_core.environment:create_file_with_runtime_dependencies(/home/ubuntuuser/ros2_ws/install/crazyflie_interfaces/share/colcon-core/packages/crazyflie_interfaces)
[4.091s] INFO:colcon.colcon_ros.task.ament_python.build:Building ROS package in '/home/ubuntuuser/ros2_ws/src/crazyswarm2/crazyflie_py' with build type 'ament_python'
[4.092s] Level 1:colcon.colcon_core.shell:create_environment_hook('crazyflie_py', 'ament_prefix_path')
[4.092s] INFO:colcon.colcon_core.shell:Creating environment hook '/home/ubuntuuser/ros2_ws/install/crazyflie_py/share/crazyflie_py/hook/ament_prefix_path.ps1'
[4.093s] INFO:colcon.colcon_core.shell:Creating environment descriptor '/home/ubuntuuser/ros2_ws/install/crazyflie_py/share/crazyflie_py/hook/ament_prefix_path.dsv'
[4.093s] INFO:colcon.colcon_core.shell:Creating environment hook '/home/ubuntuuser/ros2_ws/install/crazyflie_py/share/crazyflie_py/hook/ament_prefix_path.sh'
[4.098s] INFO:colcon.colcon_core.shell:Skip shell extension 'powershell' for command environment: Not usable outside of PowerShell
[4.098s] DEBUG:colcon.colcon_core.shell:Skip shell extension 'dsv' for command environment
[4.113s] INFO:colcon.colcon_ros.task.ament_cmake.build:Building ROS package in '/home/ubuntuuser/ros2_ws/src/crazyswarm2/crazyflie' with build type 'ament_cmake'
[4.113s] INFO:colcon.colcon_cmake.task.cmake.build:Building CMake package in '/home/ubuntuuser/ros2_ws/src/crazyswarm2/crazyflie'
[4.113s] INFO:colcon.colcon_core.shell:Skip shell extension 'powershell' for command environment: Not usable outside of PowerShell
[4.113s] DEBUG:colcon.colcon_core.shell:Skip shell extension 'dsv' for command environment
[4.866s] INFO:colcon.colcon_core.task.python.build:Building Python package in '/home/ubuntuuser/ros2_ws/src/crazyswarm2/crazyflie_py'
[4.866s] INFO:colcon.colcon_core.shell:Skip shell extension 'powershell' for command environment: Not usable outside of PowerShell
[4.866s] DEBUG:colcon.colcon_core.shell:Skip shell extension 'dsv' for command environment
[4.882s] DEBUG:colcon.colcon_core.event_handler.log_command:Invoking command in '/home/ubuntuuser/ros2_ws/build/crazyflie': CMAKE_PREFIX_PATH=/home/ubuntuuser/ros2_ws/install/crazyflie_interfaces:/home/ubuntuuser/ros2_ws/install/turtlebot3_simulations:/home/ubuntuuser/ros2_ws/install/turtlebot3_gazebo:/home/ubuntuuser/ros2_ws/install/turtlebot3_fake_node:/home/ubuntuuser/ros2_ws/install/crazyflie_sim:/home/ubuntuuser/ros2_ws/install/crazyflie_examples:/home/ubuntuuser/ros2_ws/install/crazyflie:/opt/ros/jazzy/opt/gz_sim_vendor:/opt/ros/jazzy/opt/gz_sensors_vendor:/opt/ros/jazzy/opt/gz_physics_vendor:/opt/ros/jazzy/opt/sdformat_vendor:/opt/ros/jazzy/opt/gz_gui_vendor:/opt/ros/jazzy/opt/gz_transport_vendor:/opt/ros/jazzy/opt/gz_rendering_vendor:/opt/ros/jazzy/opt/gz_plugin_vendor:/opt/ros/jazzy/opt/gz_fuel_tools_vendor:/opt/ros/jazzy/opt/gz_msgs_vendor:/opt/ros/jazzy/opt/gz_common_vendor:/opt/ros/jazzy/opt/gz_math_vendor:/opt/ros/jazzy/opt/gz_utils_vendor:/opt/ros/jazzy/opt/gz_tools_vendor:/opt/ros/jazzy/opt/gz_ogre_next_vendor:/opt/ros/jazzy/opt/gz_dartsim_vendor:/opt/ros/jazzy/opt/gz_cmake_vendor:/home/ubuntuuser/ros2_ws/install/turtlebot3_trailer:/home/ubuntuuser/ros2_ws/install/r7021e_exploration:/home/ubuntuuser/ros2_ws/install/crazyflie_py:/opt/ros/jazzy DEBUGINFOD_URLS=https://debuginfod.ubuntu.com PS1=(.venv) \[\e]0;\u@\h: \w\a\]${debian_chroot:+($debian_chroot)}\[\033[01;32m\]\u@\h\[\033[00m\]:\[\033[01;34m\]\w\[\033[00m\]\$ PYTHONPATH=/home/ubuntuuser/ros2_ws/install/crazyflie_interfaces/lib/python3.12/site-packages:/home/ubuntuuser/ros2_ws/install/turtlebot3_trailer/lib/python3.12/site-packages:/home/ubuntuuser/ros2_ws/install/r7021e_exploration/lib/python3.12/site-packages:/home/ubuntuuser/ros2_ws/install/crazyflie_sim/lib/python3.12/site-packages:/home/ubuntuuser/ros2_ws/install/crazyflie_examples/lib/python3.12/site-packages:/home/ubuntuuser/ros2_ws/install/crazyflie_py/lib/python3.12/site-packages:/opt/ros/jazzy/lib/python3.12/site-packages VIRTUAL_ENV_PROMPT=(.venv) /usr/bin/cmake --build /home/ubuntuuser/ros2_ws/build/crazyflie -- -j4 -l4
[4.890s] Level 1:colcon.colcon_core.environment:checking '/home/ubuntuuser/ros2_ws/install/r7021e_exploration' for CMake module files
[4.892s] DEBUG:colcon.colcon_core.event_handler.log_command:Invoked command in '/home/ubuntuuser/ros2_ws/src/r7021e_exploration' returned '0': DEBUGINFOD_URLS=https://debuginfod.ubuntu.com PS1=(.venv) \[\e]0;\u@\h: \w\a\]${debian_chroot:+($debian_chroot)}\[\033[01;32m\]\u@\h\[\033[00m\]:\[\033[01;34m\]\w\[\033[00m\]\$ PYTHONPATH=/home/ubuntuuser/ros2_ws/build/r7021e_exploration/prefix_override:/home/ubuntuuser/ros2_ws/.venv/lib/python3.12/site-packages/colcon_core/task/python/colcon_distutils_commands:/home/ubuntuuser/ros2_ws/install/r7021e_exploration/lib/python3.12/site-packages:${PYTHONPATH} VIRTUAL_ENV_PROMPT=(.venv) /home/ubuntuuser/ros2_ws/.venv/bin/python3 -W ignore:setup.py install is deprecated -W ignore:easy_install command is deprecated setup.py egg_info --egg-base ../../build/r7021e_exploration build --build-base /home/ubuntuuser/ros2_ws/build/r7021e_exploration/build install --record /home/ubuntuuser/ros2_ws/build/r7021e_exploration/install.log --single-version-externally-managed install_data
[4.896s] Level 1:colcon.colcon_core.environment:checking '/home/ubuntuuser/ros2_ws/install/r7021e_exploration' for CMake config files
[4.898s] Level 1:colcon.colcon_core.environment:checking '/home/ubuntuuser/ros2_ws/install/r7021e_exploration/lib'
[4.899s] Level 1:colcon.colcon_core.environment:checking '/home/ubuntuuser/ros2_ws/install/r7021e_exploration/bin'
[4.899s] Level 1:colcon.colcon_core.environment:checking '/home/ubuntuuser/ros2_ws/install/r7021e_exploration/lib/pkgconfig/r7021e_exploration.pc'
[4.899s] Level 1:colcon.colcon_core.environment:checking '/home/ubuntuuser/ros2_ws/install/r7021e_exploration/lib/python3.12/site-packages'
[4.900s] Level 1:colcon.colcon_core.shell:create_environment_hook('r7021e_exploration', 'pythonpath')
[4.900s] INFO:colcon.colcon_core.shell:Creating environment hook '/home/ubuntuuser/ros2_ws/install/r7021e_exploration/share/r7021e_exploration/hook/pythonpath.ps1'
[4.904s] INFO:colcon.colcon_core.shell:Creating environment descriptor '/home/ubuntuuser/ros2_ws/install/r7021e_exploration/share/r7021e_exploration/hook/pythonpath.dsv'
[4.905s] INFO:colcon.colcon_core.shell:Creating environment hook '/home/ubuntuuser/ros2_ws/install/r7021e_exploration/share/r7021e_exploration/hook/pythonpath.sh'
[4.906s] Level 1:colcon.colcon_core.environment:checking '/home/ubuntuuser/ros2_ws/install/r7021e_exploration/bin'
[4.906s] Level 1:colcon.colcon_core.environment:create_environment_scripts_only(r7021e_exploration)
[4.907s] INFO:colcon.colcon_core.shell:Creating package script '/home/ubuntuuser/ros2_ws/install/r7021e_exploration/share/r7021e_exploration/package.ps1'
[4.909s] INFO:colcon.colcon_core.shell:Creating package descriptor '/home/ubuntuuser/ros2_ws/install/r7021e_exploration/share/r7021e_exploration/package.dsv'
[4.912s] INFO:colcon.colcon_core.shell:Creating package script '/home/ubuntuuser/ros2_ws/install/r7021e_exploration/share/r7021e_exploration/package.sh'
[4.914s] INFO:colcon.colcon_core.shell:Creating package script '/home/ubuntuuser/ros2_ws/install/r7021e_exploration/share/r7021e_exploration/package.bash'
[4.917s] INFO:colcon.colcon_core.shell:Creating package script '/home/ubuntuuser/ros2_ws/install/r7021e_exploration/share/r7021e_exploration/package.zsh'
[4.919s] Level 1:colcon.colcon_core.environment:create_file_with_runtime_dependencies(/home/ubuntuuser/ros2_ws/install/r7021e_exploration/share/colcon-core/packages/r7021e_exploration)
[4.921s] INFO:colcon.colcon_ros.task.ament_cmake.build:Building ROS package in '/home/ubuntuuser/ros2_ws/src/crazyswarm2/crazyflie_sim' with build type 'ament_cmake'
[4.922s] INFO:colcon.colcon_cmake.task.cmake.build:Building CMake package in '/home/ubuntuuser/ros2_ws/src/crazyswarm2/crazyflie_sim'
[4.923s] INFO:colcon.colcon_core.shell:Skip shell extension 'powershell' for command environment: Not usable outside of PowerShell
[4.924s] DEBUG:colcon.colcon_core.shell:Skip shell extension 'dsv' for command environment
[4.986s] DEBUG:colcon.colcon_core.event_handler.log_command:Invoking command in '/home/ubuntuuser/ros2_ws/build/crazyflie_sim': CMAKE_PREFIX_PATH=/home/ubuntuuser/ros2_ws/install/crazyflie_interfaces:/home/ubuntuuser/ros2_ws/install/turtlebot3_simulations:/home/ubuntuuser/ros2_ws/install/turtlebot3_gazebo:/home/ubuntuuser/ros2_ws/install/turtlebot3_fake_node:/home/ubuntuuser/ros2_ws/install/crazyflie_sim:/home/ubuntuuser/ros2_ws/install/crazyflie_examples:/home/ubuntuuser/ros2_ws/install/crazyflie:/opt/ros/jazzy/opt/gz_sim_vendor:/opt/ros/jazzy/opt/gz_sensors_vendor:/opt/ros/jazzy/opt/gz_physics_vendor:/opt/ros/jazzy/opt/sdformat_vendor:/opt/ros/jazzy/opt/gz_gui_vendor:/opt/ros/jazzy/opt/gz_transport_vendor:/opt/ros/jazzy/opt/gz_rendering_vendor:/opt/ros/jazzy/opt/gz_plugin_vendor:/opt/ros/jazzy/opt/gz_fuel_tools_vendor:/opt/ros/jazzy/opt/gz_msgs_vendor:/opt/ros/jazzy/opt/gz_common_vendor:/opt/ros/jazzy/opt/gz_math_vendor:/opt/ros/jazzy/opt/gz_utils_vendor:/opt/ros/jazzy/opt/gz_tools_vendor:/opt/ros/jazzy/opt/gz_ogre_next_vendor:/opt/ros/jazzy/opt/gz_dartsim_vendor:/opt/ros/jazzy/opt/gz_cmake_vendor:/home/ubuntuuser/ros2_ws/install/turtlebot3_trailer:/home/ubuntuuser/ros2_ws/install/r7021e_exploration:/home/ubuntuuser/ros2_ws/install/crazyflie_py:/opt/ros/jazzy DEBUGINFOD_URLS=https://debuginfod.ubuntu.com PS1=(.venv) \[\e]0;\u@\h: \w\a\]${debian_chroot:+($debian_chroot)}\[\033[01;32m\]\u@\h\[\033[00m\]:\[\033[01;34m\]\w\[\033[00m\]\$ PYTHONPATH=/home/ubuntuuser/ros2_ws/install/crazyflie_interfaces/lib/python3.12/site-packages:/home/ubuntuuser/ros2_ws/install/turtlebot3_trailer/lib/python3.12/site-packages:/home/ubuntuuser/ros2_ws/install/r7021e_exploration/lib/python3.12/site-packages:/home/ubuntuuser/ros2_ws/install/crazyflie_sim/lib/python3.12/site-packages:/home/ubuntuuser/ros2_ws/install/crazyflie_examples/lib/python3.12/site-packages:/home/ubuntuuser/ros2_ws/install/crazyflie_py/lib/python3.12/site-packages:/opt/ros/jazzy/lib/python3.12/site-packages VIRTUAL_ENV_PROMPT=(.venv) /usr/bin/cmake --build /home/ubuntuuser/ros2_ws/build/crazyflie_sim -- -j4 -l4
[5.529s] Level 1:colcon.colcon_core.environment:checking '/home/ubuntuuser/ros2_ws/install/turtlebot3_trailer' for CMake module files
[5.530s] Level 1:colcon.colcon_core.environment:checking '/home/ubuntuuser/ros2_ws/install/turtlebot3_trailer' for CMake config files
[5.531s] Level 1:colcon.colcon_core.environment:checking '/home/ubuntuuser/ros2_ws/install/turtlebot3_trailer/lib'
[5.531s] Level 1:colcon.colcon_core.environment:checking '/home/ubuntuuser/ros2_ws/install/turtlebot3_trailer/bin'
[5.531s] Level 1:colcon.colcon_core.environment:checking '/home/ubuntuuser/ros2_ws/install/turtlebot3_trailer/lib/pkgconfig/turtlebot3_trailer.pc'
[5.537s] Level 1:colcon.colcon_core.environment:checking '/home/ubuntuuser/ros2_ws/install/turtlebot3_trailer/lib/python3.12/site-packages'
[5.537s] Level 1:colcon.colcon_core.shell:create_environment_hook('turtlebot3_trailer', 'pythonpath')
[5.538s] INFO:colcon.colcon_core.shell:Creating environment hook '/home/ubuntuuser/ros2_ws/install/turtlebot3_trailer/share/turtlebot3_trailer/hook/pythonpath.ps1'
[5.539s] INFO:colcon.colcon_core.shell:Creating environment descriptor '/home/ubuntuuser/ros2_ws/install/turtlebot3_trailer/share/turtlebot3_trailer/hook/pythonpath.dsv'
[5.543s] INFO:colcon.colcon_core.shell:Creating environment hook '/home/ubuntuuser/ros2_ws/install/turtlebot3_trailer/share/turtlebot3_trailer/hook/pythonpath.sh'
[5.545s] Level 1:colcon.colcon_core.environment:checking '/home/ubuntuuser/ros2_ws/install/turtlebot3_trailer/bin'
[5.545s] Level 1:colcon.colcon_core.environment:create_environment_scripts_only(turtlebot3_trailer)
[5.545s] INFO:colcon.colcon_core.shell:Creating package script '/home/ubuntuuser/ros2_ws/install/turtlebot3_trailer/share/turtlebot3_trailer/package.ps1'
[5.550s] DEBUG:colcon.colcon_core.event_handler.log_command:Invoked command in '/home/ubuntuuser/ros2_ws/src/turtlebot3_trailer' returned '0': DEBUGINFOD_URLS=https://debuginfod.ubuntu.com PS1=(.venv) \[\e]0;\u@\h: \w\a\]${debian_chroot:+($debian_chroot)}\[\033[01;32m\]\u@\h\[\033[00m\]:\[\033[01;34m\]\w\[\033[00m\]\$ PYTHONPATH=/home/ubuntuuser/ros2_ws/build/turtlebot3_trailer/prefix_override:/home/ubuntuuser/ros2_ws/.venv/lib/python3.12/site-packages/colcon_core/task/python/colcon_distutils_commands:/home/ubuntuuser/ros2_ws/install/turtlebot3_trailer/lib/python3.12/site-packages:${PYTHONPATH} VIRTUAL_ENV_PROMPT=(.venv) /home/ubuntuuser/ros2_ws/.venv/bin/python3 -W ignore:setup.py install is deprecated -W ignore:easy_install command is deprecated setup.py egg_info --egg-base ../../build/turtlebot3_trailer build --build-base /home/ubuntuuser/ros2_ws/build/turtlebot3_trailer/build install --record /home/ubuntuuser/ros2_ws/build/turtlebot3_trailer/install.log --single-version-externally-managed install_data
[5.551s] INFO:colcon.colcon_core.shell:Creating package descriptor '/home/ubuntuuser/ros2_ws/install/turtlebot3_trailer/share/turtlebot3_trailer/package.dsv'
[5.552s] INFO:colcon.colcon_core.shell:Creating package script '/home/ubuntuuser/ros2_ws/install/turtlebot3_trailer/share/turtlebot3_trailer/package.sh'
[5.553s] INFO:colcon.colcon_core.shell:Creating package script '/home/ubuntuuser/ros2_ws/install/turtlebot3_trailer/share/turtlebot3_trailer/package.bash'
[5.554s] INFO:colcon.colcon_core.shell:Creating package script '/home/ubuntuuser/ros2_ws/install/turtlebot3_trailer/share/turtlebot3_trailer/package.zsh'
[5.557s] Level 1:colcon.colcon_core.environment:create_file_with_runtime_dependencies(/home/ubuntuuser/ros2_ws/install/turtlebot3_trailer/share/colcon-core/packages/turtlebot3_trailer)
[6.376s] DEBUG:colcon.colcon_core.event_handler.log_command:Invoking command in '/home/ubuntuuser/ros2_ws/src/crazyswarm2/crazyflie_py': CMAKE_PREFIX_PATH=/home/ubuntuuser/ros2_ws/install/crazyflie_interfaces:/home/ubuntuuser/ros2_ws/install/turtlebot3_simulations:/home/ubuntuuser/ros2_ws/install/turtlebot3_gazebo:/home/ubuntuuser/ros2_ws/install/turtlebot3_fake_node:/home/ubuntuuser/ros2_ws/install/crazyflie_sim:/home/ubuntuuser/ros2_ws/install/crazyflie_examples:/home/ubuntuuser/ros2_ws/install/crazyflie:/opt/ros/jazzy/opt/gz_sim_vendor:/opt/ros/jazzy/opt/gz_sensors_vendor:/opt/ros/jazzy/opt/gz_physics_vendor:/opt/ros/jazzy/opt/sdformat_vendor:/opt/ros/jazzy/opt/gz_gui_vendor:/opt/ros/jazzy/opt/gz_transport_vendor:/opt/ros/jazzy/opt/gz_rendering_vendor:/opt/ros/jazzy/opt/gz_plugin_vendor:/opt/ros/jazzy/opt/gz_fuel_tools_vendor:/opt/ros/jazzy/opt/gz_msgs_vendor:/opt/ros/jazzy/opt/gz_common_vendor:/opt/ros/jazzy/opt/gz_math_vendor:/opt/ros/jazzy/opt/gz_utils_vendor:/opt/ros/jazzy/opt/gz_tools_vendor:/opt/ros/jazzy/opt/gz_ogre_next_vendor:/opt/ros/jazzy/opt/gz_dartsim_vendor:/opt/ros/jazzy/opt/gz_cmake_vendor DEBUGINFOD_URLS=https://debuginfod.ubuntu.com PS1=(.venv) \[\e]0;\u@\h: \w\a\]${debian_chroot:+($debian_chroot)}\[\033[01;32m\]\u@\h\[\033[00m\]:\[\033[01;34m\]\w\[\033[00m\]\$ PYTHONPATH=/home/ubuntuuser/ros2_ws/build/crazyflie_py/prefix_override:/home/ubuntuuser/ros2_ws/.venv/lib/python3.12/site-packages/colcon_core/task/python/colcon_distutils_commands:/home/ubuntuuser/ros2_ws/install/crazyflie_py/lib/python3.12/site-packages:/home/ubuntuuser/ros2_ws/install/crazyflie_interfaces/lib/python3.12/site-packages:/home/ubuntuuser/ros2_ws/install/turtlebot3_trailer/lib/python3.12/site-packages:/home/ubuntuuser/ros2_ws/install/r7021e_exploration/lib/python3.12/site-packages:/home/ubuntuuser/ros2_ws/install/crazyflie_sim/lib/python3.12/site-packages:/home/ubuntuuser/ros2_ws/install/crazyflie_examples/lib/python3.12/site-packages:/home/ubuntuuser/ros2_ws/install/crazyflie_py/lib/python3.12/site-packages:/opt/ros/jazzy/lib/python3.12/site-packages VIRTUAL_ENV_PROMPT=(.venv) /home/ubuntuuser/ros2_ws/.venv/bin/python3 -W ignore:setup.py install is deprecated -W ignore:easy_install command is deprecated setup.py egg_info --egg-base ../../../build/crazyflie_py build --build-base /home/ubuntuuser/ros2_ws/build/crazyflie_py/build install --record /home/ubuntuuser/ros2_ws/build/crazyflie_py/install.log --single-version-externally-managed install_data
[6.686s] DEBUG:colcon.colcon_core.event_handler.log_command:Invoked command in '/home/ubuntuuser/ros2_ws/build/crazyflie' returned '0': CMAKE_PREFIX_PATH=/home/ubuntuuser/ros2_ws/install/crazyflie_interfaces:/home/ubuntuuser/ros2_ws/install/turtlebot3_simulations:/home/ubuntuuser/ros2_ws/install/turtlebot3_gazebo:/home/ubuntuuser/ros2_ws/install/turtlebot3_fake_node:/home/ubuntuuser/ros2_ws/install/crazyflie_sim:/home/ubuntuuser/ros2_ws/install/crazyflie_examples:/home/ubuntuuser/ros2_ws/install/crazyflie:/opt/ros/jazzy/opt/gz_sim_vendor:/opt/ros/jazzy/opt/gz_sensors_vendor:/opt/ros/jazzy/opt/gz_physics_vendor:/opt/ros/jazzy/opt/sdformat_vendor:/opt/ros/jazzy/opt/gz_gui_vendor:/opt/ros/jazzy/opt/gz_transport_vendor:/opt/ros/jazzy/opt/gz_rendering_vendor:/opt/ros/jazzy/opt/gz_plugin_vendor:/opt/ros/jazzy/opt/gz_fuel_tools_vendor:/opt/ros/jazzy/opt/gz_msgs_vendor:/opt/ros/jazzy/opt/gz_common_vendor:/opt/ros/jazzy/opt/gz_math_vendor:/opt/ros/jazzy/opt/gz_utils_vendor:/opt/ros/jazzy/opt/gz_tools_vendor:/opt/ros/jazzy/opt/gz_ogre_next_vendor:/opt/ros/jazzy/opt/gz_dartsim_vendor:/opt/ros/jazzy/opt/gz_cmake_vendor:/home/ubuntuuser/ros2_ws/install/turtlebot3_trailer:/home/ubuntuuser/ros2_ws/install/r7021e_exploration:/home/ubuntuuser/ros2_ws/install/crazyflie_py:/opt/ros/jazzy DEBUGINFOD_URLS=https://debuginfod.ubuntu.com PS1=(.venv) \[\e]0;\u@\h: \w\a\]${debian_chroot:+($debian_chroot)}\[\033[01;32m\]\u@\h\[\033[00m\]:\[\033[01;34m\]\w\[\033[00m\]\$ PYTHONPATH=/home/ubuntuuser/ros2_ws/install/crazyflie_interfaces/lib/python3.12/site-packages:/home/ubuntuuser/ros2_ws/install/turtlebot3_trailer/lib/python3.12/site-packages:/home/ubuntuuser/ros2_ws/install/r7021e_exploration/lib/python3.12/site-packages:/home/ubuntuuser/ros2_ws/install/crazyflie_sim/lib/python3.12/site-packages:/home/ubuntuuser/ros2_ws/install/crazyflie_examples/lib/python3.12/site-packages:/home/ubuntuuser/ros2_ws/install/crazyflie_py/lib/python3.12/site-packages:/opt/ros/jazzy/lib/python3.12/site-packages VIRTUAL_ENV_PROMPT=(.venv) /usr/bin/cmake --build /home/ubuntuuser/ros2_ws/build/crazyflie -- -j4 -l4
[6.687s] DEBUG:colcon.colcon_core.event_handler.log_command:Invoking command in '/home/ubuntuuser/ros2_ws/build/crazyflie': CMAKE_PREFIX_PATH=/home/ubuntuuser/ros2_ws/install/crazyflie_interfaces:/home/ubuntuuser/ros2_ws/install/turtlebot3_simulations:/home/ubuntuuser/ros2_ws/install/turtlebot3_gazebo:/home/ubuntuuser/ros2_ws/install/turtlebot3_fake_node:/home/ubuntuuser/ros2_ws/install/crazyflie_sim:/home/ubuntuuser/ros2_ws/install/crazyflie_examples:/home/ubuntuuser/ros2_ws/install/crazyflie:/opt/ros/jazzy/opt/gz_sim_vendor:/opt/ros/jazzy/opt/gz_sensors_vendor:/opt/ros/jazzy/opt/gz_physics_vendor:/opt/ros/jazzy/opt/sdformat_vendor:/opt/ros/jazzy/opt/gz_gui_vendor:/opt/ros/jazzy/opt/gz_transport_vendor:/opt/ros/jazzy/opt/gz_rendering_vendor:/opt/ros/jazzy/opt/gz_plugin_vendor:/opt/ros/jazzy/opt/gz_fuel_tools_vendor:/opt/ros/jazzy/opt/gz_msgs_vendor:/opt/ros/jazzy/opt/gz_common_vendor:/opt/ros/jazzy/opt/gz_math_vendor:/opt/ros/jazzy/opt/gz_utils_vendor:/opt/ros/jazzy/opt/gz_tools_vendor:/opt/ros/jazzy/opt/gz_ogre_next_vendor:/opt/ros/jazzy/opt/gz_dartsim_vendor:/opt/ros/jazzy/opt/gz_cmake_vendor:/home/ubuntuuser/ros2_ws/install/turtlebot3_trailer:/home/ubuntuuser/ros2_ws/install/r7021e_exploration:/home/ubuntuuser/ros2_ws/install/crazyflie_py:/opt/ros/jazzy DEBUGINFOD_URLS=https://debuginfod.ubuntu.com PS1=(.venv) \[\e]0;\u@\h: \w\a\]${debian_chroot:+($debian_chroot)}\[\033[01;32m\]\u@\h\[\033[00m\]:\[\033[01;34m\]\w\[\033[00m\]\$ PYTHONPATH=/home/ubuntuuser/ros2_ws/install/crazyflie_interfaces/lib/python3.12/site-packages:/home/ubuntuuser/ros2_ws/install/turtlebot3_trailer/lib/python3.12/site-packages:/home/ubuntuuser/ros2_ws/install/r7021e_exploration/lib/python3.12/site-packages:/home/ubuntuuser/ros2_ws/install/crazyflie_sim/lib/python3.12/site-packages:/home/ubuntuuser/ros2_ws/install/crazyflie_examples/lib/python3.12/site-packages:/home/ubuntuuser/ros2_ws/install/crazyflie_py/lib/python3.12/site-packages:/opt/ros/jazzy/lib/python3.12/site-packages VIRTUAL_ENV_PROMPT=(.venv) /usr/bin/cmake --install /home/ubuntuuser/ros2_ws/build/crazyflie
[6.753s] Level 1:colcon.colcon_core.environment:create_environment_scripts_only(crazyflie)
[6.753s] Level 1:colcon.colcon_core.environment:checking '/home/ubuntuuser/ros2_ws/install/crazyflie' for CMake module files
[6.754s] DEBUG:colcon.colcon_core.event_handler.log_command:Invoked command in '/home/ubuntuuser/ros2_ws/build/crazyflie' returned '0': CMAKE_PREFIX_PATH=/home/ubuntuuser/ros2_ws/install/crazyflie_interfaces:/home/ubuntuuser/ros2_ws/install/turtlebot3_simulations:/home/ubuntuuser/ros2_ws/install/turtlebot3_gazebo:/home/ubuntuuser/ros2_ws/install/turtlebot3_fake_node:/home/ubuntuuser/ros2_ws/install/crazyflie_sim:/home/ubuntuuser/ros2_ws/install/crazyflie_examples:/home/ubuntuuser/ros2_ws/install/crazyflie:/opt/ros/jazzy/opt/gz_sim_vendor:/opt/ros/jazzy/opt/gz_sensors_vendor:/opt/ros/jazzy/opt/gz_physics_vendor:/opt/ros/jazzy/opt/sdformat_vendor:/opt/ros/jazzy/opt/gz_gui_vendor:/opt/ros/jazzy/opt/gz_transport_vendor:/opt/ros/jazzy/opt/gz_rendering_vendor:/opt/ros/jazzy/opt/gz_plugin_vendor:/opt/ros/jazzy/opt/gz_fuel_tools_vendor:/opt/ros/jazzy/opt/gz_msgs_vendor:/opt/ros/jazzy/opt/gz_common_vendor:/opt/ros/jazzy/opt/gz_math_vendor:/opt/ros/jazzy/opt/gz_utils_vendor:/opt/ros/jazzy/opt/gz_tools_vendor:/opt/ros/jazzy/opt/gz_ogre_next_vendor:/opt/ros/jazzy/opt/gz_dartsim_vendor:/opt/ros/jazzy/opt/gz_cmake_vendor:/home/ubuntuuser/ros2_ws/install/turtlebot3_trailer:/home/ubuntuuser/ros2_ws/install/r7021e_exploration:/home/ubuntuuser/ros2_ws/install/crazyflie_py:/opt/ros/jazzy DEBUGINFOD_URLS=https://debuginfod.ubuntu.com PS1=(.venv) \[\e]0;\u@\h: \w\a\]${debian_chroot:+($debian_chroot)}\[\033[01;32m\]\u@\h\[\033[00m\]:\[\033[01;34m\]\w\[\033[00m\]\$ PYTHONPATH=/home/ubuntuuser/ros2_ws/install/crazyflie_interfaces/lib/python3.12/site-packages:/home/ubuntuuser/ros2_ws/install/turtlebot3_trailer/lib/python3.12/site-packages:/home/ubuntuuser/ros2_ws/install/r7021e_exploration/lib/python3.12/site-packages:/home/ubuntuuser/ros2_ws/install/crazyflie_sim/lib/python3.12/site-packages:/home/ubuntuuser/ros2_ws/install/crazyflie_examples/lib/python3.12/site-packages:/home/ubuntuuser/ros2_ws/install/crazyflie_py/lib/python3.12/site-packages:/opt/ros/jazzy/lib/python3.12/site-packages VIRTUAL_ENV_PROMPT=(.venv) /usr/bin/cmake --install /home/ubuntuuser/ros2_ws/build/crazyflie
[6.755s] Level 1:colcon.colcon_core.environment:checking '/home/ubuntuuser/ros2_ws/install/crazyflie' for CMake config files
[6.755s] Level 1:colcon.colcon_core.shell:create_environment_hook('crazyflie', 'cmake_prefix_path')
[6.755s] INFO:colcon.colcon_core.shell:Creating environment hook '/home/ubuntuuser/ros2_ws/install/crazyflie/share/crazyflie/hook/cmake_prefix_path.ps1'
[6.756s] INFO:colcon.colcon_core.shell:Creating environment descriptor '/home/ubuntuuser/ros2_ws/install/crazyflie/share/crazyflie/hook/cmake_prefix_path.dsv'
[6.757s] INFO:colcon.colcon_core.shell:Creating environment hook '/home/ubuntuuser/ros2_ws/install/crazyflie/share/crazyflie/hook/cmake_prefix_path.sh'
[6.759s] Level 1:colcon.colcon_core.environment:checking '/home/ubuntuuser/ros2_ws/install/crazyflie/lib'
[6.759s] Level 1:colcon.colcon_core.environment:checking '/home/ubuntuuser/ros2_ws/install/crazyflie/bin'
[6.759s] Level 1:colcon.colcon_core.environment:checking '/home/ubuntuuser/ros2_ws/install/crazyflie/lib/pkgconfig/crazyflie.pc'
[6.759s] Level 1:colcon.colcon_core.environment:checking '/home/ubuntuuser/ros2_ws/install/crazyflie/lib/python3.12/site-packages'
[6.760s] Level 1:colcon.colcon_core.environment:checking '/home/ubuntuuser/ros2_ws/install/crazyflie/bin'
[6.760s] INFO:colcon.colcon_core.shell:Creating package script '/home/ubuntuuser/ros2_ws/install/crazyflie/share/crazyflie/package.ps1'
[6.761s] INFO:colcon.colcon_core.shell:Creating package descriptor '/home/ubuntuuser/ros2_ws/install/crazyflie/share/crazyflie/package.dsv'
[6.762s] INFO:colcon.colcon_core.shell:Creating package script '/home/ubuntuuser/ros2_ws/install/crazyflie/share/crazyflie/package.sh'
[6.764s] INFO:colcon.colcon_core.shell:Creating package script '/home/ubuntuuser/ros2_ws/install/crazyflie/share/crazyflie/package.bash'
[6.764s] INFO:colcon.colcon_core.shell:Creating package script '/home/ubuntuuser/ros2_ws/install/crazyflie/share/crazyflie/package.zsh'
[6.765s] Level 1:colcon.colcon_core.environment:create_file_with_runtime_dependencies(/home/ubuntuuser/ros2_ws/install/crazyflie/share/colcon-core/packages/crazyflie)
[6.766s] Level 1:colcon.colcon_core.environment:create_environment_scripts_only(crazyflie)
[6.767s] Level 1:colcon.colcon_core.environment:checking '/home/ubuntuuser/ros2_ws/install/crazyflie' for CMake module files
[6.768s] Level 1:colcon.colcon_core.environment:checking '/home/ubuntuuser/ros2_ws/install/crazyflie' for CMake config files
[6.769s] Level 1:colcon.colcon_core.shell:create_environment_hook('crazyflie', 'cmake_prefix_path')
[6.769s] INFO:colcon.colcon_core.shell:Creating environment hook '/home/ubuntuuser/ros2_ws/install/crazyflie/share/crazyflie/hook/cmake_prefix_path.ps1'
[6.771s] INFO:colcon.colcon_core.shell:Creating environment descriptor '/home/ubuntuuser/ros2_ws/install/crazyflie/share/crazyflie/hook/cmake_prefix_path.dsv'
[6.772s] INFO:colcon.colcon_core.shell:Creating environment hook '/home/ubuntuuser/ros2_ws/install/crazyflie/share/crazyflie/hook/cmake_prefix_path.sh'
[6.774s] Level 1:colcon.colcon_core.environment:checking '/home/ubuntuuser/ros2_ws/install/crazyflie/lib'
[6.774s] Level 1:colcon.colcon_core.environment:checking '/home/ubuntuuser/ros2_ws/install/crazyflie/bin'
[6.775s] Level 1:colcon.colcon_core.environment:checking '/home/ubuntuuser/ros2_ws/install/crazyflie/lib/pkgconfig/crazyflie.pc'
[6.775s] Level 1:colcon.colcon_core.environment:checking '/home/ubuntuuser/ros2_ws/install/crazyflie/lib/python3.12/site-packages'
[6.776s] Level 1:colcon.colcon_core.environment:checking '/home/ubuntuuser/ros2_ws/install/crazyflie/bin'
[6.776s] INFO:colcon.colcon_core.shell:Creating package script '/home/ubuntuuser/ros2_ws/install/crazyflie/share/crazyflie/package.ps1'
[6.777s] INFO:colcon.colcon_core.shell:Creating package descriptor '/home/ubuntuuser/ros2_ws/install/crazyflie/share/crazyflie/package.dsv'
[6.778s] INFO:colcon.colcon_core.shell:Creating package script '/home/ubuntuuser/ros2_ws/install/crazyflie/share/crazyflie/package.sh'
[6.780s] INFO:colcon.colcon_core.shell:Creating package script '/home/ubuntuuser/ros2_ws/install/crazyflie/share/crazyflie/package.bash'
[6.781s] INFO:colcon.colcon_core.shell:Creating package script '/home/ubuntuuser/ros2_ws/install/crazyflie/share/crazyflie/package.zsh'
[6.783s] Level 1:colcon.colcon_core.environment:create_file_with_runtime_dependencies(/home/ubuntuuser/ros2_ws/install/crazyflie/share/colcon-core/packages/crazyflie)
[7.545s] Level 1:colcon.colcon_core.environment:checking '/home/ubuntuuser/ros2_ws/install/crazyflie_py' for CMake module files
[7.545s] DEBUG:colcon.colcon_core.event_handler.log_command:Invoked command in '/home/ubuntuuser/ros2_ws/src/crazyswarm2/crazyflie_py' returned '0': CMAKE_PREFIX_PATH=/home/ubuntuuser/ros2_ws/install/crazyflie_interfaces:/home/ubuntuuser/ros2_ws/install/turtlebot3_simulations:/home/ubuntuuser/ros2_ws/install/turtlebot3_gazebo:/home/ubuntuuser/ros2_ws/install/turtlebot3_fake_node:/home/ubuntuuser/ros2_ws/install/crazyflie_sim:/home/ubuntuuser/ros2_ws/install/crazyflie_examples:/home/ubuntuuser/ros2_ws/install/crazyflie:/opt/ros/jazzy/opt/gz_sim_vendor:/opt/ros/jazzy/opt/gz_sensors_vendor:/opt/ros/jazzy/opt/gz_physics_vendor:/opt/ros/jazzy/opt/sdformat_vendor:/opt/ros/jazzy/opt/gz_gui_vendor:/opt/ros/jazzy/opt/gz_transport_vendor:/opt/ros/jazzy/opt/gz_rendering_vendor:/opt/ros/jazzy/opt/gz_plugin_vendor:/opt/ros/jazzy/opt/gz_fuel_tools_vendor:/opt/ros/jazzy/opt/gz_msgs_vendor:/opt/ros/jazzy/opt/gz_common_vendor:/opt/ros/jazzy/opt/gz_math_vendor:/opt/ros/jazzy/opt/gz_utils_vendor:/opt/ros/jazzy/opt/gz_tools_vendor:/opt/ros/jazzy/opt/gz_ogre_next_vendor:/opt/ros/jazzy/opt/gz_dartsim_vendor:/opt/ros/jazzy/opt/gz_cmake_vendor DEBUGINFOD_URLS=https://debuginfod.ubuntu.com PS1=(.venv) \[\e]0;\u@\h: \w\a\]${debian_chroot:+($debian_chroot)}\[\033[01;32m\]\u@\h\[\033[00m\]:\[\033[01;34m\]\w\[\033[00m\]\$ PYTHONPATH=/home/ubuntuuser/ros2_ws/build/crazyflie_py/prefix_override:/home/ubuntuuser/ros2_ws/.venv/lib/python3.12/site-packages/colcon_core/task/python/colcon_distutils_commands:/home/ubuntuuser/ros2_ws/install/crazyflie_py/lib/python3.12/site-packages:/home/ubuntuuser/ros2_ws/install/crazyflie_interfaces/lib/python3.12/site-packages:/home/ubuntuuser/ros2_ws/install/turtlebot3_trailer/lib/python3.12/site-packages:/home/ubuntuuser/ros2_ws/install/r7021e_exploration/lib/python3.12/site-packages:/home/ubuntuuser/ros2_ws/install/crazyflie_sim/lib/python3.12/site-packages:/home/ubuntuuser/ros2_ws/install/crazyflie_examples/lib/python3.12/site-packages:/home/ubuntuuser/ros2_ws/install/crazyflie_py/lib/python3.12/site-packages:/opt/ros/jazzy/lib/python3.12/site-packages VIRTUAL_ENV_PROMPT=(.venv) /home/ubuntuuser/ros2_ws/.venv/bin/python3 -W ignore:setup.py install is deprecated -W ignore:easy_install command is deprecated setup.py egg_info --egg-base ../../../build/crazyflie_py build --build-base /home/ubuntuuser/ros2_ws/build/crazyflie_py/build install --record /home/ubuntuuser/ros2_ws/build/crazyflie_py/install.log --single-version-externally-managed install_data
[7.547s] Level 1:colcon.colcon_core.environment:checking '/home/ubuntuuser/ros2_ws/install/crazyflie_py' for CMake config files
[7.548s] Level 1:colcon.colcon_core.environment:checking '/home/ubuntuuser/ros2_ws/install/crazyflie_py/lib'
[7.549s] Level 1:colcon.colcon_core.environment:checking '/home/ubuntuuser/ros2_ws/install/crazyflie_py/bin'
[7.550s] Level 1:colcon.colcon_core.environment:checking '/home/ubuntuuser/ros2_ws/install/crazyflie_py/lib/pkgconfig/crazyflie_py.pc'
[7.551s] Level 1:colcon.colcon_core.environment:checking '/home/ubuntuuser/ros2_ws/install/crazyflie_py/lib/python3.12/site-packages'
[7.551s] Level 1:colcon.colcon_core.shell:create_environment_hook('crazyflie_py', 'pythonpath')
[7.551s] INFO:colcon.colcon_core.shell:Creating environment hook '/home/ubuntuuser/ros2_ws/install/crazyflie_py/share/crazyflie_py/hook/pythonpath.ps1'
[7.552s] INFO:colcon.colcon_core.shell:Creating environment descriptor '/home/ubuntuuser/ros2_ws/install/crazyflie_py/share/crazyflie_py/hook/pythonpath.dsv'
[7.555s] INFO:colcon.colcon_core.shell:Creating environment hook '/home/ubuntuuser/ros2_ws/install/crazyflie_py/share/crazyflie_py/hook/pythonpath.sh'
[7.556s] Level 1:colcon.colcon_core.environment:checking '/home/ubuntuuser/ros2_ws/install/crazyflie_py/bin'
[7.556s] Level 1:colcon.colcon_core.environment:create_environment_scripts_only(crazyflie_py)
[7.558s] INFO:colcon.colcon_core.shell:Creating package script '/home/ubuntuuser/ros2_ws/install/crazyflie_py/share/crazyflie_py/package.ps1'
[7.560s] INFO:colcon.colcon_core.shell:Creating package descriptor '/home/ubuntuuser/ros2_ws/install/crazyflie_py/share/crazyflie_py/package.dsv'
[7.562s] INFO:colcon.colcon_core.shell:Creating package script '/home/ubuntuuser/ros2_ws/install/crazyflie_py/share/crazyflie_py/package.sh'
[7.563s] INFO:colcon.colcon_core.shell:Creating package script '/home/ubuntuuser/ros2_ws/install/crazyflie_py/share/crazyflie_py/package.bash'
[7.567s] INFO:colcon.colcon_core.shell:Creating package script '/home/ubuntuuser/ros2_ws/install/crazyflie_py/share/crazyflie_py/package.zsh'
[7.569s] Level 1:colcon.colcon_core.environment:create_file_with_runtime_dependencies(/home/ubuntuuser/ros2_ws/install/crazyflie_py/share/colcon-core/packages/crazyflie_py)
[7.570s] INFO:colcon.colcon_ros.task.ament_cmake.build:Building ROS package in '/home/ubuntuuser/ros2_ws/src/crazyswarm2/crazyflie_examples' with build type 'ament_cmake'
[7.571s] INFO:colcon.colcon_cmake.task.cmake.build:Building CMake package in '/home/ubuntuuser/ros2_ws/src/crazyswarm2/crazyflie_examples'
[7.571s] INFO:colcon.colcon_core.shell:Skip shell extension 'powershell' for command environment: Not usable outside of PowerShell
[7.571s] DEBUG:colcon.colcon_core.shell:Skip shell extension 'dsv' for command environment
[7.638s] DEBUG:colcon.colcon_core.event_handler.log_command:Invoking command in '/home/ubuntuuser/ros2_ws/build/crazyflie_examples': AMENT_PREFIX_PATH=/home/ubuntuuser/ros2_ws/install/crazyflie_py:/home/ubuntuuser/ros2_ws/install/turtlebot3_trailer:/home/ubuntuuser/ros2_ws/install/turtlebot3_simulations:/home/ubuntuuser/ros2_ws/install/turtlebot3_gazebo:/home/ubuntuuser/ros2_ws/install/turtlebot3_fake_node:/home/ubuntuuser/ros2_ws/install/r7021e_exploration:/home/ubuntuuser/ros2_ws/install/crazyflie_sim:/home/ubuntuuser/ros2_ws/install/crazyflie_examples:/home/ubuntuuser/ros2_ws/install/crazyflie:/home/ubuntuuser/ros2_ws/install/crazyflie_interfaces:/opt/ros/jazzy CMAKE_PREFIX_PATH=/home/ubuntuuser/ros2_ws/install/crazyflie_interfaces:/home/ubuntuuser/ros2_ws/install/turtlebot3_simulations:/home/ubuntuuser/ros2_ws/install/turtlebot3_gazebo:/home/ubuntuuser/ros2_ws/install/turtlebot3_fake_node:/home/ubuntuuser/ros2_ws/install/crazyflie_sim:/home/ubuntuuser/ros2_ws/install/crazyflie_examples:/home/ubuntuuser/ros2_ws/install/crazyflie:/opt/ros/jazzy/opt/gz_sim_vendor:/opt/ros/jazzy/opt/gz_sensors_vendor:/opt/ros/jazzy/opt/gz_physics_vendor:/opt/ros/jazzy/opt/sdformat_vendor:/opt/ros/jazzy/opt/gz_gui_vendor:/opt/ros/jazzy/opt/gz_transport_vendor:/opt/ros/jazzy/opt/gz_rendering_vendor:/opt/ros/jazzy/opt/gz_plugin_vendor:/opt/ros/jazzy/opt/gz_fuel_tools_vendor:/opt/ros/jazzy/opt/gz_msgs_vendor:/opt/ros/jazzy/opt/gz_common_vendor:/opt/ros/jazzy/opt/gz_math_vendor:/opt/ros/jazzy/opt/gz_utils_vendor:/opt/ros/jazzy/opt/gz_tools_vendor:/opt/ros/jazzy/opt/gz_ogre_next_vendor:/opt/ros/jazzy/opt/gz_dartsim_vendor:/opt/ros/jazzy/opt/gz_cmake_vendor:/home/ubuntuuser/ros2_ws/install/turtlebot3_trailer:/home/ubuntuuser/ros2_ws/install/r7021e_exploration:/home/ubuntuuser/ros2_ws/install/crazyflie_py:/opt/ros/jazzy DEBUGINFOD_URLS=https://debuginfod.ubuntu.com PS1=(.venv) \[\e]0;\u@\h: \w\a\]${debian_chroot:+($debian_chroot)}\[\033[01;32m\]\u@\h\[\033[00m\]:\[\033[01;34m\]\w\[\033[00m\]\$ PYTHONPATH=/home/ubuntuuser/ros2_ws/install/crazyflie_py/lib/python3.12/site-packages:/home/ubuntuuser/ros2_ws/install/crazyflie_interfaces/lib/python3.12/site-packages:/home/ubuntuuser/ros2_ws/install/turtlebot3_trailer/lib/python3.12/site-packages:/home/ubuntuuser/ros2_ws/install/r7021e_exploration/lib/python3.12/site-packages:/home/ubuntuuser/ros2_ws/install/crazyflie_sim/lib/python3.12/site-packages:/home/ubuntuuser/ros2_ws/install/crazyflie_examples/lib/python3.12/site-packages:/opt/ros/jazzy/lib/python3.12/site-packages VIRTUAL_ENV_PROMPT=(.venv) /usr/bin/cmake --build /home/ubuntuuser/ros2_ws/build/crazyflie_examples -- -j4 -l4
[7.817s] DEBUG:colcon.colcon_core.event_handler.log_command:Invoked command in '/home/ubuntuuser/ros2_ws/build/crazyflie_sim' returned '0': CMAKE_PREFIX_PATH=/home/ubuntuuser/ros2_ws/install/crazyflie_interfaces:/home/ubuntuuser/ros2_ws/install/turtlebot3_simulations:/home/ubuntuuser/ros2_ws/install/turtlebot3_gazebo:/home/ubuntuuser/ros2_ws/install/turtlebot3_fake_node:/home/ubuntuuser/ros2_ws/install/crazyflie_sim:/home/ubuntuuser/ros2_ws/install/crazyflie_examples:/home/ubuntuuser/ros2_ws/install/crazyflie:/opt/ros/jazzy/opt/gz_sim_vendor:/opt/ros/jazzy/opt/gz_sensors_vendor:/opt/ros/jazzy/opt/gz_physics_vendor:/opt/ros/jazzy/opt/sdformat_vendor:/opt/ros/jazzy/opt/gz_gui_vendor:/opt/ros/jazzy/opt/gz_transport_vendor:/opt/ros/jazzy/opt/gz_rendering_vendor:/opt/ros/jazzy/opt/gz_plugin_vendor:/opt/ros/jazzy/opt/gz_fuel_tools_vendor:/opt/ros/jazzy/opt/gz_msgs_vendor:/opt/ros/jazzy/opt/gz_common_vendor:/opt/ros/jazzy/opt/gz_math_vendor:/opt/ros/jazzy/opt/gz_utils_vendor:/opt/ros/jazzy/opt/gz_tools_vendor:/opt/ros/jazzy/opt/gz_ogre_next_vendor:/opt/ros/jazzy/opt/gz_dartsim_vendor:/opt/ros/jazzy/opt/gz_cmake_vendor:/home/ubuntuuser/ros2_ws/install/turtlebot3_trailer:/home/ubuntuuser/ros2_ws/install/r7021e_exploration:/home/ubuntuuser/ros2_ws/install/crazyflie_py:/opt/ros/jazzy DEBUGINFOD_URLS=https://debuginfod.ubuntu.com PS1=(.venv) \[\e]0;\u@\h: \w\a\]${debian_chroot:+($debian_chroot)}\[\033[01;32m\]\u@\h\[\033[00m\]:\[\033[01;34m\]\w\[\033[00m\]\$ PYTHONPATH=/home/ubuntuuser/ros2_ws/install/crazyflie_interfaces/lib/python3.12/site-packages:/home/ubuntuuser/ros2_ws/install/turtlebot3_trailer/lib/python3.12/site-packages:/home/ubuntuuser/ros2_ws/install/r7021e_exploration/lib/python3.12/site-packages:/home/ubuntuuser/ros2_ws/install/crazyflie_sim/lib/python3.12/site-packages:/home/ubuntuuser/ros2_ws/install/crazyflie_examples/lib/python3.12/site-packages:/home/ubuntuuser/ros2_ws/install/crazyflie_py/lib/python3.12/site-packages:/opt/ros/jazzy/lib/python3.12/site-packages VIRTUAL_ENV_PROMPT=(.venv) /usr/bin/cmake --build /home/ubuntuuser/ros2_ws/build/crazyflie_sim -- -j4 -l4
[7.817s] DEBUG:colcon.colcon_core.event_handler.log_command:Invoking command in '/home/ubuntuuser/ros2_ws/build/crazyflie_sim': CMAKE_PREFIX_PATH=/home/ubuntuuser/ros2_ws/install/crazyflie_interfaces:/home/ubuntuuser/ros2_ws/install/turtlebot3_simulations:/home/ubuntuuser/ros2_ws/install/turtlebot3_gazebo:/home/ubuntuuser/ros2_ws/install/turtlebot3_fake_node:/home/ubuntuuser/ros2_ws/install/crazyflie_sim:/home/ubuntuuser/ros2_ws/install/crazyflie_examples:/home/ubuntuuser/ros2_ws/install/crazyflie:/opt/ros/jazzy/opt/gz_sim_vendor:/opt/ros/jazzy/opt/gz_sensors_vendor:/opt/ros/jazzy/opt/gz_physics_vendor:/opt/ros/jazzy/opt/sdformat_vendor:/opt/ros/jazzy/opt/gz_gui_vendor:/opt/ros/jazzy/opt/gz_transport_vendor:/opt/ros/jazzy/opt/gz_rendering_vendor:/opt/ros/jazzy/opt/gz_plugin_vendor:/opt/ros/jazzy/opt/gz_fuel_tools_vendor:/opt/ros/jazzy/opt/gz_msgs_vendor:/opt/ros/jazzy/opt/gz_common_vendor:/opt/ros/jazzy/opt/gz_math_vendor:/opt/ros/jazzy/opt/gz_utils_vendor:/opt/ros/jazzy/opt/gz_tools_vendor:/opt/ros/jazzy/opt/gz_ogre_next_vendor:/opt/ros/jazzy/opt/gz_dartsim_vendor:/opt/ros/jazzy/opt/gz_cmake_vendor:/home/ubuntuuser/ros2_ws/install/turtlebot3_trailer:/home/ubuntuuser/ros2_ws/install/r7021e_exploration:/home/ubuntuuser/ros2_ws/install/crazyflie_py:/opt/ros/jazzy DEBUGINFOD_URLS=https://debuginfod.ubuntu.com PS1=(.venv) \[\e]0;\u@\h: \w\a\]${debian_chroot:+($debian_chroot)}\[\033[01;32m\]\u@\h\[\033[00m\]:\[\033[01;34m\]\w\[\033[00m\]\$ PYTHONPATH=/home/ubuntuuser/ros2_ws/install/crazyflie_interfaces/lib/python3.12/site-packages:/home/ubuntuuser/ros2_ws/install/turtlebot3_trailer/lib/python3.12/site-packages:/home/ubuntuuser/ros2_ws/install/r7021e_exploration/lib/python3.12/site-packages:/home/ubuntuuser/ros2_ws/install/crazyflie_sim/lib/python3.12/site-packages:/home/ubuntuuser/ros2_ws/install/crazyflie_examples/lib/python3.12/site-packages:/home/ubuntuuser/ros2_ws/install/crazyflie_py/lib/python3.12/site-packages:/opt/ros/jazzy/lib/python3.12/site-packages VIRTUAL_ENV_PROMPT=(.venv) /usr/bin/cmake --install /home/ubuntuuser/ros2_ws/build/crazyflie_sim
[7.965s] Level 1:colcon.colcon_core.environment:create_environment_scripts_only(crazyflie_sim)
[7.965s] Level 1:colcon.colcon_core.environment:checking '/home/ubuntuuser/ros2_ws/install/crazyflie_sim' for CMake module files
[7.966s] DEBUG:colcon.colcon_core.event_handler.log_command:Invoked command in '/home/ubuntuuser/ros2_ws/build/crazyflie_sim' returned '0': CMAKE_PREFIX_PATH=/home/ubuntuuser/ros2_ws/install/crazyflie_interfaces:/home/ubuntuuser/ros2_ws/install/turtlebot3_simulations:/home/ubuntuuser/ros2_ws/install/turtlebot3_gazebo:/home/ubuntuuser/ros2_ws/install/turtlebot3_fake_node:/home/ubuntuuser/ros2_ws/install/crazyflie_sim:/home/ubuntuuser/ros2_ws/install/crazyflie_examples:/home/ubuntuuser/ros2_ws/install/crazyflie:/opt/ros/jazzy/opt/gz_sim_vendor:/opt/ros/jazzy/opt/gz_sensors_vendor:/opt/ros/jazzy/opt/gz_physics_vendor:/opt/ros/jazzy/opt/sdformat_vendor:/opt/ros/jazzy/opt/gz_gui_vendor:/opt/ros/jazzy/opt/gz_transport_vendor:/opt/ros/jazzy/opt/gz_rendering_vendor:/opt/ros/jazzy/opt/gz_plugin_vendor:/opt/ros/jazzy/opt/gz_fuel_tools_vendor:/opt/ros/jazzy/opt/gz_msgs_vendor:/opt/ros/jazzy/opt/gz_common_vendor:/opt/ros/jazzy/opt/gz_math_vendor:/opt/ros/jazzy/opt/gz_utils_vendor:/opt/ros/jazzy/opt/gz_tools_vendor:/opt/ros/jazzy/opt/gz_ogre_next_vendor:/opt/ros/jazzy/opt/gz_dartsim_vendor:/opt/ros/jazzy/opt/gz_cmake_vendor:/home/ubuntuuser/ros2_ws/install/turtlebot3_trailer:/home/ubuntuuser/ros2_ws/install/r7021e_exploration:/home/ubuntuuser/ros2_ws/install/crazyflie_py:/opt/ros/jazzy DEBUGINFOD_URLS=https://debuginfod.ubuntu.com PS1=(.venv) \[\e]0;\u@\h: \w\a\]${debian_chroot:+($debian_chroot)}\[\033[01;32m\]\u@\h\[\033[00m\]:\[\033[01;34m\]\w\[\033[00m\]\$ PYTHONPATH=/home/ubuntuuser/ros2_ws/install/crazyflie_interfaces/lib/python3.12/site-packages:/home/ubuntuuser/ros2_ws/install/turtlebot3_trailer/lib/python3.12/site-packages:/home/ubuntuuser/ros2_ws/install/r7021e_exploration/lib/python3.12/site-packages:/home/ubuntuuser/ros2_ws/install/crazyflie_sim/lib/python3.12/site-packages:/home/ubuntuuser/ros2_ws/install/crazyflie_examples/lib/python3.12/site-packages:/home/ubuntuuser/ros2_ws/install/crazyflie_py/lib/python3.12/site-packages:/opt/ros/jazzy/lib/python3.12/site-packages VIRTUAL_ENV_PROMPT=(.venv) /usr/bin/cmake --install /home/ubuntuuser/ros2_ws/build/crazyflie_sim
[7.967s] Level 1:colcon.colcon_core.environment:checking '/home/ubuntuuser/ros2_ws/install/crazyflie_sim' for CMake config files
[7.968s] Level 1:colcon.colcon_core.shell:create_environment_hook('crazyflie_sim', 'cmake_prefix_path')
[7.968s] INFO:colcon.colcon_core.shell:Creating environment hook '/home/ubuntuuser/ros2_ws/install/crazyflie_sim/share/crazyflie_sim/hook/cmake_prefix_path.ps1'
[7.970s] INFO:colcon.colcon_core.shell:Creating environment descriptor '/home/ubuntuuser/ros2_ws/install/crazyflie_sim/share/crazyflie_sim/hook/cmake_prefix_path.dsv'
[7.971s] INFO:colcon.colcon_core.shell:Creating environment hook '/home/ubuntuuser/ros2_ws/install/crazyflie_sim/share/crazyflie_sim/hook/cmake_prefix_path.sh'
[7.973s] Level 1:colcon.colcon_core.environment:checking '/home/ubuntuuser/ros2_ws/install/crazyflie_sim/lib'
[7.973s] Level 1:colcon.colcon_core.environment:checking '/home/ubuntuuser/ros2_ws/install/crazyflie_sim/bin'
[7.973s] Level 1:colcon.colcon_core.environment:checking '/home/ubuntuuser/ros2_ws/install/crazyflie_sim/lib/pkgconfig/crazyflie_sim.pc'
[7.974s] Level 1:colcon.colcon_core.environment:checking '/home/ubuntuuser/ros2_ws/install/crazyflie_sim/lib/python3.12/site-packages'
[7.974s] Level 1:colcon.colcon_core.shell:create_environment_hook('crazyflie_sim', 'pythonpath')
[7.974s] INFO:colcon.colcon_core.shell:Creating environment hook '/home/ubuntuuser/ros2_ws/install/crazyflie_sim/share/crazyflie_sim/hook/pythonpath.ps1'
[7.975s] INFO:colcon.colcon_core.shell:Creating environment descriptor '/home/ubuntuuser/ros2_ws/install/crazyflie_sim/share/crazyflie_sim/hook/pythonpath.dsv'
[7.977s] INFO:colcon.colcon_core.shell:Creating environment hook '/home/ubuntuuser/ros2_ws/install/crazyflie_sim/share/crazyflie_sim/hook/pythonpath.sh'
[7.979s] Level 1:colcon.colcon_core.environment:checking '/home/ubuntuuser/ros2_ws/install/crazyflie_sim/bin'
[7.980s] INFO:colcon.colcon_core.shell:Creating package script '/home/ubuntuuser/ros2_ws/install/crazyflie_sim/share/crazyflie_sim/package.ps1'
[7.991s] INFO:colcon.colcon_core.shell:Creating package descriptor '/home/ubuntuuser/ros2_ws/install/crazyflie_sim/share/crazyflie_sim/package.dsv'
[7.992s] INFO:colcon.colcon_core.shell:Creating package script '/home/ubuntuuser/ros2_ws/install/crazyflie_sim/share/crazyflie_sim/package.sh'
[7.994s] INFO:colcon.colcon_core.shell:Creating package script '/home/ubuntuuser/ros2_ws/install/crazyflie_sim/share/crazyflie_sim/package.bash'
[7.996s] INFO:colcon.colcon_core.shell:Creating package script '/home/ubuntuuser/ros2_ws/install/crazyflie_sim/share/crazyflie_sim/package.zsh'
[7.999s] Level 1:colcon.colcon_core.environment:create_file_with_runtime_dependencies(/home/ubuntuuser/ros2_ws/install/crazyflie_sim/share/colcon-core/packages/crazyflie_sim)
[8.004s] Level 1:colcon.colcon_core.environment:create_environment_scripts_only(crazyflie_sim)
[8.005s] Level 1:colcon.colcon_core.environment:checking '/home/ubuntuuser/ros2_ws/install/crazyflie_sim' for CMake module files
[8.006s] Level 1:colcon.colcon_core.environment:checking '/home/ubuntuuser/ros2_ws/install/crazyflie_sim' for CMake config files
[8.007s] Level 1:colcon.colcon_core.shell:create_environment_hook('crazyflie_sim', 'cmake_prefix_path')
[8.008s] INFO:colcon.colcon_core.shell:Creating environment hook '/home/ubuntuuser/ros2_ws/install/crazyflie_sim/share/crazyflie_sim/hook/cmake_prefix_path.ps1'
[8.010s] INFO:colcon.colcon_core.shell:Creating environment descriptor '/home/ubuntuuser/ros2_ws/install/crazyflie_sim/share/crazyflie_sim/hook/cmake_prefix_path.dsv'
[8.012s] INFO:colcon.colcon_core.shell:Creating environment hook '/home/ubuntuuser/ros2_ws/install/crazyflie_sim/share/crazyflie_sim/hook/cmake_prefix_path.sh'
[8.013s] Level 1:colcon.colcon_core.environment:checking '/home/ubuntuuser/ros2_ws/install/crazyflie_sim/lib'
[8.013s] Level 1:colcon.colcon_core.environment:checking '/home/ubuntuuser/ros2_ws/install/crazyflie_sim/bin'
[8.014s] Level 1:colcon.colcon_core.environment:checking '/home/ubuntuuser/ros2_ws/install/crazyflie_sim/lib/pkgconfig/crazyflie_sim.pc'
[8.014s] Level 1:colcon.colcon_core.environment:checking '/home/ubuntuuser/ros2_ws/install/crazyflie_sim/lib/python3.12/site-packages'
[8.014s] Level 1:colcon.colcon_core.shell:create_environment_hook('crazyflie_sim', 'pythonpath')
[8.014s] INFO:colcon.colcon_core.shell:Creating environment hook '/home/ubuntuuser/ros2_ws/install/crazyflie_sim/share/crazyflie_sim/hook/pythonpath.ps1'
[8.016s] INFO:colcon.colcon_core.shell:Creating environment descriptor '/home/ubuntuuser/ros2_ws/install/crazyflie_sim/share/crazyflie_sim/hook/pythonpath.dsv'
[8.018s] INFO:colcon.colcon_core.shell:Creating environment hook '/home/ubuntuuser/ros2_ws/install/crazyflie_sim/share/crazyflie_sim/hook/pythonpath.sh'
[8.022s] Level 1:colcon.colcon_core.environment:checking '/home/ubuntuuser/ros2_ws/install/crazyflie_sim/bin'
[8.026s] INFO:colcon.colcon_core.shell:Creating package script '/home/ubuntuuser/ros2_ws/install/crazyflie_sim/share/crazyflie_sim/package.ps1'
[8.031s] INFO:colcon.colcon_core.shell:Creating package descriptor '/home/ubuntuuser/ros2_ws/install/crazyflie_sim/share/crazyflie_sim/package.dsv'
[8.033s] INFO:colcon.colcon_core.shell:Creating package script '/home/ubuntuuser/ros2_ws/install/crazyflie_sim/share/crazyflie_sim/package.sh'
[8.036s] INFO:colcon.colcon_core.shell:Creating package script '/home/ubuntuuser/ros2_ws/install/crazyflie_sim/share/crazyflie_sim/package.bash'
[8.038s] INFO:colcon.colcon_core.shell:Creating package script '/home/ubuntuuser/ros2_ws/install/crazyflie_sim/share/crazyflie_sim/package.zsh'
[8.040s] Level 1:colcon.colcon_core.environment:create_file_with_runtime_dependencies(/home/ubuntuuser/ros2_ws/install/crazyflie_sim/share/colcon-core/packages/crazyflie_sim)
[9.660s] DEBUG:colcon.colcon_core.event_handler.log_command:Invoked command in '/home/ubuntuuser/ros2_ws/build/crazyflie_examples' returned '0': AMENT_PREFIX_PATH=/home/ubuntuuser/ros2_ws/install/crazyflie_py:/home/ubuntuuser/ros2_ws/install/turtlebot3_trailer:/home/ubuntuuser/ros2_ws/install/turtlebot3_simulations:/home/ubuntuuser/ros2_ws/install/turtlebot3_gazebo:/home/ubuntuuser/ros2_ws/install/turtlebot3_fake_node:/home/ubuntuuser/ros2_ws/install/r7021e_exploration:/home/ubuntuuser/ros2_ws/install/crazyflie_sim:/home/ubuntuuser/ros2_ws/install/crazyflie_examples:/home/ubuntuuser/ros2_ws/install/crazyflie:/home/ubuntuuser/ros2_ws/install/crazyflie_interfaces:/opt/ros/jazzy CMAKE_PREFIX_PATH=/home/ubuntuuser/ros2_ws/install/crazyflie_interfaces:/home/ubuntuuser/ros2_ws/install/turtlebot3_simulations:/home/ubuntuuser/ros2_ws/install/turtlebot3_gazebo:/home/ubuntuuser/ros2_ws/install/turtlebot3_fake_node:/home/ubuntuuser/ros2_ws/install/crazyflie_sim:/home/ubuntuuser/ros2_ws/install/crazyflie_examples:/home/ubuntuuser/ros2_ws/install/crazyflie:/opt/ros/jazzy/opt/gz_sim_vendor:/opt/ros/jazzy/opt/gz_sensors_vendor:/opt/ros/jazzy/opt/gz_physics_vendor:/opt/ros/jazzy/opt/sdformat_vendor:/opt/ros/jazzy/opt/gz_gui_vendor:/opt/ros/jazzy/opt/gz_transport_vendor:/opt/ros/jazzy/opt/gz_rendering_vendor:/opt/ros/jazzy/opt/gz_plugin_vendor:/opt/ros/jazzy/opt/gz_fuel_tools_vendor:/opt/ros/jazzy/opt/gz_msgs_vendor:/opt/ros/jazzy/opt/gz_common_vendor:/opt/ros/jazzy/opt/gz_math_vendor:/opt/ros/jazzy/opt/gz_utils_vendor:/opt/ros/jazzy/opt/gz_tools_vendor:/opt/ros/jazzy/opt/gz_ogre_next_vendor:/opt/ros/jazzy/opt/gz_dartsim_vendor:/opt/ros/jazzy/opt/gz_cmake_vendor:/home/ubuntuuser/ros2_ws/install/turtlebot3_trailer:/home/ubuntuuser/ros2_ws/install/r7021e_exploration:/home/ubuntuuser/ros2_ws/install/crazyflie_py:/opt/ros/jazzy DEBUGINFOD_URLS=https://debuginfod.ubuntu.com PS1=(.venv) \[\e]0;\u@\h: \w\a\]${debian_chroot:+($debian_chroot)}\[\033[01;32m\]\u@\h\[\033[00m\]:\[\033[01;34m\]\w\[\033[00m\]\$ PYTHONPATH=/home/ubuntuuser/ros2_ws/install/crazyflie_py/lib/python3.12/site-packages:/home/ubuntuuser/ros2_ws/install/crazyflie_interfaces/lib/python3.12/site-packages:/home/ubuntuuser/ros2_ws/install/turtlebot3_trailer/lib/python3.12/site-packages:/home/ubuntuuser/ros2_ws/install/r7021e_exploration/lib/python3.12/site-packages:/home/ubuntuuser/ros2_ws/install/crazyflie_sim/lib/python3.12/site-packages:/home/ubuntuuser/ros2_ws/install/crazyflie_examples/lib/python3.12/site-packages:/opt/ros/jazzy/lib/python3.12/site-packages VIRTUAL_ENV_PROMPT=(.venv) /usr/bin/cmake --build /home/ubuntuuser/ros2_ws/build/crazyflie_examples -- -j4 -l4
[9.661s] DEBUG:colcon.colcon_core.event_handler.log_command:Invoking command in '/home/ubuntuuser/ros2_ws/build/crazyflie_examples': AMENT_PREFIX_PATH=/home/ubuntuuser/ros2_ws/install/crazyflie_py:/home/ubuntuuser/ros2_ws/install/turtlebot3_trailer:/home/ubuntuuser/ros2_ws/install/turtlebot3_simulations:/home/ubuntuuser/ros2_ws/install/turtlebot3_gazebo:/home/ubuntuuser/ros2_ws/install/turtlebot3_fake_node:/home/ubuntuuser/ros2_ws/install/r7021e_exploration:/home/ubuntuuser/ros2_ws/install/crazyflie_sim:/home/ubuntuuser/ros2_ws/install/crazyflie_examples:/home/ubuntuuser/ros2_ws/install/crazyflie:/home/ubuntuuser/ros2_ws/install/crazyflie_interfaces:/opt/ros/jazzy CMAKE_PREFIX_PATH=/home/ubuntuuser/ros2_ws/install/crazyflie_interfaces:/home/ubuntuuser/ros2_ws/install/turtlebot3_simulations:/home/ubuntuuser/ros2_ws/install/turtlebot3_gazebo:/home/ubuntuuser/ros2_ws/install/turtlebot3_fake_node:/home/ubuntuuser/ros2_ws/install/crazyflie_sim:/home/ubuntuuser/ros2_ws/install/crazyflie_examples:/home/ubuntuuser/ros2_ws/install/crazyflie:/opt/ros/jazzy/opt/gz_sim_vendor:/opt/ros/jazzy/opt/gz_sensors_vendor:/opt/ros/jazzy/opt/gz_physics_vendor:/opt/ros/jazzy/opt/sdformat_vendor:/opt/ros/jazzy/opt/gz_gui_vendor:/opt/ros/jazzy/opt/gz_transport_vendor:/opt/ros/jazzy/opt/gz_rendering_vendor:/opt/ros/jazzy/opt/gz_plugin_vendor:/opt/ros/jazzy/opt/gz_fuel_tools_vendor:/opt/ros/jazzy/opt/gz_msgs_vendor:/opt/ros/jazzy/opt/gz_common_vendor:/opt/ros/jazzy/opt/gz_math_vendor:/opt/ros/jazzy/opt/gz_utils_vendor:/opt/ros/jazzy/opt/gz_tools_vendor:/opt/ros/jazzy/opt/gz_ogre_next_vendor:/opt/ros/jazzy/opt/gz_dartsim_vendor:/opt/ros/jazzy/opt/gz_cmake_vendor:/home/ubuntuuser/ros2_ws/install/turtlebot3_trailer:/home/ubuntuuser/ros2_ws/install/r7021e_exploration:/home/ubuntuuser/ros2_ws/install/crazyflie_py:/opt/ros/jazzy DEBUGINFOD_URLS=https://debuginfod.ubuntu.com PS1=(.venv) \[\e]0;\u@\h: \w\a\]${debian_chroot:+($debian_chroot)}\[\033[01;32m\]\u@\h\[\033[00m\]:\[\033[01;34m\]\w\[\033[00m\]\$ PYTHONPATH=/home/ubuntuuser/ros2_ws/install/crazyflie_py/lib/python3.12/site-packages:/home/ubuntuuser/ros2_ws/install/crazyflie_interfaces/lib/python3.12/site-packages:/home/ubuntuuser/ros2_ws/install/turtlebot3_trailer/lib/python3.12/site-packages:/home/ubuntuuser/ros2_ws/install/r7021e_exploration/lib/python3.12/site-packages:/home/ubuntuuser/ros2_ws/install/crazyflie_sim/lib/python3.12/site-packages:/home/ubuntuuser/ros2_ws/install/crazyflie_examples/lib/python3.12/site-packages:/opt/ros/jazzy/lib/python3.12/site-packages VIRTUAL_ENV_PROMPT=(.venv) /usr/bin/cmake --install /home/ubuntuuser/ros2_ws/build/crazyflie_examples
[9.829s] Level 1:colcon.colcon_core.environment:create_environment_scripts_only(crazyflie_examples)
[9.829s] Level 1:colcon.colcon_core.environment:checking '/home/ubuntuuser/ros2_ws/install/crazyflie_examples' for CMake module files
[9.831s] Level 1:colcon.colcon_core.environment:checking '/home/ubuntuuser/ros2_ws/install/crazyflie_examples' for CMake config files
[9.831s] Level 1:colcon.colcon_core.shell:create_environment_hook('crazyflie_examples', 'cmake_prefix_path')
[9.831s] INFO:colcon.colcon_core.shell:Creating environment hook '/home/ubuntuuser/ros2_ws/install/crazyflie_examples/share/crazyflie_examples/hook/cmake_prefix_path.ps1'
[9.835s] DEBUG:colcon.colcon_core.event_handler.log_command:Invoked command in '/home/ubuntuuser/ros2_ws/build/crazyflie_examples' returned '0': AMENT_PREFIX_PATH=/home/ubuntuuser/ros2_ws/install/crazyflie_py:/home/ubuntuuser/ros2_ws/install/turtlebot3_trailer:/home/ubuntuuser/ros2_ws/install/turtlebot3_simulations:/home/ubuntuuser/ros2_ws/install/turtlebot3_gazebo:/home/ubuntuuser/ros2_ws/install/turtlebot3_fake_node:/home/ubuntuuser/ros2_ws/install/r7021e_exploration:/home/ubuntuuser/ros2_ws/install/crazyflie_sim:/home/ubuntuuser/ros2_ws/install/crazyflie_examples:/home/ubuntuuser/ros2_ws/install/crazyflie:/home/ubuntuuser/ros2_ws/install/crazyflie_interfaces:/opt/ros/jazzy CMAKE_PREFIX_PATH=/home/ubuntuuser/ros2_ws/install/crazyflie_interfaces:/home/ubuntuuser/ros2_ws/install/turtlebot3_simulations:/home/ubuntuuser/ros2_ws/install/turtlebot3_gazebo:/home/ubuntuuser/ros2_ws/install/turtlebot3_fake_node:/home/ubuntuuser/ros2_ws/install/crazyflie_sim:/home/ubuntuuser/ros2_ws/install/crazyflie_examples:/home/ubuntuuser/ros2_ws/install/crazyflie:/opt/ros/jazzy/opt/gz_sim_vendor:/opt/ros/jazzy/opt/gz_sensors_vendor:/opt/ros/jazzy/opt/gz_physics_vendor:/opt/ros/jazzy/opt/sdformat_vendor:/opt/ros/jazzy/opt/gz_gui_vendor:/opt/ros/jazzy/opt/gz_transport_vendor:/opt/ros/jazzy/opt/gz_rendering_vendor:/opt/ros/jazzy/opt/gz_plugin_vendor:/opt/ros/jazzy/opt/gz_fuel_tools_vendor:/opt/ros/jazzy/opt/gz_msgs_vendor:/opt/ros/jazzy/opt/gz_common_vendor:/opt/ros/jazzy/opt/gz_math_vendor:/opt/ros/jazzy/opt/gz_utils_vendor:/opt/ros/jazzy/opt/gz_tools_vendor:/opt/ros/jazzy/opt/gz_ogre_next_vendor:/opt/ros/jazzy/opt/gz_dartsim_vendor:/opt/ros/jazzy/opt/gz_cmake_vendor:/home/ubuntuuser/ros2_ws/install/turtlebot3_trailer:/home/ubuntuuser/ros2_ws/install/r7021e_exploration:/home/ubuntuuser/ros2_ws/install/crazyflie_py:/opt/ros/jazzy DEBUGINFOD_URLS=https://debuginfod.ubuntu.com PS1=(.venv) \[\e]0;\u@\h: \w\a\]${debian_chroot:+($debian_chroot)}\[\033[01;32m\]\u@\h\[\033[00m\]:\[\033[01;34m\]\w\[\033[00m\]\$ PYTHONPATH=/home/ubuntuuser/ros2_ws/install/crazyflie_py/lib/python3.12/site-packages:/home/ubuntuuser/ros2_ws/install/crazyflie_interfaces/lib/python3.12/site-packages:/home/ubuntuuser/ros2_ws/install/turtlebot3_trailer/lib/python3.12/site-packages:/home/ubuntuuser/ros2_ws/install/r7021e_exploration/lib/python3.12/site-packages:/home/ubuntuuser/ros2_ws/install/crazyflie_sim/lib/python3.12/site-packages:/home/ubuntuuser/ros2_ws/install/crazyflie_examples/lib/python3.12/site-packages:/opt/ros/jazzy/lib/python3.12/site-packages VIRTUAL_ENV_PROMPT=(.venv) /usr/bin/cmake --install /home/ubuntuuser/ros2_ws/build/crazyflie_examples
[9.836s] INFO:colcon.colcon_core.shell:Creating environment descriptor '/home/ubuntuuser/ros2_ws/install/crazyflie_examples/share/crazyflie_examples/hook/cmake_prefix_path.dsv'
[9.838s] INFO:colcon.colcon_core.shell:Creating environment hook '/home/ubuntuuser/ros2_ws/install/crazyflie_examples/share/crazyflie_examples/hook/cmake_prefix_path.sh'
[9.840s] Level 1:colcon.colcon_core.environment:checking '/home/ubuntuuser/ros2_ws/install/crazyflie_examples/lib'
[9.841s] Level 1:colcon.colcon_core.environment:checking '/home/ubuntuuser/ros2_ws/install/crazyflie_examples/bin'
[9.842s] Level 1:colcon.colcon_core.environment:checking '/home/ubuntuuser/ros2_ws/install/crazyflie_examples/lib/pkgconfig/crazyflie_examples.pc'
[9.844s] Level 1:colcon.colcon_core.environment:checking '/home/ubuntuuser/ros2_ws/install/crazyflie_examples/lib/python3.12/site-packages'
[9.844s] Level 1:colcon.colcon_core.shell:create_environment_hook('crazyflie_examples', 'pythonpath')
[9.845s] INFO:colcon.colcon_core.shell:Creating environment hook '/home/ubuntuuser/ros2_ws/install/crazyflie_examples/share/crazyflie_examples/hook/pythonpath.ps1'
[9.847s] INFO:colcon.colcon_core.shell:Creating environment descriptor '/home/ubuntuuser/ros2_ws/install/crazyflie_examples/share/crazyflie_examples/hook/pythonpath.dsv'
[9.849s] INFO:colcon.colcon_core.shell:Creating environment hook '/home/ubuntuuser/ros2_ws/install/crazyflie_examples/share/crazyflie_examples/hook/pythonpath.sh'
[9.852s] Level 1:colcon.colcon_core.environment:checking '/home/ubuntuuser/ros2_ws/install/crazyflie_examples/bin'
[9.854s] INFO:colcon.colcon_core.shell:Creating package script '/home/ubuntuuser/ros2_ws/install/crazyflie_examples/share/crazyflie_examples/package.ps1'
[9.859s] INFO:colcon.colcon_core.shell:Creating package descriptor '/home/ubuntuuser/ros2_ws/install/crazyflie_examples/share/crazyflie_examples/package.dsv'
[9.861s] INFO:colcon.colcon_core.shell:Creating package script '/home/ubuntuuser/ros2_ws/install/crazyflie_examples/share/crazyflie_examples/package.sh'
[9.862s] INFO:colcon.colcon_core.shell:Creating package script '/home/ubuntuuser/ros2_ws/install/crazyflie_examples/share/crazyflie_examples/package.bash'
[9.864s] INFO:colcon.colcon_core.shell:Creating package script '/home/ubuntuuser/ros2_ws/install/crazyflie_examples/share/crazyflie_examples/package.zsh'
[9.865s] Level 1:colcon.colcon_core.environment:create_file_with_runtime_dependencies(/home/ubuntuuser/ros2_ws/install/crazyflie_examples/share/colcon-core/packages/crazyflie_examples)
[9.866s] Level 1:colcon.colcon_core.environment:create_environment_scripts_only(crazyflie_examples)
[9.867s] Level 1:colcon.colcon_core.environment:checking '/home/ubuntuuser/ros2_ws/install/crazyflie_examples' for CMake module files
[9.867s] Level 1:colcon.colcon_core.environment:checking '/home/ubuntuuser/ros2_ws/install/crazyflie_examples' for CMake config files
[9.868s] Level 1:colcon.colcon_core.shell:create_environment_hook('crazyflie_examples', 'cmake_prefix_path')
[9.868s] INFO:colcon.colcon_core.shell:Creating environment hook '/home/ubuntuuser/ros2_ws/install/crazyflie_examples/share/crazyflie_examples/hook/cmake_prefix_path.ps1'
[9.869s] INFO:colcon.colcon_core.shell:Creating environment descriptor '/home/ubuntuuser/ros2_ws/install/crazyflie_examples/share/crazyflie_examples/hook/cmake_prefix_path.dsv'
[9.870s] INFO:colcon.colcon_core.shell:Creating environment hook '/home/ubuntuuser/ros2_ws/install/crazyflie_examples/share/crazyflie_examples/hook/cmake_prefix_path.sh'
[9.871s] Level 1:colcon.colcon_core.environment:checking '/home/ubuntuuser/ros2_ws/install/crazyflie_examples/lib'
[9.871s] Level 1:colcon.colcon_core.environment:checking '/home/ubuntuuser/ros2_ws/install/crazyflie_examples/bin'
[9.871s] Level 1:colcon.colcon_core.environment:checking '/home/ubuntuuser/ros2_ws/install/crazyflie_examples/lib/pkgconfig/crazyflie_examples.pc'
[9.871s] Level 1:colcon.colcon_core.environment:checking '/home/ubuntuuser/ros2_ws/install/crazyflie_examples/lib/python3.12/site-packages'
[9.872s] Level 1:colcon.colcon_core.shell:create_environment_hook('crazyflie_examples', 'pythonpath')
[9.872s] INFO:colcon.colcon_core.shell:Creating environment hook '/home/ubuntuuser/ros2_ws/install/crazyflie_examples/share/crazyflie_examples/hook/pythonpath.ps1'
[9.873s] INFO:colcon.colcon_core.shell:Creating environment descriptor '/home/ubuntuuser/ros2_ws/install/crazyflie_examples/share/crazyflie_examples/hook/pythonpath.dsv'
[9.874s] INFO:colcon.colcon_core.shell:Creating environment hook '/home/ubuntuuser/ros2_ws/install/crazyflie_examples/share/crazyflie_examples/hook/pythonpath.sh'
[9.876s] Level 1:colcon.colcon_core.environment:checking '/home/ubuntuuser/ros2_ws/install/crazyflie_examples/bin'
[9.876s] INFO:colcon.colcon_core.shell:Creating package script '/home/ubuntuuser/ros2_ws/install/crazyflie_examples/share/crazyflie_examples/package.ps1'
[9.878s] INFO:colcon.colcon_core.shell:Creating package descriptor '/home/ubuntuuser/ros2_ws/install/crazyflie_examples/share/crazyflie_examples/package.dsv'
[9.881s] INFO:colcon.colcon_core.shell:Creating package script '/home/ubuntuuser/ros2_ws/install/crazyflie_examples/share/crazyflie_examples/package.sh'
[9.883s] INFO:colcon.colcon_core.shell:Creating package script '/home/ubuntuuser/ros2_ws/install/crazyflie_examples/share/crazyflie_examples/package.bash'
[9.885s] INFO:colcon.colcon_core.shell:Creating package script '/home/ubuntuuser/ros2_ws/install/crazyflie_examples/share/crazyflie_examples/package.zsh'
[9.887s] Level 1:colcon.colcon_core.environment:create_file_with_runtime_dependencies(/home/ubuntuuser/ros2_ws/install/crazyflie_examples/share/colcon-core/packages/crazyflie_examples)
[9.889s] DEBUG:colcon.colcon_parallel_executor.executor.parallel:closing loop
[9.891s] DEBUG:colcon.colcon_parallel_executor.executor.parallel:loop closed
[9.891s] DEBUG:colcon.colcon_parallel_executor.executor.parallel:run_until_complete finished with '0'
[9.892s] DEBUG:colcon.colcon_core.event_reactor:joining thread
[9.901s] INFO:colcon.colcon_core.plugin_system:Skipping extension 'colcon_notification.desktop_notification.notify2': 'notify2' not found
[9.901s] INFO:colcon.colcon_core.plugin_system:Skipping extension 'colcon_notification.desktop_notification.terminal_notifier': Not used on non-Darwin systems
[9.901s] INFO:colcon.colcon_core.plugin_system:Skipping extension 'colcon_notification.desktop_notification.win32': Not used on non-Windows systems
[9.901s] INFO:colcon.colcon_notification.desktop_notification:Sending desktop notification using 'notify_send'
[9.978s] DEBUG:colcon.colcon_core.event_reactor:joined thread
[9.979s] INFO:colcon.colcon_core.shell:Creating prefix script '/home/ubuntuuser/ros2_ws/install/local_setup.ps1'
[9.986s] INFO:colcon.colcon_core.shell:Creating prefix util module '/home/ubuntuuser/ros2_ws/install/_local_setup_util_ps1.py'
[10.014s] INFO:colcon.colcon_core.shell:Creating prefix chain script '/home/ubuntuuser/ros2_ws/install/setup.ps1'
[10.022s] INFO:colcon.colcon_core.shell:Creating prefix script '/home/ubuntuuser/ros2_ws/install/local_setup.sh'
[10.028s] INFO:colcon.colcon_core.shell:Creating prefix util module '/home/ubuntuuser/ros2_ws/install/_local_setup_util_sh.py'
[10.029s] INFO:colcon.colcon_core.shell:Creating prefix chain script '/home/ubuntuuser/ros2_ws/install/setup.sh'
[10.037s] INFO:colcon.colcon_core.shell:Creating prefix script '/home/ubuntuuser/ros2_ws/install/local_setup.bash'
[10.042s] INFO:colcon.colcon_core.shell:Creating prefix chain script '/home/ubuntuuser/ros2_ws/install/setup.bash'
[10.049s] INFO:colcon.colcon_core.shell:Creating prefix script '/home/ubuntuuser/ros2_ws/install/local_setup.zsh'
[10.052s] INFO:colcon.colcon_core.shell:Creating prefix chain script '/home/ubuntuuser/ros2_ws/install/setup.zsh'
