[0.054s] Invoking command in '/home/ubuntuuser/ros2_ws/build/crazyflie_interfaces': CMAKE_PREFIX_PATH=${CMAKE_PREFIX_PATH}:/home/ubuntuuser/ros2_ws/install/turtlebot3_trailer:/home/ubuntuuser/ros2_ws/install/r7021e_exploration:/home/ubuntuuser/ros2_ws/install/crazyflie_py:/opt/ros/jazzy DEBUGINFOD_URLS=https://debuginfod.ubuntu.com /usr/bin/cmake --build /home/ubuntuuser/ros2_ws/build/crazyflie_interfaces -- -j4 -l4
[0.351s] [  0%] Built target crazyflie_interfaces__rosidl_generator_type_description
[0.409s] [  0%] Built target ament_cmake_python_copy_crazyflie_interfaces
[0.442s] [  0%] Built target crazyflie_interfaces__cpp
[0.477s] [ 28%] Built target crazyflie_interfaces__rosidl_generator_c
[0.630s] [ 38%] Built target crazyflie_interfaces__rosidl_typesupport_fastrtps_c
[0.642s] [ 48%] Built target crazyflie_interfaces__rosidl_typesupport_cpp
[0.653s] [ 57%] Built target crazyflie_interfaces__rosidl_typesupport_fastrtps_cpp
[0.760s] [ 67%] Built target crazyflie_interfaces__rosidl_typesupport_c
[0.798s] [ 77%] Built target crazyflie_interfaces__rosidl_typesupport_introspection_cpp
[0.802s] [ 87%] Built target crazyflie_interfaces__rosidl_typesupport_introspection_c
[0.894s] [ 87%] Built target crazyflie_interfaces
[0.984s] [ 87%] Built target crazyflie_interfaces__py
[1.034s] running egg_info
[1.076s] writing crazyflie_interfaces.egg-info/PKG-INFO
[1.077s] writing dependency_links to crazyflie_interfaces.egg-info/dependency_links.txt
[1.078s] writing top-level names to crazyflie_interfaces.egg-info/top_level.txt
[1.149s] [ 97%] Built target crazyflie_interfaces__rosidl_generator_py
[1.216s] reading manifest file 'crazyflie_interfaces.egg-info/SOURCES.txt'
[1.216s] writing manifest file 'crazyflie_interfaces.egg-info/SOURCES.txt'
[1.266s] [ 98%] Built target crazyflie_interfaces_s__rosidl_typesupport_c
[1.283s] [ 99%] Built target crazyflie_interfaces_s__rosidl_typesupport_introspection_c
[1.291s] [100%] Built target crazyflie_interfaces_s__rosidl_typesupport_fastrtps_c
[1.347s] [100%] Built target ament_cmake_python_build_crazyflie_interfaces_egg
[1.633s] Invoked command in '/home/ubuntuuser/ros2_ws/build/crazyflie_interfaces' returned '0': CMAKE_PREFIX_PATH=${CMAKE_PREFIX_PATH}:/home/ubuntuuser/ros2_ws/install/turtlebot3_trailer:/home/ubuntuuser/ros2_ws/install/r7021e_exploration:/home/ubuntuuser/ros2_ws/install/crazyflie_py:/opt/ros/jazzy DEBUGINFOD_URLS=https://debuginfod.ubuntu.com /usr/bin/cmake --build /home/ubuntuuser/ros2_ws/build/crazyflie_interfaces -- -j4 -l4
[1.635s] Invoking command in '/home/ubuntuuser/ros2_ws/build/crazyflie_interfaces': CMAKE_PREFIX_PATH=${CMAKE_PREFIX_PATH}:/home/ubuntuuser/ros2_ws/install/turtlebot3_trailer:/home/ubuntuuser/ros2_ws/install/r7021e_exploration:/home/ubuntuuser/ros2_ws/install/crazyflie_py:/opt/ros/jazzy DEBUGINFOD_URLS=https://debuginfod.ubuntu.com /usr/bin/cmake --install /home/ubuntuuser/ros2_ws/build/crazyflie_interfaces
[1.679s] -- Install configuration: ""
[1.679s] -- Up-to-date: /home/ubuntuuser/ros2_ws/install/crazyflie_interfaces/share/ament_index/resource_index/rosidl_interfaces/crazyflie_interfaces
[1.681s] -- Up-to-date: /home/ubuntuuser/ros2_ws/install/crazyflie_interfaces/share/crazyflie_interfaces/msg/ConnectionStatistics.json
[1.683s] -- Up-to-date: /home/ubuntuuser/ros2_ws/install/crazyflie_interfaces/share/crazyflie_interfaces/msg/ConnectionStatisticsArray.json
[1.683s] -- Up-to-date: /home/ubuntuuser/ros2_ws/install/crazyflie_interfaces/share/crazyflie_interfaces/msg/FullState.json
[1.685s] -- Up-to-date: /home/ubuntuuser/ros2_ws/install/crazyflie_interfaces/share/crazyflie_interfaces/msg/LogDataGeneric.json
[1.685s] -- Up-to-date: /home/ubuntuuser/ros2_ws/install/crazyflie_interfaces/share/crazyflie_interfaces/msg/Hover.json
[1.685s] -- Up-to-date: /home/ubuntuuser/ros2_ws/install/crazyflie_interfaces/share/crazyflie_interfaces/msg/LogBlock.json
[1.686s] -- Up-to-date: /home/ubuntuuser/ros2_ws/install/crazyflie_interfaces/share/crazyflie_interfaces/msg/Position.json
[1.686s] -- Up-to-date: /home/ubuntuuser/ros2_ws/install/crazyflie_interfaces/share/crazyflie_interfaces/msg/Status.json
[1.686s] -- Up-to-date: /home/ubuntuuser/ros2_ws/install/crazyflie_interfaces/share/crazyflie_interfaces/msg/TrajectoryPolynomialPiece.json
[1.686s] -- Up-to-date: /home/ubuntuuser/ros2_ws/install/crazyflie_interfaces/share/crazyflie_interfaces/msg/VelocityWorld.json
[1.686s] -- Up-to-date: /home/ubuntuuser/ros2_ws/install/crazyflie_interfaces/share/crazyflie_interfaces/srv/GoTo.json
[1.686s] -- Up-to-date: /home/ubuntuuser/ros2_ws/install/crazyflie_interfaces/share/crazyflie_interfaces/srv/Land.json
[1.686s] -- Up-to-date: /home/ubuntuuser/ros2_ws/install/crazyflie_interfaces/share/crazyflie_interfaces/srv/NotifySetpointsStop.json
[1.686s] -- Up-to-date: /home/ubuntuuser/ros2_ws/install/crazyflie_interfaces/share/crazyflie_interfaces/srv/SetGroupMask.json
[1.686s] -- Up-to-date: /home/ubuntuuser/ros2_ws/install/crazyflie_interfaces/share/crazyflie_interfaces/srv/StartTrajectory.json
[1.686s] -- Up-to-date: /home/ubuntuuser/ros2_ws/install/crazyflie_interfaces/share/crazyflie_interfaces/srv/Stop.json
[1.686s] -- Up-to-date: /home/ubuntuuser/ros2_ws/install/crazyflie_interfaces/share/crazyflie_interfaces/srv/Takeoff.json
[1.686s] -- Up-to-date: /home/ubuntuuser/ros2_ws/install/crazyflie_interfaces/share/crazyflie_interfaces/srv/UpdateParams.json
[1.687s] -- Up-to-date: /home/ubuntuuser/ros2_ws/install/crazyflie_interfaces/share/crazyflie_interfaces/srv/UploadTrajectory.json
[1.687s] -- Up-to-date: /home/ubuntuuser/ros2_ws/install/crazyflie_interfaces/share/crazyflie_interfaces/srv/RemoveLogging.json
[1.687s] -- Up-to-date: /home/ubuntuuser/ros2_ws/install/crazyflie_interfaces/share/crazyflie_interfaces/srv/AddLogging.json
[1.687s] -- Up-to-date: /home/ubuntuuser/ros2_ws/install/crazyflie_interfaces/share/crazyflie_interfaces/srv/Arm.json
[1.687s] -- Up-to-date: /home/ubuntuuser/ros2_ws/install/crazyflie_interfaces/include/crazyflie_interfaces/crazyflie_interfaces
[1.687s] -- Up-to-date: /home/ubuntuuser/ros2_ws/install/crazyflie_interfaces/include/crazyflie_interfaces/crazyflie_interfaces/msg
[1.690s] -- Up-to-date: /home/ubuntuuser/ros2_ws/install/crazyflie_interfaces/include/crazyflie_interfaces/crazyflie_interfaces/msg/connection_statistics_array.h
[1.692s] -- Up-to-date: /home/ubuntuuser/ros2_ws/install/crazyflie_interfaces/include/crazyflie_interfaces/crazyflie_interfaces/msg/detail
[1.692s] -- Installing: /home/ubuntuuser/ros2_ws/install/crazyflie_interfaces/include/crazyflie_interfaces/crazyflie_interfaces/msg/detail/velocity_world__type_support.c
[1.692s] -- Up-to-date: /home/ubuntuuser/ros2_ws/install/crazyflie_interfaces/include/crazyflie_interfaces/crazyflie_interfaces/msg/detail/full_state__description.c
[1.692s] -- Up-to-date: /home/ubuntuuser/ros2_ws/install/crazyflie_interfaces/include/crazyflie_interfaces/crazyflie_interfaces/msg/detail/connection_statistics_array__functions.h
[1.692s] -- Up-to-date: /home/ubuntuuser/ros2_ws/install/crazyflie_interfaces/include/crazyflie_interfaces/crazyflie_interfaces/msg/detail/log_block__functions.c
[1.692s] -- Up-to-date: /home/ubuntuuser/ros2_ws/install/crazyflie_interfaces/include/crazyflie_interfaces/crazyflie_interfaces/msg/detail/hover__functions.h
[1.692s] -- Up-to-date: /home/ubuntuuser/ros2_ws/install/crazyflie_interfaces/include/crazyflie_interfaces/crazyflie_interfaces/msg/detail/position__functions.h
[1.693s] -- Installing: /home/ubuntuuser/ros2_ws/install/crazyflie_interfaces/include/crazyflie_interfaces/crazyflie_interfaces/msg/detail/log_block__type_support.c
[1.693s] -- Up-to-date: /home/ubuntuuser/ros2_ws/install/crazyflie_interfaces/include/crazyflie_interfaces/crazyflie_interfaces/msg/detail/connection_statistics__struct.h
[1.693s] -- Up-to-date: /home/ubuntuuser/ros2_ws/install/crazyflie_interfaces/include/crazyflie_interfaces/crazyflie_interfaces/msg/detail/connection_statistics__description.c
[1.693s] -- Installing: /home/ubuntuuser/ros2_ws/install/crazyflie_interfaces/include/crazyflie_interfaces/crazyflie_interfaces/msg/detail/connection_statistics_array__type_support.c
[1.693s] -- Up-to-date: /home/ubuntuuser/ros2_ws/install/crazyflie_interfaces/include/crazyflie_interfaces/crazyflie_interfaces/msg/detail/velocity_world__struct.h
[1.693s] -- Up-to-date: /home/ubuntuuser/ros2_ws/install/crazyflie_interfaces/include/crazyflie_interfaces/crazyflie_interfaces/msg/detail/full_state__struct.h
[1.693s] -- Up-to-date: /home/ubuntuuser/ros2_ws/install/crazyflie_interfaces/include/crazyflie_interfaces/crazyflie_interfaces/msg/detail/status__type_support.h
[1.695s] -- Up-to-date: /home/ubuntuuser/ros2_ws/install/crazyflie_interfaces/include/crazyflie_interfaces/crazyflie_interfaces/msg/detail/full_state__functions.h
[1.696s] -- Up-to-date: /home/ubuntuuser/ros2_ws/install/crazyflie_interfaces/include/crazyflie_interfaces/crazyflie_interfaces/msg/detail/log_block__type_support.h
[1.697s] -- Up-to-date: /home/ubuntuuser/ros2_ws/install/crazyflie_interfaces/include/crazyflie_interfaces/crazyflie_interfaces/msg/detail/connection_statistics_array__struct.h
[1.697s] -- Up-to-date: /home/ubuntuuser/ros2_ws/install/crazyflie_interfaces/include/crazyflie_interfaces/crazyflie_interfaces/msg/detail/status__struct.h
[1.697s] -- Up-to-date: /home/ubuntuuser/ros2_ws/install/crazyflie_interfaces/include/crazyflie_interfaces/crazyflie_interfaces/msg/detail/log_block__functions.h
[1.698s] -- Up-to-date: /home/ubuntuuser/ros2_ws/install/crazyflie_interfaces/include/crazyflie_interfaces/crazyflie_interfaces/msg/detail/trajectory_polynomial_piece__description.c
[1.699s] -- Up-to-date: /home/ubuntuuser/ros2_ws/install/crazyflie_interfaces/include/crazyflie_interfaces/crazyflie_interfaces/msg/detail/log_block__description.c
[1.699s] -- Up-to-date: /home/ubuntuuser/ros2_ws/install/crazyflie_interfaces/include/crazyflie_interfaces/crazyflie_interfaces/msg/detail/log_data_generic__struct.h
[1.699s] -- Up-to-date: /home/ubuntuuser/ros2_ws/install/crazyflie_interfaces/include/crazyflie_interfaces/crazyflie_interfaces/msg/detail/full_state__type_support.h
[1.699s] -- Up-to-date: /home/ubuntuuser/ros2_ws/install/crazyflie_interfaces/include/crazyflie_interfaces/crazyflie_interfaces/msg/detail/trajectory_polynomial_piece__functions.c
[1.699s] -- Up-to-date: /home/ubuntuuser/ros2_ws/install/crazyflie_interfaces/include/crazyflie_interfaces/crazyflie_interfaces/msg/detail/connection_statistics_array__description.c
[1.699s] -- Up-to-date: /home/ubuntuuser/ros2_ws/install/crazyflie_interfaces/include/crazyflie_interfaces/crazyflie_interfaces/msg/detail/log_data_generic__type_support.h
[1.699s] -- Up-to-date: /home/ubuntuuser/ros2_ws/install/crazyflie_interfaces/include/crazyflie_interfaces/crazyflie_interfaces/msg/detail/hover__functions.c
[1.699s] -- Up-to-date: /home/ubuntuuser/ros2_ws/install/crazyflie_interfaces/include/crazyflie_interfaces/crazyflie_interfaces/msg/detail/log_block__struct.h
[1.702s] -- Up-to-date: /home/ubuntuuser/ros2_ws/install/crazyflie_interfaces/include/crazyflie_interfaces/crazyflie_interfaces/msg/detail/velocity_world__functions.h
[1.703s] -- Up-to-date: /home/ubuntuuser/ros2_ws/install/crazyflie_interfaces/include/crazyflie_interfaces/crazyflie_interfaces/msg/detail/status__functions.c
[1.704s] -- Installing: /home/ubuntuuser/ros2_ws/install/crazyflie_interfaces/include/crazyflie_interfaces/crazyflie_interfaces/msg/detail/status__type_support.c
[1.704s] -- Up-to-date: /home/ubuntuuser/ros2_ws/install/crazyflie_interfaces/include/crazyflie_interfaces/crazyflie_interfaces/msg/detail/trajectory_polynomial_piece__struct.h
[1.704s] -- Up-to-date: /home/ubuntuuser/ros2_ws/install/crazyflie_interfaces/include/crazyflie_interfaces/crazyflie_interfaces/msg/detail/position__functions.c
[1.704s] -- Installing: /home/ubuntuuser/ros2_ws/install/crazyflie_interfaces/include/crazyflie_interfaces/crazyflie_interfaces/msg/detail/full_state__type_support.c
[1.707s] -- Up-to-date: /home/ubuntuuser/ros2_ws/install/crazyflie_interfaces/include/crazyflie_interfaces/crazyflie_interfaces/msg/detail/connection_statistics__functions.h
[1.709s] -- Up-to-date: /home/ubuntuuser/ros2_ws/install/crazyflie_interfaces/include/crazyflie_interfaces/crazyflie_interfaces/msg/detail/log_data_generic__functions.h
[1.710s] -- Up-to-date: /home/ubuntuuser/ros2_ws/install/crazyflie_interfaces/include/crazyflie_interfaces/crazyflie_interfaces/msg/detail/connection_statistics_array__type_support.h
[1.710s] -- Up-to-date: /home/ubuntuuser/ros2_ws/install/crazyflie_interfaces/include/crazyflie_interfaces/crazyflie_interfaces/msg/detail/full_state__functions.c
[1.711s] -- Up-to-date: /home/ubuntuuser/ros2_ws/install/crazyflie_interfaces/include/crazyflie_interfaces/crazyflie_interfaces/msg/detail/velocity_world__description.c
[1.712s] -- Installing: /home/ubuntuuser/ros2_ws/install/crazyflie_interfaces/include/crazyflie_interfaces/crazyflie_interfaces/msg/detail/log_data_generic__type_support.c
[1.714s] -- Up-to-date: /home/ubuntuuser/ros2_ws/install/crazyflie_interfaces/include/crazyflie_interfaces/crazyflie_interfaces/msg/detail/connection_statistics_array__functions.c
[1.715s] -- Up-to-date: /home/ubuntuuser/ros2_ws/install/crazyflie_interfaces/include/crazyflie_interfaces/crazyflie_interfaces/msg/detail/trajectory_polynomial_piece__type_support.h
[1.715s] -- Up-to-date: /home/ubuntuuser/ros2_ws/install/crazyflie_interfaces/include/crazyflie_interfaces/crazyflie_interfaces/msg/detail/status__description.c
[1.715s] -- Up-to-date: /home/ubuntuuser/ros2_ws/install/crazyflie_interfaces/include/crazyflie_interfaces/crazyflie_interfaces/msg/detail/velocity_world__functions.c
[1.715s] -- Up-to-date: /home/ubuntuuser/ros2_ws/install/crazyflie_interfaces/include/crazyflie_interfaces/crazyflie_interfaces/msg/detail/status__functions.h
[1.715s] -- Up-to-date: /home/ubuntuuser/ros2_ws/install/crazyflie_interfaces/include/crazyflie_interfaces/crazyflie_interfaces/msg/detail/hover__type_support.h
[1.715s] -- Up-to-date: /home/ubuntuuser/ros2_ws/install/crazyflie_interfaces/include/crazyflie_interfaces/crazyflie_interfaces/msg/detail/connection_statistics__functions.c
[1.715s] -- Installing: /home/ubuntuuser/ros2_ws/install/crazyflie_interfaces/include/crazyflie_interfaces/crazyflie_interfaces/msg/detail/trajectory_polynomial_piece__type_support.c
[1.715s] -- Up-to-date: /home/ubuntuuser/ros2_ws/install/crazyflie_interfaces/include/crazyflie_interfaces/crazyflie_interfaces/msg/detail/position__description.c
[1.715s] -- Up-to-date: /home/ubuntuuser/ros2_ws/install/crazyflie_interfaces/include/crazyflie_interfaces/crazyflie_interfaces/msg/detail/position__struct.h
[1.716s] -- Up-to-date: /home/ubuntuuser/ros2_ws/install/crazyflie_interfaces/include/crazyflie_interfaces/crazyflie_interfaces/msg/detail/velocity_world__type_support.h
[1.716s] -- Up-to-date: /home/ubuntuuser/ros2_ws/install/crazyflie_interfaces/include/crazyflie_interfaces/crazyflie_interfaces/msg/detail/position__type_support.h
[1.716s] -- Up-to-date: /home/ubuntuuser/ros2_ws/install/crazyflie_interfaces/include/crazyflie_interfaces/crazyflie_interfaces/msg/detail/hover__struct.h
[1.716s] -- Installing: /home/ubuntuuser/ros2_ws/install/crazyflie_interfaces/include/crazyflie_interfaces/crazyflie_interfaces/msg/detail/hover__type_support.c
[1.717s] -- Up-to-date: /home/ubuntuuser/ros2_ws/install/crazyflie_interfaces/include/crazyflie_interfaces/crazyflie_interfaces/msg/detail/connection_statistics__type_support.h
[1.721s] -- Up-to-date: /home/ubuntuuser/ros2_ws/install/crazyflie_interfaces/include/crazyflie_interfaces/crazyflie_interfaces/msg/detail/log_data_generic__description.c
[1.721s] -- Installing: /home/ubuntuuser/ros2_ws/install/crazyflie_interfaces/include/crazyflie_interfaces/crazyflie_interfaces/msg/detail/connection_statistics__type_support.c
[1.721s] -- Installing: /home/ubuntuuser/ros2_ws/install/crazyflie_interfaces/include/crazyflie_interfaces/crazyflie_interfaces/msg/detail/position__type_support.c
[1.722s] -- Up-to-date: /home/ubuntuuser/ros2_ws/install/crazyflie_interfaces/include/crazyflie_interfaces/crazyflie_interfaces/msg/detail/hover__description.c
[1.722s] -- Up-to-date: /home/ubuntuuser/ros2_ws/install/crazyflie_interfaces/include/crazyflie_interfaces/crazyflie_interfaces/msg/detail/log_data_generic__functions.c
[1.722s] -- Up-to-date: /home/ubuntuuser/ros2_ws/install/crazyflie_interfaces/include/crazyflie_interfaces/crazyflie_interfaces/msg/detail/trajectory_polynomial_piece__functions.h
[1.722s] -- Up-to-date: /home/ubuntuuser/ros2_ws/install/crazyflie_interfaces/include/crazyflie_interfaces/crazyflie_interfaces/msg/status.h
[1.722s] -- Up-to-date: /home/ubuntuuser/ros2_ws/install/crazyflie_interfaces/include/crazyflie_interfaces/crazyflie_interfaces/msg/trajectory_polynomial_piece.h
[1.722s] -- Up-to-date: /home/ubuntuuser/ros2_ws/install/crazyflie_interfaces/include/crazyflie_interfaces/crazyflie_interfaces/msg/log_data_generic.h
[1.723s] -- Up-to-date: /home/ubuntuuser/ros2_ws/install/crazyflie_interfaces/include/crazyflie_interfaces/crazyflie_interfaces/msg/log_block.h
[1.723s] -- Up-to-date: /home/ubuntuuser/ros2_ws/install/crazyflie_interfaces/include/crazyflie_interfaces/crazyflie_interfaces/msg/position.h
[1.724s] -- Up-to-date: /home/ubuntuuser/ros2_ws/install/crazyflie_interfaces/include/crazyflie_interfaces/crazyflie_interfaces/msg/connection_statistics.h
[1.724s] -- Up-to-date: /home/ubuntuuser/ros2_ws/install/crazyflie_interfaces/include/crazyflie_interfaces/crazyflie_interfaces/msg/full_state.h
[1.724s] -- Up-to-date: /home/ubuntuuser/ros2_ws/install/crazyflie_interfaces/include/crazyflie_interfaces/crazyflie_interfaces/msg/hover.h
[1.724s] -- Up-to-date: /home/ubuntuuser/ros2_ws/install/crazyflie_interfaces/include/crazyflie_interfaces/crazyflie_interfaces/msg/rosidl_generator_c__visibility_control.h
[1.724s] -- Up-to-date: /home/ubuntuuser/ros2_ws/install/crazyflie_interfaces/include/crazyflie_interfaces/crazyflie_interfaces/msg/velocity_world.h
[1.724s] -- Up-to-date: /home/ubuntuuser/ros2_ws/install/crazyflie_interfaces/include/crazyflie_interfaces/crazyflie_interfaces/srv
[1.724s] -- Up-to-date: /home/ubuntuuser/ros2_ws/install/crazyflie_interfaces/include/crazyflie_interfaces/crazyflie_interfaces/srv/update_params.h
[1.724s] -- Up-to-date: /home/ubuntuuser/ros2_ws/install/crazyflie_interfaces/include/crazyflie_interfaces/crazyflie_interfaces/srv/detail
[1.724s] -- Up-to-date: /home/ubuntuuser/ros2_ws/install/crazyflie_interfaces/include/crazyflie_interfaces/crazyflie_interfaces/srv/detail/arm__functions.c
[1.724s] -- Installing: /home/ubuntuuser/ros2_ws/install/crazyflie_interfaces/include/crazyflie_interfaces/crazyflie_interfaces/srv/detail/update_params__type_support.c
[1.725s] -- Up-to-date: /home/ubuntuuser/ros2_ws/install/crazyflie_interfaces/include/crazyflie_interfaces/crazyflie_interfaces/srv/detail/takeoff__description.c
[1.727s] -- Up-to-date: /home/ubuntuuser/ros2_ws/install/crazyflie_interfaces/include/crazyflie_interfaces/crazyflie_interfaces/srv/detail/notify_setpoints_stop__type_support.h
[1.727s] -- Up-to-date: /home/ubuntuuser/ros2_ws/install/crazyflie_interfaces/include/crazyflie_interfaces/crazyflie_interfaces/srv/detail/land__description.c
[1.727s] -- Up-to-date: /home/ubuntuuser/ros2_ws/install/crazyflie_interfaces/include/crazyflie_interfaces/crazyflie_interfaces/srv/detail/arm__type_support.h
[1.727s] -- Up-to-date: /home/ubuntuuser/ros2_ws/install/crazyflie_interfaces/include/crazyflie_interfaces/crazyflie_interfaces/srv/detail/update_params__functions.c
[1.729s] -- Up-to-date: /home/ubuntuuser/ros2_ws/install/crazyflie_interfaces/include/crazyflie_interfaces/crazyflie_interfaces/srv/detail/stop__struct.h
[1.729s] -- Up-to-date: /home/ubuntuuser/ros2_ws/install/crazyflie_interfaces/include/crazyflie_interfaces/crazyflie_interfaces/srv/detail/remove_logging__struct.h
[1.729s] -- Up-to-date: /home/ubuntuuser/ros2_ws/install/crazyflie_interfaces/include/crazyflie_interfaces/crazyflie_interfaces/srv/detail/add_logging__type_support.h
[1.729s] -- Up-to-date: /home/ubuntuuser/ros2_ws/install/crazyflie_interfaces/include/crazyflie_interfaces/crazyflie_interfaces/srv/detail/set_group_mask__functions.c
[1.729s] -- Up-to-date: /home/ubuntuuser/ros2_ws/install/crazyflie_interfaces/include/crazyflie_interfaces/crazyflie_interfaces/srv/detail/upload_trajectory__type_support.h
[1.729s] -- Up-to-date: /home/ubuntuuser/ros2_ws/install/crazyflie_interfaces/include/crazyflie_interfaces/crazyflie_interfaces/srv/detail/upload_trajectory__functions.h
[1.730s] -- Installing: /home/ubuntuuser/ros2_ws/install/crazyflie_interfaces/include/crazyflie_interfaces/crazyflie_interfaces/srv/detail/add_logging__type_support.c
[1.730s] -- Up-to-date: /home/ubuntuuser/ros2_ws/install/crazyflie_interfaces/include/crazyflie_interfaces/crazyflie_interfaces/srv/detail/start_trajectory__description.c
[1.730s] -- Up-to-date: /home/ubuntuuser/ros2_ws/install/crazyflie_interfaces/include/crazyflie_interfaces/crazyflie_interfaces/srv/detail/update_params__type_support.h
[1.730s] -- Installing: /home/ubuntuuser/ros2_ws/install/crazyflie_interfaces/include/crazyflie_interfaces/crazyflie_interfaces/srv/detail/start_trajectory__type_support.c
[1.730s] -- Up-to-date: /home/ubuntuuser/ros2_ws/install/crazyflie_interfaces/include/crazyflie_interfaces/crazyflie_interfaces/srv/detail/start_trajectory__struct.h
[1.730s] -- Up-to-date: /home/ubuntuuser/ros2_ws/install/crazyflie_interfaces/include/crazyflie_interfaces/crazyflie_interfaces/srv/detail/upload_trajectory__functions.c
[1.733s] -- Up-to-date: /home/ubuntuuser/ros2_ws/install/crazyflie_interfaces/include/crazyflie_interfaces/crazyflie_interfaces/srv/detail/takeoff__functions.h
[1.733s] -- Up-to-date: /home/ubuntuuser/ros2_ws/install/crazyflie_interfaces/include/crazyflie_interfaces/crazyflie_interfaces/srv/detail/add_logging__struct.h
[1.733s] -- Up-to-date: /home/ubuntuuser/ros2_ws/install/crazyflie_interfaces/include/crazyflie_interfaces/crazyflie_interfaces/srv/detail/go_to__struct.h
[1.734s] -- Up-to-date: /home/ubuntuuser/ros2_ws/install/crazyflie_interfaces/include/crazyflie_interfaces/crazyflie_interfaces/srv/detail/notify_setpoints_stop__functions.c
[1.734s] -- Up-to-date: /home/ubuntuuser/ros2_ws/install/crazyflie_interfaces/include/crazyflie_interfaces/crazyflie_interfaces/srv/detail/remove_logging__functions.h
[1.734s] -- Installing: /home/ubuntuuser/ros2_ws/install/crazyflie_interfaces/include/crazyflie_interfaces/crazyflie_interfaces/srv/detail/land__type_support.c
[1.736s] -- Installing: /home/ubuntuuser/ros2_ws/install/crazyflie_interfaces/include/crazyflie_interfaces/crazyflie_interfaces/srv/detail/remove_logging__type_support.c
[1.736s] -- Up-to-date: /home/ubuntuuser/ros2_ws/install/crazyflie_interfaces/include/crazyflie_interfaces/crazyflie_interfaces/srv/detail/stop__type_support.h
[1.736s] -- Up-to-date: /home/ubuntuuser/ros2_ws/install/crazyflie_interfaces/include/crazyflie_interfaces/crazyflie_interfaces/srv/detail/set_group_mask__type_support.h
[1.737s] -- Up-to-date: /home/ubuntuuser/ros2_ws/install/crazyflie_interfaces/include/crazyflie_interfaces/crazyflie_interfaces/srv/detail/set_group_mask__struct.h
[1.737s] -- Installing: /home/ubuntuuser/ros2_ws/install/crazyflie_interfaces/include/crazyflie_interfaces/crazyflie_interfaces/srv/detail/arm__type_support.c
[1.737s] -- Up-to-date: /home/ubuntuuser/ros2_ws/install/crazyflie_interfaces/include/crazyflie_interfaces/crazyflie_interfaces/srv/detail/notify_setpoints_stop__functions.h
[1.737s] -- Installing: /home/ubuntuuser/ros2_ws/install/crazyflie_interfaces/include/crazyflie_interfaces/crazyflie_interfaces/srv/detail/stop__type_support.c
[1.739s] -- Up-to-date: /home/ubuntuuser/ros2_ws/install/crazyflie_interfaces/include/crazyflie_interfaces/crazyflie_interfaces/srv/detail/go_to__functions.h
[1.739s] -- Installing: /home/ubuntuuser/ros2_ws/install/crazyflie_interfaces/include/crazyflie_interfaces/crazyflie_interfaces/srv/detail/go_to__type_support.c
[1.739s] -- Up-to-date: /home/ubuntuuser/ros2_ws/install/crazyflie_interfaces/include/crazyflie_interfaces/crazyflie_interfaces/srv/detail/set_group_mask__functions.h
[1.740s] -- Up-to-date: /home/ubuntuuser/ros2_ws/install/crazyflie_interfaces/include/crazyflie_interfaces/crazyflie_interfaces/srv/detail/land__functions.h
[1.740s] -- Up-to-date: /home/ubuntuuser/ros2_ws/install/crazyflie_interfaces/include/crazyflie_interfaces/crazyflie_interfaces/srv/detail/upload_trajectory__struct.h
[1.740s] -- Installing: /home/ubuntuuser/ros2_ws/install/crazyflie_interfaces/include/crazyflie_interfaces/crazyflie_interfaces/srv/detail/notify_setpoints_stop__type_support.c
[1.740s] -- Up-to-date: /home/ubuntuuser/ros2_ws/install/crazyflie_interfaces/include/crazyflie_interfaces/crazyflie_interfaces/srv/detail/takeoff__type_support.h
[1.740s] -- Up-to-date: /home/ubuntuuser/ros2_ws/install/crazyflie_interfaces/include/crazyflie_interfaces/crazyflie_interfaces/srv/detail/stop__functions.h
[1.740s] -- Up-to-date: /home/ubuntuuser/ros2_ws/install/crazyflie_interfaces/include/crazyflie_interfaces/crazyflie_interfaces/srv/detail/add_logging__description.c
[1.744s] -- Up-to-date: /home/ubuntuuser/ros2_ws/install/crazyflie_interfaces/include/crazyflie_interfaces/crazyflie_interfaces/srv/detail/set_group_mask__description.c
[1.744s] -- Up-to-date: /home/ubuntuuser/ros2_ws/install/crazyflie_interfaces/include/crazyflie_interfaces/crazyflie_interfaces/srv/detail/remove_logging__functions.c
[1.744s] -- Up-to-date: /home/ubuntuuser/ros2_ws/install/crazyflie_interfaces/include/crazyflie_interfaces/crazyflie_interfaces/srv/detail/update_params__struct.h
[1.745s] -- Installing: /home/ubuntuuser/ros2_ws/install/crazyflie_interfaces/include/crazyflie_interfaces/crazyflie_interfaces/srv/detail/takeoff__type_support.c
[1.745s] -- Up-to-date: /home/ubuntuuser/ros2_ws/install/crazyflie_interfaces/include/crazyflie_interfaces/crazyflie_interfaces/srv/detail/remove_logging__description.c
[1.745s] -- Up-to-date: /home/ubuntuuser/ros2_ws/install/crazyflie_interfaces/include/crazyflie_interfaces/crazyflie_interfaces/srv/detail/stop__description.c
[1.745s] -- Up-to-date: /home/ubuntuuser/ros2_ws/install/crazyflie_interfaces/include/crazyflie_interfaces/crazyflie_interfaces/srv/detail/notify_setpoints_stop__description.c
[1.745s] -- Up-to-date: /home/ubuntuuser/ros2_ws/install/crazyflie_interfaces/include/crazyflie_interfaces/crazyflie_interfaces/srv/detail/upload_trajectory__description.c
[1.745s] -- Up-to-date: /home/ubuntuuser/ros2_ws/install/crazyflie_interfaces/include/crazyflie_interfaces/crazyflie_interfaces/srv/detail/takeoff__functions.c
[1.745s] -- Installing: /home/ubuntuuser/ros2_ws/install/crazyflie_interfaces/include/crazyflie_interfaces/crazyflie_interfaces/srv/detail/upload_trajectory__type_support.c
[1.745s] -- Up-to-date: /home/ubuntuuser/ros2_ws/install/crazyflie_interfaces/include/crazyflie_interfaces/crazyflie_interfaces/srv/detail/start_trajectory__type_support.h
[1.746s] -- Up-to-date: /home/ubuntuuser/ros2_ws/install/crazyflie_interfaces/include/crazyflie_interfaces/crazyflie_interfaces/srv/detail/land__functions.c
[1.746s] -- Up-to-date: /home/ubuntuuser/ros2_ws/install/crazyflie_interfaces/include/crazyflie_interfaces/crazyflie_interfaces/srv/detail/update_params__description.c
[1.746s] -- Up-to-date: /home/ubuntuuser/ros2_ws/install/crazyflie_interfaces/include/crazyflie_interfaces/crazyflie_interfaces/srv/detail/add_logging__functions.c
[1.746s] -- Up-to-date: /home/ubuntuuser/ros2_ws/install/crazyflie_interfaces/include/crazyflie_interfaces/crazyflie_interfaces/srv/detail/go_to__type_support.h
[1.746s] -- Up-to-date: /home/ubuntuuser/ros2_ws/install/crazyflie_interfaces/include/crazyflie_interfaces/crazyflie_interfaces/srv/detail/start_trajectory__functions.c
[1.746s] -- Up-to-date: /home/ubuntuuser/ros2_ws/install/crazyflie_interfaces/include/crazyflie_interfaces/crazyflie_interfaces/srv/detail/remove_logging__type_support.h
[1.746s] -- Up-to-date: /home/ubuntuuser/ros2_ws/install/crazyflie_interfaces/include/crazyflie_interfaces/crazyflie_interfaces/srv/detail/land__struct.h
[1.746s] -- Up-to-date: /home/ubuntuuser/ros2_ws/install/crazyflie_interfaces/include/crazyflie_interfaces/crazyflie_interfaces/srv/detail/arm__description.c
[1.746s] -- Up-to-date: /home/ubuntuuser/ros2_ws/install/crazyflie_interfaces/include/crazyflie_interfaces/crazyflie_interfaces/srv/detail/notify_setpoints_stop__struct.h
[1.746s] -- Up-to-date: /home/ubuntuuser/ros2_ws/install/crazyflie_interfaces/include/crazyflie_interfaces/crazyflie_interfaces/srv/detail/go_to__functions.c
[1.746s] -- Up-to-date: /home/ubuntuuser/ros2_ws/install/crazyflie_interfaces/include/crazyflie_interfaces/crazyflie_interfaces/srv/detail/arm__struct.h
[1.747s] -- Up-to-date: /home/ubuntuuser/ros2_ws/install/crazyflie_interfaces/include/crazyflie_interfaces/crazyflie_interfaces/srv/detail/go_to__description.c
[1.747s] -- Up-to-date: /home/ubuntuuser/ros2_ws/install/crazyflie_interfaces/include/crazyflie_interfaces/crazyflie_interfaces/srv/detail/update_params__functions.h
[1.747s] -- Up-to-date: /home/ubuntuuser/ros2_ws/install/crazyflie_interfaces/include/crazyflie_interfaces/crazyflie_interfaces/srv/detail/land__type_support.h
[1.747s] -- Installing: /home/ubuntuuser/ros2_ws/install/crazyflie_interfaces/include/crazyflie_interfaces/crazyflie_interfaces/srv/detail/set_group_mask__type_support.c
[1.747s] -- Up-to-date: /home/ubuntuuser/ros2_ws/install/crazyflie_interfaces/include/crazyflie_interfaces/crazyflie_interfaces/srv/detail/takeoff__struct.h
[1.749s] -- Up-to-date: /home/ubuntuuser/ros2_ws/install/crazyflie_interfaces/include/crazyflie_interfaces/crazyflie_interfaces/srv/detail/start_trajectory__functions.h
[1.749s] -- Up-to-date: /home/ubuntuuser/ros2_ws/install/crazyflie_interfaces/include/crazyflie_interfaces/crazyflie_interfaces/srv/detail/add_logging__functions.h
[1.750s] -- Up-to-date: /home/ubuntuuser/ros2_ws/install/crazyflie_interfaces/include/crazyflie_interfaces/crazyflie_interfaces/srv/detail/arm__functions.h
[1.750s] -- Up-to-date: /home/ubuntuuser/ros2_ws/install/crazyflie_interfaces/include/crazyflie_interfaces/crazyflie_interfaces/srv/detail/stop__functions.c
[1.750s] -- Up-to-date: /home/ubuntuuser/ros2_ws/install/crazyflie_interfaces/include/crazyflie_interfaces/crazyflie_interfaces/srv/notify_setpoints_stop.h
[1.750s] -- Up-to-date: /home/ubuntuuser/ros2_ws/install/crazyflie_interfaces/include/crazyflie_interfaces/crazyflie_interfaces/srv/arm.h
[1.750s] -- Up-to-date: /home/ubuntuuser/ros2_ws/install/crazyflie_interfaces/include/crazyflie_interfaces/crazyflie_interfaces/srv/start_trajectory.h
[1.750s] -- Up-to-date: /home/ubuntuuser/ros2_ws/install/crazyflie_interfaces/include/crazyflie_interfaces/crazyflie_interfaces/srv/land.h
[1.750s] -- Up-to-date: /home/ubuntuuser/ros2_ws/install/crazyflie_interfaces/include/crazyflie_interfaces/crazyflie_interfaces/srv/set_group_mask.h
[1.750s] -- Up-to-date: /home/ubuntuuser/ros2_ws/install/crazyflie_interfaces/include/crazyflie_interfaces/crazyflie_interfaces/srv/takeoff.h
[1.750s] -- Up-to-date: /home/ubuntuuser/ros2_ws/install/crazyflie_interfaces/include/crazyflie_interfaces/crazyflie_interfaces/srv/remove_logging.h
[1.750s] -- Up-to-date: /home/ubuntuuser/ros2_ws/install/crazyflie_interfaces/include/crazyflie_interfaces/crazyflie_interfaces/srv/go_to.h
[1.750s] -- Up-to-date: /home/ubuntuuser/ros2_ws/install/crazyflie_interfaces/include/crazyflie_interfaces/crazyflie_interfaces/srv/stop.h
[1.751s] -- Up-to-date: /home/ubuntuuser/ros2_ws/install/crazyflie_interfaces/include/crazyflie_interfaces/crazyflie_interfaces/srv/upload_trajectory.h
[1.751s] -- Up-to-date: /home/ubuntuuser/ros2_ws/install/crazyflie_interfaces/include/crazyflie_interfaces/crazyflie_interfaces/srv/add_logging.h
[1.751s] -- Up-to-date: /home/ubuntuuser/ros2_ws/install/crazyflie_interfaces/share/crazyflie_interfaces/environment/library_path.sh
[1.751s] -- Up-to-date: /home/ubuntuuser/ros2_ws/install/crazyflie_interfaces/share/crazyflie_interfaces/environment/library_path.dsv
[1.751s] -- Up-to-date: /home/ubuntuuser/ros2_ws/install/crazyflie_interfaces/lib/libcrazyflie_interfaces__rosidl_generator_c.so
[1.751s] -- Up-to-date: /home/ubuntuuser/ros2_ws/install/crazyflie_interfaces/include/crazyflie_interfaces/crazyflie_interfaces
[1.751s] -- Up-to-date: /home/ubuntuuser/ros2_ws/install/crazyflie_interfaces/include/crazyflie_interfaces/crazyflie_interfaces/msg
[1.751s] -- Up-to-date: /home/ubuntuuser/ros2_ws/install/crazyflie_interfaces/include/crazyflie_interfaces/crazyflie_interfaces/msg/detail
[1.751s] -- Up-to-date: /home/ubuntuuser/ros2_ws/install/crazyflie_interfaces/include/crazyflie_interfaces/crazyflie_interfaces/msg/detail/position__rosidl_typesupport_fastrtps_c.h
[1.751s] -- Up-to-date: /home/ubuntuuser/ros2_ws/install/crazyflie_interfaces/include/crazyflie_interfaces/crazyflie_interfaces/msg/detail/log_data_generic__rosidl_typesupport_fastrtps_c.h
[1.751s] -- Up-to-date: /home/ubuntuuser/ros2_ws/install/crazyflie_interfaces/include/crazyflie_interfaces/crazyflie_interfaces/msg/detail/full_state__rosidl_typesupport_fastrtps_c.h
[1.751s] -- Up-to-date: /home/ubuntuuser/ros2_ws/install/crazyflie_interfaces/include/crazyflie_interfaces/crazyflie_interfaces/msg/detail/connection_statistics_array__rosidl_typesupport_fastrtps_c.h
[1.752s] -- Up-to-date: /home/ubuntuuser/ros2_ws/install/crazyflie_interfaces/include/crazyflie_interfaces/crazyflie_interfaces/msg/detail/velocity_world__rosidl_typesupport_fastrtps_c.h
[1.752s] -- Up-to-date: /home/ubuntuuser/ros2_ws/install/crazyflie_interfaces/include/crazyflie_interfaces/crazyflie_interfaces/msg/detail/log_block__rosidl_typesupport_fastrtps_c.h
[1.752s] -- Up-to-date: /home/ubuntuuser/ros2_ws/install/crazyflie_interfaces/include/crazyflie_interfaces/crazyflie_interfaces/msg/detail/trajectory_polynomial_piece__rosidl_typesupport_fastrtps_c.h
[1.752s] -- Up-to-date: /home/ubuntuuser/ros2_ws/install/crazyflie_interfaces/include/crazyflie_interfaces/crazyflie_interfaces/msg/detail/connection_statistics__rosidl_typesupport_fastrtps_c.h
[1.752s] -- Up-to-date: /home/ubuntuuser/ros2_ws/install/crazyflie_interfaces/include/crazyflie_interfaces/crazyflie_interfaces/msg/detail/status__rosidl_typesupport_fastrtps_c.h
[1.755s] -- Up-to-date: /home/ubuntuuser/ros2_ws/install/crazyflie_interfaces/include/crazyflie_interfaces/crazyflie_interfaces/msg/detail/hover__rosidl_typesupport_fastrtps_c.h
[1.755s] -- Up-to-date: /home/ubuntuuser/ros2_ws/install/crazyflie_interfaces/include/crazyflie_interfaces/crazyflie_interfaces/msg/rosidl_typesupport_fastrtps_c__visibility_control.h
[1.756s] -- Up-to-date: /home/ubuntuuser/ros2_ws/install/crazyflie_interfaces/include/crazyflie_interfaces/crazyflie_interfaces/srv
[1.756s] -- Up-to-date: /home/ubuntuuser/ros2_ws/install/crazyflie_interfaces/include/crazyflie_interfaces/crazyflie_interfaces/srv/detail
[1.756s] -- Up-to-date: /home/ubuntuuser/ros2_ws/install/crazyflie_interfaces/include/crazyflie_interfaces/crazyflie_interfaces/srv/detail/start_trajectory__rosidl_typesupport_fastrtps_c.h
[1.757s] -- Up-to-date: /home/ubuntuuser/ros2_ws/install/crazyflie_interfaces/include/crazyflie_interfaces/crazyflie_interfaces/srv/detail/land__rosidl_typesupport_fastrtps_c.h
[1.757s] -- Up-to-date: /home/ubuntuuser/ros2_ws/install/crazyflie_interfaces/include/crazyflie_interfaces/crazyflie_interfaces/srv/detail/stop__rosidl_typesupport_fastrtps_c.h
[1.757s] -- Up-to-date: /home/ubuntuuser/ros2_ws/install/crazyflie_interfaces/include/crazyflie_interfaces/crazyflie_interfaces/srv/detail/set_group_mask__rosidl_typesupport_fastrtps_c.h
[1.760s] -- Up-to-date: /home/ubuntuuser/ros2_ws/install/crazyflie_interfaces/include/crazyflie_interfaces/crazyflie_interfaces/srv/detail/update_params__rosidl_typesupport_fastrtps_c.h
[1.760s] -- Up-to-date: /home/ubuntuuser/ros2_ws/install/crazyflie_interfaces/include/crazyflie_interfaces/crazyflie_interfaces/srv/detail/notify_setpoints_stop__rosidl_typesupport_fastrtps_c.h
[1.760s] -- Up-to-date: /home/ubuntuuser/ros2_ws/install/crazyflie_interfaces/include/crazyflie_interfaces/crazyflie_interfaces/srv/detail/remove_logging__rosidl_typesupport_fastrtps_c.h
[1.761s] -- Up-to-date: /home/ubuntuuser/ros2_ws/install/crazyflie_interfaces/include/crazyflie_interfaces/crazyflie_interfaces/srv/detail/add_logging__rosidl_typesupport_fastrtps_c.h
[1.761s] -- Up-to-date: /home/ubuntuuser/ros2_ws/install/crazyflie_interfaces/include/crazyflie_interfaces/crazyflie_interfaces/srv/detail/takeoff__rosidl_typesupport_fastrtps_c.h
[1.761s] -- Up-to-date: /home/ubuntuuser/ros2_ws/install/crazyflie_interfaces/include/crazyflie_interfaces/crazyflie_interfaces/srv/detail/arm__rosidl_typesupport_fastrtps_c.h
[1.761s] -- Up-to-date: /home/ubuntuuser/ros2_ws/install/crazyflie_interfaces/include/crazyflie_interfaces/crazyflie_interfaces/srv/detail/upload_trajectory__rosidl_typesupport_fastrtps_c.h
[1.761s] -- Up-to-date: /home/ubuntuuser/ros2_ws/install/crazyflie_interfaces/include/crazyflie_interfaces/crazyflie_interfaces/srv/detail/go_to__rosidl_typesupport_fastrtps_c.h
[1.761s] -- Up-to-date: /home/ubuntuuser/ros2_ws/install/crazyflie_interfaces/lib/libcrazyflie_interfaces__rosidl_typesupport_fastrtps_c.so
[1.761s] -- Up-to-date: /home/ubuntuuser/ros2_ws/install/crazyflie_interfaces/include/crazyflie_interfaces/crazyflie_interfaces
[1.761s] -- Up-to-date: /home/ubuntuuser/ros2_ws/install/crazyflie_interfaces/include/crazyflie_interfaces/crazyflie_interfaces/msg
[1.762s] -- Up-to-date: /home/ubuntuuser/ros2_ws/install/crazyflie_interfaces/include/crazyflie_interfaces/crazyflie_interfaces/msg/rosidl_generator_cpp__visibility_control.hpp
[1.762s] -- Up-to-date: /home/ubuntuuser/ros2_ws/install/crazyflie_interfaces/include/crazyflie_interfaces/crazyflie_interfaces/msg/detail
[1.762s] -- Up-to-date: /home/ubuntuuser/ros2_ws/install/crazyflie_interfaces/include/crazyflie_interfaces/crazyflie_interfaces/msg/detail/connection_statistics_array__builder.hpp
[1.762s] -- Up-to-date: /home/ubuntuuser/ros2_ws/install/crazyflie_interfaces/include/crazyflie_interfaces/crazyflie_interfaces/msg/detail/trajectory_polynomial_piece__traits.hpp
[1.762s] -- Up-to-date: /home/ubuntuuser/ros2_ws/install/crazyflie_interfaces/include/crazyflie_interfaces/crazyflie_interfaces/msg/detail/log_block__type_support.hpp
[1.762s] -- Up-to-date: /home/ubuntuuser/ros2_ws/install/crazyflie_interfaces/include/crazyflie_interfaces/crazyflie_interfaces/msg/detail/trajectory_polynomial_piece__builder.hpp
[1.762s] -- Up-to-date: /home/ubuntuuser/ros2_ws/install/crazyflie_interfaces/include/crazyflie_interfaces/crazyflie_interfaces/msg/detail/position__type_support.hpp
[1.762s] -- Up-to-date: /home/ubuntuuser/ros2_ws/install/crazyflie_interfaces/include/crazyflie_interfaces/crazyflie_interfaces/msg/detail/log_block__struct.hpp
[1.762s] -- Up-to-date: /home/ubuntuuser/ros2_ws/install/crazyflie_interfaces/include/crazyflie_interfaces/crazyflie_interfaces/msg/detail/velocity_world__type_support.hpp
[1.762s] -- Up-to-date: /home/ubuntuuser/ros2_ws/install/crazyflie_interfaces/include/crazyflie_interfaces/crazyflie_interfaces/msg/detail/log_data_generic__type_support.hpp
[1.762s] -- Up-to-date: /home/ubuntuuser/ros2_ws/install/crazyflie_interfaces/include/crazyflie_interfaces/crazyflie_interfaces/msg/detail/connection_statistics__builder.hpp
[1.762s] -- Up-to-date: /home/ubuntuuser/ros2_ws/install/crazyflie_interfaces/include/crazyflie_interfaces/crazyflie_interfaces/msg/detail/connection_statistics__type_support.hpp
[1.763s] -- Up-to-date: /home/ubuntuuser/ros2_ws/install/crazyflie_interfaces/include/crazyflie_interfaces/crazyflie_interfaces/msg/detail/hover__traits.hpp
[1.763s] -- Up-to-date: /home/ubuntuuser/ros2_ws/install/crazyflie_interfaces/include/crazyflie_interfaces/crazyflie_interfaces/msg/detail/hover__type_support.hpp
[1.763s] -- Up-to-date: /home/ubuntuuser/ros2_ws/install/crazyflie_interfaces/include/crazyflie_interfaces/crazyflie_interfaces/msg/detail/connection_statistics_array__struct.hpp
[1.763s] -- Up-to-date: /home/ubuntuuser/ros2_ws/install/crazyflie_interfaces/include/crazyflie_interfaces/crazyflie_interfaces/msg/detail/status__builder.hpp
[1.763s] -- Up-to-date: /home/ubuntuuser/ros2_ws/install/crazyflie_interfaces/include/crazyflie_interfaces/crazyflie_interfaces/msg/detail/status__struct.hpp
[1.763s] -- Up-to-date: /home/ubuntuuser/ros2_ws/install/crazyflie_interfaces/include/crazyflie_interfaces/crazyflie_interfaces/msg/detail/connection_statistics__traits.hpp
[1.763s] -- Up-to-date: /home/ubuntuuser/ros2_ws/install/crazyflie_interfaces/include/crazyflie_interfaces/crazyflie_interfaces/msg/detail/log_data_generic__traits.hpp
[1.763s] -- Up-to-date: /home/ubuntuuser/ros2_ws/install/crazyflie_interfaces/include/crazyflie_interfaces/crazyflie_interfaces/msg/detail/log_block__traits.hpp
[1.763s] -- Up-to-date: /home/ubuntuuser/ros2_ws/install/crazyflie_interfaces/include/crazyflie_interfaces/crazyflie_interfaces/msg/detail/status__type_support.hpp
[1.763s] -- Up-to-date: /home/ubuntuuser/ros2_ws/install/crazyflie_interfaces/include/crazyflie_interfaces/crazyflie_interfaces/msg/detail/connection_statistics_array__type_support.hpp
[1.764s] -- Up-to-date: /home/ubuntuuser/ros2_ws/install/crazyflie_interfaces/include/crazyflie_interfaces/crazyflie_interfaces/msg/detail/trajectory_polynomial_piece__type_support.hpp
[1.764s] -- Up-to-date: /home/ubuntuuser/ros2_ws/install/crazyflie_interfaces/include/crazyflie_interfaces/crazyflie_interfaces/msg/detail/log_data_generic__struct.hpp
[1.764s] -- Up-to-date: /home/ubuntuuser/ros2_ws/install/crazyflie_interfaces/include/crazyflie_interfaces/crazyflie_interfaces/msg/detail/position__struct.hpp
[1.764s] -- Up-to-date: /home/ubuntuuser/ros2_ws/install/crazyflie_interfaces/include/crazyflie_interfaces/crazyflie_interfaces/msg/detail/status__traits.hpp
[1.764s] -- Up-to-date: /home/ubuntuuser/ros2_ws/install/crazyflie_interfaces/include/crazyflie_interfaces/crazyflie_interfaces/msg/detail/position__traits.hpp
[1.809s] -- Up-to-date: /home/ubuntuuser/ros2_ws/install/crazyflie_interfaces/include/crazyflie_interfaces/crazyflie_interfaces/msg/detail/position__builder.hpp
[1.810s] -- Up-to-date: /home/ubuntuuser/ros2_ws/install/crazyflie_interfaces/include/crazyflie_interfaces/crazyflie_interfaces/msg/detail/hover__struct.hpp
[1.810s] -- Up-to-date: /home/ubuntuuser/ros2_ws/install/crazyflie_interfaces/include/crazyflie_interfaces/crazyflie_interfaces/msg/detail/hover__builder.hpp
[1.810s] -- Up-to-date: /home/ubuntuuser/ros2_ws/install/crazyflie_interfaces/include/crazyflie_interfaces/crazyflie_interfaces/msg/detail/log_block__builder.hpp
[1.810s] -- Up-to-date: /home/ubuntuuser/ros2_ws/install/crazyflie_interfaces/include/crazyflie_interfaces/crazyflie_interfaces/msg/detail/full_state__struct.hpp
[1.812s] -- Up-to-date: /home/ubuntuuser/ros2_ws/install/crazyflie_interfaces/include/crazyflie_interfaces/crazyflie_interfaces/msg/detail/full_state__traits.hpp
[1.812s] -- Up-to-date: /home/ubuntuuser/ros2_ws/install/crazyflie_interfaces/include/crazyflie_interfaces/crazyflie_interfaces/msg/detail/log_data_generic__builder.hpp
[1.812s] -- Up-to-date: /home/ubuntuuser/ros2_ws/install/crazyflie_interfaces/include/crazyflie_interfaces/crazyflie_interfaces/msg/detail/full_state__builder.hpp
[1.812s] -- Up-to-date: /home/ubuntuuser/ros2_ws/install/crazyflie_interfaces/include/crazyflie_interfaces/crazyflie_interfaces/msg/detail/full_state__type_support.hpp
[1.813s] -- Up-to-date: /home/ubuntuuser/ros2_ws/install/crazyflie_interfaces/include/crazyflie_interfaces/crazyflie_interfaces/msg/detail/trajectory_polynomial_piece__struct.hpp
[1.813s] -- Up-to-date: /home/ubuntuuser/ros2_ws/install/crazyflie_interfaces/include/crazyflie_interfaces/crazyflie_interfaces/msg/detail/velocity_world__builder.hpp
[1.814s] -- Up-to-date: /home/ubuntuuser/ros2_ws/install/crazyflie_interfaces/include/crazyflie_interfaces/crazyflie_interfaces/msg/detail/connection_statistics__struct.hpp
[1.814s] -- Up-to-date: /home/ubuntuuser/ros2_ws/install/crazyflie_interfaces/include/crazyflie_interfaces/crazyflie_interfaces/msg/detail/connection_statistics_array__traits.hpp
[1.814s] -- Up-to-date: /home/ubuntuuser/ros2_ws/install/crazyflie_interfaces/include/crazyflie_interfaces/crazyflie_interfaces/msg/detail/velocity_world__struct.hpp
[1.816s] -- Up-to-date: /home/ubuntuuser/ros2_ws/install/crazyflie_interfaces/include/crazyflie_interfaces/crazyflie_interfaces/msg/detail/velocity_world__traits.hpp
[1.817s] -- Up-to-date: /home/ubuntuuser/ros2_ws/install/crazyflie_interfaces/include/crazyflie_interfaces/crazyflie_interfaces/msg/full_state.hpp
[1.817s] -- Up-to-date: /home/ubuntuuser/ros2_ws/install/crazyflie_interfaces/include/crazyflie_interfaces/crazyflie_interfaces/msg/log_block.hpp
[1.817s] -- Up-to-date: /home/ubuntuuser/ros2_ws/install/crazyflie_interfaces/include/crazyflie_interfaces/crazyflie_interfaces/msg/log_data_generic.hpp
[1.817s] -- Up-to-date: /home/ubuntuuser/ros2_ws/install/crazyflie_interfaces/include/crazyflie_interfaces/crazyflie_interfaces/msg/hover.hpp
[1.817s] -- Up-to-date: /home/ubuntuuser/ros2_ws/install/crazyflie_interfaces/include/crazyflie_interfaces/crazyflie_interfaces/msg/connection_statistics_array.hpp
[1.817s] -- Up-to-date: /home/ubuntuuser/ros2_ws/install/crazyflie_interfaces/include/crazyflie_interfaces/crazyflie_interfaces/msg/trajectory_polynomial_piece.hpp
[1.817s] -- Up-to-date: /home/ubuntuuser/ros2_ws/install/crazyflie_interfaces/include/crazyflie_interfaces/crazyflie_interfaces/msg/connection_statistics.hpp
[1.824s] -- Up-to-date: /home/ubuntuuser/ros2_ws/install/crazyflie_interfaces/include/crazyflie_interfaces/crazyflie_interfaces/msg/status.hpp
[1.824s] -- Up-to-date: /home/ubuntuuser/ros2_ws/install/crazyflie_interfaces/include/crazyflie_interfaces/crazyflie_interfaces/msg/velocity_world.hpp
[1.825s] -- Up-to-date: /home/ubuntuuser/ros2_ws/install/crazyflie_interfaces/include/crazyflie_interfaces/crazyflie_interfaces/msg/position.hpp
[1.825s] -- Up-to-date: /home/ubuntuuser/ros2_ws/install/crazyflie_interfaces/include/crazyflie_interfaces/crazyflie_interfaces/srv
[1.825s] -- Up-to-date: /home/ubuntuuser/ros2_ws/install/crazyflie_interfaces/include/crazyflie_interfaces/crazyflie_interfaces/srv/detail
[1.825s] -- Up-to-date: /home/ubuntuuser/ros2_ws/install/crazyflie_interfaces/include/crazyflie_interfaces/crazyflie_interfaces/srv/detail/stop__builder.hpp
[1.825s] -- Up-to-date: /home/ubuntuuser/ros2_ws/install/crazyflie_interfaces/include/crazyflie_interfaces/crazyflie_interfaces/srv/detail/notify_setpoints_stop__type_support.hpp
[1.825s] -- Up-to-date: /home/ubuntuuser/ros2_ws/install/crazyflie_interfaces/include/crazyflie_interfaces/crazyflie_interfaces/srv/detail/land__struct.hpp
[1.830s] -- Up-to-date: /home/ubuntuuser/ros2_ws/install/crazyflie_interfaces/include/crazyflie_interfaces/crazyflie_interfaces/srv/detail/notify_setpoints_stop__struct.hpp
[1.831s] -- Up-to-date: /home/ubuntuuser/ros2_ws/install/crazyflie_interfaces/include/crazyflie_interfaces/crazyflie_interfaces/srv/detail/upload_trajectory__type_support.hpp
[1.831s] -- Up-to-date: /home/ubuntuuser/ros2_ws/install/crazyflie_interfaces/include/crazyflie_interfaces/crazyflie_interfaces/srv/detail/land__builder.hpp
[1.831s] -- Up-to-date: /home/ubuntuuser/ros2_ws/install/crazyflie_interfaces/include/crazyflie_interfaces/crazyflie_interfaces/srv/detail/set_group_mask__traits.hpp
[1.831s] -- Up-to-date: /home/ubuntuuser/ros2_ws/install/crazyflie_interfaces/include/crazyflie_interfaces/crazyflie_interfaces/srv/detail/stop__traits.hpp
[1.831s] -- Up-to-date: /home/ubuntuuser/ros2_ws/install/crazyflie_interfaces/include/crazyflie_interfaces/crazyflie_interfaces/srv/detail/add_logging__traits.hpp
[1.832s] -- Up-to-date: /home/ubuntuuser/ros2_ws/install/crazyflie_interfaces/include/crazyflie_interfaces/crazyflie_interfaces/srv/detail/takeoff__builder.hpp
[1.832s] -- Up-to-date: /home/ubuntuuser/ros2_ws/install/crazyflie_interfaces/include/crazyflie_interfaces/crazyflie_interfaces/srv/detail/arm__type_support.hpp
[1.832s] -- Up-to-date: /home/ubuntuuser/ros2_ws/install/crazyflie_interfaces/include/crazyflie_interfaces/crazyflie_interfaces/srv/detail/upload_trajectory__traits.hpp
[1.839s] -- Up-to-date: /home/ubuntuuser/ros2_ws/install/crazyflie_interfaces/include/crazyflie_interfaces/crazyflie_interfaces/srv/detail/remove_logging__struct.hpp
[1.841s] -- Up-to-date: /home/ubuntuuser/ros2_ws/install/crazyflie_interfaces/include/crazyflie_interfaces/crazyflie_interfaces/srv/detail/start_trajectory__traits.hpp
[1.841s] -- Up-to-date: /home/ubuntuuser/ros2_ws/install/crazyflie_interfaces/include/crazyflie_interfaces/crazyflie_interfaces/srv/detail/go_to__type_support.hpp
[1.842s] -- Up-to-date: /home/ubuntuuser/ros2_ws/install/crazyflie_interfaces/include/crazyflie_interfaces/crazyflie_interfaces/srv/detail/add_logging__type_support.hpp
[1.842s] -- Up-to-date: /home/ubuntuuser/ros2_ws/install/crazyflie_interfaces/include/crazyflie_interfaces/crazyflie_interfaces/srv/detail/land__traits.hpp
[1.842s] -- Up-to-date: /home/ubuntuuser/ros2_ws/install/crazyflie_interfaces/include/crazyflie_interfaces/crazyflie_interfaces/srv/detail/set_group_mask__builder.hpp
[1.842s] -- Up-to-date: /home/ubuntuuser/ros2_ws/install/crazyflie_interfaces/include/crazyflie_interfaces/crazyflie_interfaces/srv/detail/takeoff__struct.hpp
[1.842s] -- Up-to-date: /home/ubuntuuser/ros2_ws/install/crazyflie_interfaces/include/crazyflie_interfaces/crazyflie_interfaces/srv/detail/set_group_mask__struct.hpp
[1.842s] -- Up-to-date: /home/ubuntuuser/ros2_ws/install/crazyflie_interfaces/include/crazyflie_interfaces/crazyflie_interfaces/srv/detail/arm__struct.hpp
[1.842s] -- Up-to-date: /home/ubuntuuser/ros2_ws/install/crazyflie_interfaces/include/crazyflie_interfaces/crazyflie_interfaces/srv/detail/go_to__builder.hpp
[1.842s] -- Up-to-date: /home/ubuntuuser/ros2_ws/install/crazyflie_interfaces/include/crazyflie_interfaces/crazyflie_interfaces/srv/detail/go_to__struct.hpp
[1.843s] -- Up-to-date: /home/ubuntuuser/ros2_ws/install/crazyflie_interfaces/include/crazyflie_interfaces/crazyflie_interfaces/srv/detail/land__type_support.hpp
[1.843s] -- Up-to-date: /home/ubuntuuser/ros2_ws/install/crazyflie_interfaces/include/crazyflie_interfaces/crazyflie_interfaces/srv/detail/notify_setpoints_stop__builder.hpp
[1.843s] -- Up-to-date: /home/ubuntuuser/ros2_ws/install/crazyflie_interfaces/include/crazyflie_interfaces/crazyflie_interfaces/srv/detail/notify_setpoints_stop__traits.hpp
[1.843s] -- Up-to-date: /home/ubuntuuser/ros2_ws/install/crazyflie_interfaces/include/crazyflie_interfaces/crazyflie_interfaces/srv/detail/update_params__type_support.hpp
[1.843s] -- Up-to-date: /home/ubuntuuser/ros2_ws/install/crazyflie_interfaces/include/crazyflie_interfaces/crazyflie_interfaces/srv/detail/takeoff__traits.hpp
[1.843s] -- Up-to-date: /home/ubuntuuser/ros2_ws/install/crazyflie_interfaces/include/crazyflie_interfaces/crazyflie_interfaces/srv/detail/arm__builder.hpp
[1.846s] -- Up-to-date: /home/ubuntuuser/ros2_ws/install/crazyflie_interfaces/include/crazyflie_interfaces/crazyflie_interfaces/srv/detail/start_trajectory__type_support.hpp
[1.846s] -- Up-to-date: /home/ubuntuuser/ros2_ws/install/crazyflie_interfaces/include/crazyflie_interfaces/crazyflie_interfaces/srv/detail/add_logging__struct.hpp
[1.846s] -- Up-to-date: /home/ubuntuuser/ros2_ws/install/crazyflie_interfaces/include/crazyflie_interfaces/crazyflie_interfaces/srv/detail/upload_trajectory__struct.hpp
[1.846s] -- Up-to-date: /home/ubuntuuser/ros2_ws/install/crazyflie_interfaces/include/crazyflie_interfaces/crazyflie_interfaces/srv/detail/remove_logging__type_support.hpp
[1.846s] -- Up-to-date: /home/ubuntuuser/ros2_ws/install/crazyflie_interfaces/include/crazyflie_interfaces/crazyflie_interfaces/srv/detail/update_params__struct.hpp
[1.846s] -- Up-to-date: /home/ubuntuuser/ros2_ws/install/crazyflie_interfaces/include/crazyflie_interfaces/crazyflie_interfaces/srv/detail/takeoff__type_support.hpp
[1.846s] -- Up-to-date: /home/ubuntuuser/ros2_ws/install/crazyflie_interfaces/include/crazyflie_interfaces/crazyflie_interfaces/srv/detail/upload_trajectory__builder.hpp
[1.846s] -- Up-to-date: /home/ubuntuuser/ros2_ws/install/crazyflie_interfaces/include/crazyflie_interfaces/crazyflie_interfaces/srv/detail/start_trajectory__builder.hpp
[1.846s] -- Up-to-date: /home/ubuntuuser/ros2_ws/install/crazyflie_interfaces/include/crazyflie_interfaces/crazyflie_interfaces/srv/detail/update_params__builder.hpp
[1.846s] -- Up-to-date: /home/ubuntuuser/ros2_ws/install/crazyflie_interfaces/include/crazyflie_interfaces/crazyflie_interfaces/srv/detail/start_trajectory__struct.hpp
[1.847s] -- Up-to-date: /home/ubuntuuser/ros2_ws/install/crazyflie_interfaces/include/crazyflie_interfaces/crazyflie_interfaces/srv/detail/arm__traits.hpp
[1.847s] -- Up-to-date: /home/ubuntuuser/ros2_ws/install/crazyflie_interfaces/include/crazyflie_interfaces/crazyflie_interfaces/srv/detail/set_group_mask__type_support.hpp
[1.847s] -- Up-to-date: /home/ubuntuuser/ros2_ws/install/crazyflie_interfaces/include/crazyflie_interfaces/crazyflie_interfaces/srv/detail/stop__type_support.hpp
[1.847s] -- Up-to-date: /home/ubuntuuser/ros2_ws/install/crazyflie_interfaces/include/crazyflie_interfaces/crazyflie_interfaces/srv/detail/remove_logging__builder.hpp
[1.847s] -- Up-to-date: /home/ubuntuuser/ros2_ws/install/crazyflie_interfaces/include/crazyflie_interfaces/crazyflie_interfaces/srv/detail/add_logging__builder.hpp
[1.847s] -- Up-to-date: /home/ubuntuuser/ros2_ws/install/crazyflie_interfaces/include/crazyflie_interfaces/crazyflie_interfaces/srv/detail/remove_logging__traits.hpp
[1.847s] -- Up-to-date: /home/ubuntuuser/ros2_ws/install/crazyflie_interfaces/include/crazyflie_interfaces/crazyflie_interfaces/srv/detail/go_to__traits.hpp
[1.847s] -- Up-to-date: /home/ubuntuuser/ros2_ws/install/crazyflie_interfaces/include/crazyflie_interfaces/crazyflie_interfaces/srv/detail/update_params__traits.hpp
[1.847s] -- Up-to-date: /home/ubuntuuser/ros2_ws/install/crazyflie_interfaces/include/crazyflie_interfaces/crazyflie_interfaces/srv/detail/stop__struct.hpp
[1.847s] -- Up-to-date: /home/ubuntuuser/ros2_ws/install/crazyflie_interfaces/include/crazyflie_interfaces/crazyflie_interfaces/srv/notify_setpoints_stop.hpp
[1.847s] -- Up-to-date: /home/ubuntuuser/ros2_ws/install/crazyflie_interfaces/include/crazyflie_interfaces/crazyflie_interfaces/srv/stop.hpp
[1.847s] -- Up-to-date: /home/ubuntuuser/ros2_ws/install/crazyflie_interfaces/include/crazyflie_interfaces/crazyflie_interfaces/srv/takeoff.hpp
[1.848s] -- Up-to-date: /home/ubuntuuser/ros2_ws/install/crazyflie_interfaces/include/crazyflie_interfaces/crazyflie_interfaces/srv/start_trajectory.hpp
[1.848s] -- Up-to-date: /home/ubuntuuser/ros2_ws/install/crazyflie_interfaces/include/crazyflie_interfaces/crazyflie_interfaces/srv/add_logging.hpp
[1.848s] -- Up-to-date: /home/ubuntuuser/ros2_ws/install/crazyflie_interfaces/include/crazyflie_interfaces/crazyflie_interfaces/srv/land.hpp
[1.848s] -- Up-to-date: /home/ubuntuuser/ros2_ws/install/crazyflie_interfaces/include/crazyflie_interfaces/crazyflie_interfaces/srv/go_to.hpp
[1.848s] -- Up-to-date: /home/ubuntuuser/ros2_ws/install/crazyflie_interfaces/include/crazyflie_interfaces/crazyflie_interfaces/srv/remove_logging.hpp
[1.854s] -- Up-to-date: /home/ubuntuuser/ros2_ws/install/crazyflie_interfaces/include/crazyflie_interfaces/crazyflie_interfaces/srv/update_params.hpp
[1.855s] -- Up-to-date: /home/ubuntuuser/ros2_ws/install/crazyflie_interfaces/include/crazyflie_interfaces/crazyflie_interfaces/srv/set_group_mask.hpp
[1.855s] -- Up-to-date: /home/ubuntuuser/ros2_ws/install/crazyflie_interfaces/include/crazyflie_interfaces/crazyflie_interfaces/srv/arm.hpp
[1.856s] -- Up-to-date: /home/ubuntuuser/ros2_ws/install/crazyflie_interfaces/include/crazyflie_interfaces/crazyflie_interfaces/srv/upload_trajectory.hpp
[1.856s] -- Up-to-date: /home/ubuntuuser/ros2_ws/install/crazyflie_interfaces/include/crazyflie_interfaces/crazyflie_interfaces
[1.856s] -- Up-to-date: /home/ubuntuuser/ros2_ws/install/crazyflie_interfaces/include/crazyflie_interfaces/crazyflie_interfaces/msg
[1.856s] -- Up-to-date: /home/ubuntuuser/ros2_ws/install/crazyflie_interfaces/include/crazyflie_interfaces/crazyflie_interfaces/msg/detail
[1.856s] -- Up-to-date: /home/ubuntuuser/ros2_ws/install/crazyflie_interfaces/include/crazyflie_interfaces/crazyflie_interfaces/msg/detail/hover__rosidl_typesupport_fastrtps_cpp.hpp
[1.857s] -- Up-to-date: /home/ubuntuuser/ros2_ws/install/crazyflie_interfaces/include/crazyflie_interfaces/crazyflie_interfaces/msg/detail/trajectory_polynomial_piece__rosidl_typesupport_fastrtps_cpp.hpp
[1.857s] -- Up-to-date: /home/ubuntuuser/ros2_ws/install/crazyflie_interfaces/include/crazyflie_interfaces/crazyflie_interfaces/msg/detail/velocity_world__rosidl_typesupport_fastrtps_cpp.hpp
[1.857s] -- Up-to-date: /home/ubuntuuser/ros2_ws/install/crazyflie_interfaces/include/crazyflie_interfaces/crazyflie_interfaces/msg/detail/full_state__rosidl_typesupport_fastrtps_cpp.hpp
[1.864s] -- Up-to-date: /home/ubuntuuser/ros2_ws/install/crazyflie_interfaces/include/crazyflie_interfaces/crazyflie_interfaces/msg/detail/status__rosidl_typesupport_fastrtps_cpp.hpp
[1.864s] -- Up-to-date: /home/ubuntuuser/ros2_ws/install/crazyflie_interfaces/include/crazyflie_interfaces/crazyflie_interfaces/msg/detail/connection_statistics_array__rosidl_typesupport_fastrtps_cpp.hpp
[1.864s] -- Up-to-date: /home/ubuntuuser/ros2_ws/install/crazyflie_interfaces/include/crazyflie_interfaces/crazyflie_interfaces/msg/detail/log_data_generic__rosidl_typesupport_fastrtps_cpp.hpp
[1.864s] -- Up-to-date: /home/ubuntuuser/ros2_ws/install/crazyflie_interfaces/include/crazyflie_interfaces/crazyflie_interfaces/msg/detail/log_block__rosidl_typesupport_fastrtps_cpp.hpp
[1.864s] -- Up-to-date: /home/ubuntuuser/ros2_ws/install/crazyflie_interfaces/include/crazyflie_interfaces/crazyflie_interfaces/msg/detail/connection_statistics__rosidl_typesupport_fastrtps_cpp.hpp
[1.865s] -- Up-to-date: /home/ubuntuuser/ros2_ws/install/crazyflie_interfaces/include/crazyflie_interfaces/crazyflie_interfaces/msg/detail/dds_fastrtps
[1.865s] -- Up-to-date: /home/ubuntuuser/ros2_ws/install/crazyflie_interfaces/include/crazyflie_interfaces/crazyflie_interfaces/msg/detail/position__rosidl_typesupport_fastrtps_cpp.hpp
[1.865s] -- Up-to-date: /home/ubuntuuser/ros2_ws/install/crazyflie_interfaces/include/crazyflie_interfaces/crazyflie_interfaces/msg/rosidl_typesupport_fastrtps_cpp__visibility_control.h
[1.865s] -- Up-to-date: /home/ubuntuuser/ros2_ws/install/crazyflie_interfaces/include/crazyflie_interfaces/crazyflie_interfaces/srv
[1.866s] -- Up-to-date: /home/ubuntuuser/ros2_ws/install/crazyflie_interfaces/include/crazyflie_interfaces/crazyflie_interfaces/srv/detail
[1.866s] -- Up-to-date: /home/ubuntuuser/ros2_ws/install/crazyflie_interfaces/include/crazyflie_interfaces/crazyflie_interfaces/srv/detail/notify_setpoints_stop__rosidl_typesupport_fastrtps_cpp.hpp
[1.871s] -- Up-to-date: /home/ubuntuuser/ros2_ws/install/crazyflie_interfaces/include/crazyflie_interfaces/crazyflie_interfaces/srv/detail/land__rosidl_typesupport_fastrtps_cpp.hpp
[1.872s] -- Up-to-date: /home/ubuntuuser/ros2_ws/install/crazyflie_interfaces/include/crazyflie_interfaces/crazyflie_interfaces/srv/detail/update_params__rosidl_typesupport_fastrtps_cpp.hpp
[1.872s] -- Up-to-date: /home/ubuntuuser/ros2_ws/install/crazyflie_interfaces/include/crazyflie_interfaces/crazyflie_interfaces/srv/detail/set_group_mask__rosidl_typesupport_fastrtps_cpp.hpp
[1.875s] -- Up-to-date: /home/ubuntuuser/ros2_ws/install/crazyflie_interfaces/include/crazyflie_interfaces/crazyflie_interfaces/srv/detail/go_to__rosidl_typesupport_fastrtps_cpp.hpp
[1.876s] -- Up-to-date: /home/ubuntuuser/ros2_ws/install/crazyflie_interfaces/include/crazyflie_interfaces/crazyflie_interfaces/srv/detail/arm__rosidl_typesupport_fastrtps_cpp.hpp
[1.876s] -- Up-to-date: /home/ubuntuuser/ros2_ws/install/crazyflie_interfaces/include/crazyflie_interfaces/crazyflie_interfaces/srv/detail/remove_logging__rosidl_typesupport_fastrtps_cpp.hpp
[1.879s] -- Up-to-date: /home/ubuntuuser/ros2_ws/install/crazyflie_interfaces/include/crazyflie_interfaces/crazyflie_interfaces/srv/detail/stop__rosidl_typesupport_fastrtps_cpp.hpp
[1.881s] -- Up-to-date: /home/ubuntuuser/ros2_ws/install/crazyflie_interfaces/include/crazyflie_interfaces/crazyflie_interfaces/srv/detail/add_logging__rosidl_typesupport_fastrtps_cpp.hpp
[1.882s] -- Up-to-date: /home/ubuntuuser/ros2_ws/install/crazyflie_interfaces/include/crazyflie_interfaces/crazyflie_interfaces/srv/detail/upload_trajectory__rosidl_typesupport_fastrtps_cpp.hpp
[1.882s] -- Up-to-date: /home/ubuntuuser/ros2_ws/install/crazyflie_interfaces/include/crazyflie_interfaces/crazyflie_interfaces/srv/detail/dds_fastrtps
[1.886s] -- Up-to-date: /home/ubuntuuser/ros2_ws/install/crazyflie_interfaces/include/crazyflie_interfaces/crazyflie_interfaces/srv/detail/takeoff__rosidl_typesupport_fastrtps_cpp.hpp
[1.886s] -- Up-to-date: /home/ubuntuuser/ros2_ws/install/crazyflie_interfaces/include/crazyflie_interfaces/crazyflie_interfaces/srv/detail/start_trajectory__rosidl_typesupport_fastrtps_cpp.hpp
[1.886s] -- Up-to-date: /home/ubuntuuser/ros2_ws/install/crazyflie_interfaces/lib/libcrazyflie_interfaces__rosidl_typesupport_fastrtps_cpp.so
[1.886s] -- Up-to-date: /home/ubuntuuser/ros2_ws/install/crazyflie_interfaces/include/crazyflie_interfaces/crazyflie_interfaces
[1.886s] -- Up-to-date: /home/ubuntuuser/ros2_ws/install/crazyflie_interfaces/include/crazyflie_interfaces/crazyflie_interfaces/msg
[1.886s] -- Up-to-date: /home/ubuntuuser/ros2_ws/install/crazyflie_interfaces/include/crazyflie_interfaces/crazyflie_interfaces/msg/detail
[1.887s] -- Installing: /home/ubuntuuser/ros2_ws/install/crazyflie_interfaces/include/crazyflie_interfaces/crazyflie_interfaces/msg/detail/velocity_world__type_support.c
[1.887s] -- Up-to-date: /home/ubuntuuser/ros2_ws/install/crazyflie_interfaces/include/crazyflie_interfaces/crazyflie_interfaces/msg/detail/full_state__rosidl_typesupport_introspection_c.h
[1.887s] -- Up-to-date: /home/ubuntuuser/ros2_ws/install/crazyflie_interfaces/include/crazyflie_interfaces/crazyflie_interfaces/msg/detail/position__rosidl_typesupport_introspection_c.h
[1.887s] -- Installing: /home/ubuntuuser/ros2_ws/install/crazyflie_interfaces/include/crazyflie_interfaces/crazyflie_interfaces/msg/detail/log_block__type_support.c
[1.887s] -- Up-to-date: /home/ubuntuuser/ros2_ws/install/crazyflie_interfaces/include/crazyflie_interfaces/crazyflie_interfaces/msg/detail/velocity_world__rosidl_typesupport_introspection_c.h
[1.887s] -- Up-to-date: /home/ubuntuuser/ros2_ws/install/crazyflie_interfaces/include/crazyflie_interfaces/crazyflie_interfaces/msg/detail/connection_statistics_array__rosidl_typesupport_introspection_c.h
[1.889s] -- Installing: /home/ubuntuuser/ros2_ws/install/crazyflie_interfaces/include/crazyflie_interfaces/crazyflie_interfaces/msg/detail/connection_statistics_array__type_support.c
[1.889s] -- Up-to-date: /home/ubuntuuser/ros2_ws/install/crazyflie_interfaces/include/crazyflie_interfaces/crazyflie_interfaces/msg/detail/log_block__rosidl_typesupport_introspection_c.h
[1.889s] -- Up-to-date: /home/ubuntuuser/ros2_ws/install/crazyflie_interfaces/include/crazyflie_interfaces/crazyflie_interfaces/msg/detail/trajectory_polynomial_piece__rosidl_typesupport_introspection_c.h
[1.892s] -- Up-to-date: /home/ubuntuuser/ros2_ws/install/crazyflie_interfaces/include/crazyflie_interfaces/crazyflie_interfaces/msg/detail/connection_statistics__rosidl_typesupport_introspection_c.h
[1.895s] -- Installing: /home/ubuntuuser/ros2_ws/install/crazyflie_interfaces/include/crazyflie_interfaces/crazyflie_interfaces/msg/detail/status__type_support.c
[1.895s] -- Up-to-date: /home/ubuntuuser/ros2_ws/install/crazyflie_interfaces/include/crazyflie_interfaces/crazyflie_interfaces/msg/detail/hover__rosidl_typesupport_introspection_c.h
[1.895s] -- Installing: /home/ubuntuuser/ros2_ws/install/crazyflie_interfaces/include/crazyflie_interfaces/crazyflie_interfaces/msg/detail/full_state__type_support.c
[1.895s] -- Up-to-date: /home/ubuntuuser/ros2_ws/install/crazyflie_interfaces/include/crazyflie_interfaces/crazyflie_interfaces/msg/detail/log_data_generic__rosidl_typesupport_introspection_c.h
[1.896s] -- Installing: /home/ubuntuuser/ros2_ws/install/crazyflie_interfaces/include/crazyflie_interfaces/crazyflie_interfaces/msg/detail/log_data_generic__type_support.c
[1.897s] -- Installing: /home/ubuntuuser/ros2_ws/install/crazyflie_interfaces/include/crazyflie_interfaces/crazyflie_interfaces/msg/detail/trajectory_polynomial_piece__type_support.c
[1.897s] -- Installing: /home/ubuntuuser/ros2_ws/install/crazyflie_interfaces/include/crazyflie_interfaces/crazyflie_interfaces/msg/detail/hover__type_support.c
[1.897s] -- Installing: /home/ubuntuuser/ros2_ws/install/crazyflie_interfaces/include/crazyflie_interfaces/crazyflie_interfaces/msg/detail/connection_statistics__type_support.c
[1.897s] -- Installing: /home/ubuntuuser/ros2_ws/install/crazyflie_interfaces/include/crazyflie_interfaces/crazyflie_interfaces/msg/detail/position__type_support.c
[1.898s] -- Up-to-date: /home/ubuntuuser/ros2_ws/install/crazyflie_interfaces/include/crazyflie_interfaces/crazyflie_interfaces/msg/detail/status__rosidl_typesupport_introspection_c.h
[1.899s] -- Up-to-date: /home/ubuntuuser/ros2_ws/install/crazyflie_interfaces/include/crazyflie_interfaces/crazyflie_interfaces/msg/rosidl_typesupport_introspection_c__visibility_control.h
[1.900s] -- Up-to-date: /home/ubuntuuser/ros2_ws/install/crazyflie_interfaces/include/crazyflie_interfaces/crazyflie_interfaces/srv
[1.900s] -- Up-to-date: /home/ubuntuuser/ros2_ws/install/crazyflie_interfaces/include/crazyflie_interfaces/crazyflie_interfaces/srv/detail
[1.900s] -- Installing: /home/ubuntuuser/ros2_ws/install/crazyflie_interfaces/include/crazyflie_interfaces/crazyflie_interfaces/srv/detail/update_params__type_support.c
[1.900s] -- Installing: /home/ubuntuuser/ros2_ws/install/crazyflie_interfaces/include/crazyflie_interfaces/crazyflie_interfaces/srv/detail/add_logging__type_support.c
[1.900s] -- Installing: /home/ubuntuuser/ros2_ws/install/crazyflie_interfaces/include/crazyflie_interfaces/crazyflie_interfaces/srv/detail/start_trajectory__type_support.c
[1.900s] -- Up-to-date: /home/ubuntuuser/ros2_ws/install/crazyflie_interfaces/include/crazyflie_interfaces/crazyflie_interfaces/srv/detail/takeoff__rosidl_typesupport_introspection_c.h
[1.900s] -- Up-to-date: /home/ubuntuuser/ros2_ws/install/crazyflie_interfaces/include/crazyflie_interfaces/crazyflie_interfaces/srv/detail/add_logging__rosidl_typesupport_introspection_c.h
[1.903s] -- Installing: /home/ubuntuuser/ros2_ws/install/crazyflie_interfaces/include/crazyflie_interfaces/crazyflie_interfaces/srv/detail/land__type_support.c
[1.903s] -- Installing: /home/ubuntuuser/ros2_ws/install/crazyflie_interfaces/include/crazyflie_interfaces/crazyflie_interfaces/srv/detail/remove_logging__type_support.c
[1.903s] -- Installing: /home/ubuntuuser/ros2_ws/install/crazyflie_interfaces/include/crazyflie_interfaces/crazyflie_interfaces/srv/detail/arm__type_support.c
[1.903s] -- Installing: /home/ubuntuuser/ros2_ws/install/crazyflie_interfaces/include/crazyflie_interfaces/crazyflie_interfaces/srv/detail/stop__type_support.c
[1.903s] -- Installing: /home/ubuntuuser/ros2_ws/install/crazyflie_interfaces/include/crazyflie_interfaces/crazyflie_interfaces/srv/detail/go_to__type_support.c
[1.903s] -- Up-to-date: /home/ubuntuuser/ros2_ws/install/crazyflie_interfaces/include/crazyflie_interfaces/crazyflie_interfaces/srv/detail/notify_setpoints_stop__rosidl_typesupport_introspection_c.h
[1.904s] -- Installing: /home/ubuntuuser/ros2_ws/install/crazyflie_interfaces/include/crazyflie_interfaces/crazyflie_interfaces/srv/detail/notify_setpoints_stop__type_support.c
[1.904s] -- Up-to-date: /home/ubuntuuser/ros2_ws/install/crazyflie_interfaces/include/crazyflie_interfaces/crazyflie_interfaces/srv/detail/stop__rosidl_typesupport_introspection_c.h
[1.904s] -- Installing: /home/ubuntuuser/ros2_ws/install/crazyflie_interfaces/include/crazyflie_interfaces/crazyflie_interfaces/srv/detail/takeoff__type_support.c
[1.904s] -- Up-to-date: /home/ubuntuuser/ros2_ws/install/crazyflie_interfaces/include/crazyflie_interfaces/crazyflie_interfaces/srv/detail/update_params__rosidl_typesupport_introspection_c.h
[1.904s] -- Up-to-date: /home/ubuntuuser/ros2_ws/install/crazyflie_interfaces/include/crazyflie_interfaces/crazyflie_interfaces/srv/detail/upload_trajectory__rosidl_typesupport_introspection_c.h
[1.904s] -- Up-to-date: /home/ubuntuuser/ros2_ws/install/crazyflie_interfaces/include/crazyflie_interfaces/crazyflie_interfaces/srv/detail/arm__rosidl_typesupport_introspection_c.h
[1.906s] -- Up-to-date: /home/ubuntuuser/ros2_ws/install/crazyflie_interfaces/include/crazyflie_interfaces/crazyflie_interfaces/srv/detail/land__rosidl_typesupport_introspection_c.h
[1.906s] -- Installing: /home/ubuntuuser/ros2_ws/install/crazyflie_interfaces/include/crazyflie_interfaces/crazyflie_interfaces/srv/detail/upload_trajectory__type_support.c
[1.906s] -- Up-to-date: /home/ubuntuuser/ros2_ws/install/crazyflie_interfaces/include/crazyflie_interfaces/crazyflie_interfaces/srv/detail/remove_logging__rosidl_typesupport_introspection_c.h
[1.906s] -- Up-to-date: /home/ubuntuuser/ros2_ws/install/crazyflie_interfaces/include/crazyflie_interfaces/crazyflie_interfaces/srv/detail/go_to__rosidl_typesupport_introspection_c.h
[1.906s] -- Installing: /home/ubuntuuser/ros2_ws/install/crazyflie_interfaces/include/crazyflie_interfaces/crazyflie_interfaces/srv/detail/set_group_mask__type_support.c
[1.907s] -- Up-to-date: /home/ubuntuuser/ros2_ws/install/crazyflie_interfaces/include/crazyflie_interfaces/crazyflie_interfaces/srv/detail/start_trajectory__rosidl_typesupport_introspection_c.h
[1.907s] -- Up-to-date: /home/ubuntuuser/ros2_ws/install/crazyflie_interfaces/include/crazyflie_interfaces/crazyflie_interfaces/srv/detail/set_group_mask__rosidl_typesupport_introspection_c.h
[1.907s] -- Up-to-date: /home/ubuntuuser/ros2_ws/install/crazyflie_interfaces/lib/libcrazyflie_interfaces__rosidl_typesupport_introspection_c.so
[1.907s] -- Up-to-date: /home/ubuntuuser/ros2_ws/install/crazyflie_interfaces/lib/libcrazyflie_interfaces__rosidl_typesupport_c.so
[1.907s] -- Up-to-date: /home/ubuntuuser/ros2_ws/install/crazyflie_interfaces/include/crazyflie_interfaces/crazyflie_interfaces
[1.909s] -- Up-to-date: /home/ubuntuuser/ros2_ws/install/crazyflie_interfaces/include/crazyflie_interfaces/crazyflie_interfaces/msg
[1.909s] -- Up-to-date: /home/ubuntuuser/ros2_ws/install/crazyflie_interfaces/include/crazyflie_interfaces/crazyflie_interfaces/msg/detail
[1.909s] -- Up-to-date: /home/ubuntuuser/ros2_ws/install/crazyflie_interfaces/include/crazyflie_interfaces/crazyflie_interfaces/msg/detail/log_block__rosidl_typesupport_introspection_cpp.hpp
[1.909s] -- Up-to-date: /home/ubuntuuser/ros2_ws/install/crazyflie_interfaces/include/crazyflie_interfaces/crazyflie_interfaces/msg/detail/full_state__rosidl_typesupport_introspection_cpp.hpp
[1.909s] -- Up-to-date: /home/ubuntuuser/ros2_ws/install/crazyflie_interfaces/include/crazyflie_interfaces/crazyflie_interfaces/msg/detail/status__rosidl_typesupport_introspection_cpp.hpp
[1.909s] -- Up-to-date: /home/ubuntuuser/ros2_ws/install/crazyflie_interfaces/include/crazyflie_interfaces/crazyflie_interfaces/msg/detail/trajectory_polynomial_piece__type_support.cpp
[1.911s] -- Up-to-date: /home/ubuntuuser/ros2_ws/install/crazyflie_interfaces/include/crazyflie_interfaces/crazyflie_interfaces/msg/detail/hover__type_support.cpp
[1.911s] -- Up-to-date: /home/ubuntuuser/ros2_ws/install/crazyflie_interfaces/include/crazyflie_interfaces/crazyflie_interfaces/msg/detail/status__type_support.cpp
[1.911s] -- Up-to-date: /home/ubuntuuser/ros2_ws/install/crazyflie_interfaces/include/crazyflie_interfaces/crazyflie_interfaces/msg/detail/connection_statistics_array__type_support.cpp
[1.911s] -- Up-to-date: /home/ubuntuuser/ros2_ws/install/crazyflie_interfaces/include/crazyflie_interfaces/crazyflie_interfaces/msg/detail/log_data_generic__type_support.cpp
[1.912s] -- Up-to-date: /home/ubuntuuser/ros2_ws/install/crazyflie_interfaces/include/crazyflie_interfaces/crazyflie_interfaces/msg/detail/full_state__type_support.cpp
[1.912s] -- Up-to-date: /home/ubuntuuser/ros2_ws/install/crazyflie_interfaces/include/crazyflie_interfaces/crazyflie_interfaces/msg/detail/connection_statistics__rosidl_typesupport_introspection_cpp.hpp
[1.913s] -- Up-to-date: /home/ubuntuuser/ros2_ws/install/crazyflie_interfaces/include/crazyflie_interfaces/crazyflie_interfaces/msg/detail/trajectory_polynomial_piece__rosidl_typesupport_introspection_cpp.hpp
[1.913s] -- Up-to-date: /home/ubuntuuser/ros2_ws/install/crazyflie_interfaces/include/crazyflie_interfaces/crazyflie_interfaces/msg/detail/connection_statistics__type_support.cpp
[1.913s] -- Up-to-date: /home/ubuntuuser/ros2_ws/install/crazyflie_interfaces/include/crazyflie_interfaces/crazyflie_interfaces/msg/detail/position__type_support.cpp
[1.913s] -- Up-to-date: /home/ubuntuuser/ros2_ws/install/crazyflie_interfaces/include/crazyflie_interfaces/crazyflie_interfaces/msg/detail/connection_statistics_array__rosidl_typesupport_introspection_cpp.hpp
[1.913s] -- Up-to-date: /home/ubuntuuser/ros2_ws/install/crazyflie_interfaces/include/crazyflie_interfaces/crazyflie_interfaces/msg/detail/hover__rosidl_typesupport_introspection_cpp.hpp
[1.913s] -- Up-to-date: /home/ubuntuuser/ros2_ws/install/crazyflie_interfaces/include/crazyflie_interfaces/crazyflie_interfaces/msg/detail/log_block__type_support.cpp
[1.913s] -- Up-to-date: /home/ubuntuuser/ros2_ws/install/crazyflie_interfaces/include/crazyflie_interfaces/crazyflie_interfaces/msg/detail/log_data_generic__rosidl_typesupport_introspection_cpp.hpp
[1.913s] -- Up-to-date: /home/ubuntuuser/ros2_ws/install/crazyflie_interfaces/include/crazyflie_interfaces/crazyflie_interfaces/msg/detail/position__rosidl_typesupport_introspection_cpp.hpp
[1.913s] -- Up-to-date: /home/ubuntuuser/ros2_ws/install/crazyflie_interfaces/include/crazyflie_interfaces/crazyflie_interfaces/msg/detail/velocity_world__rosidl_typesupport_introspection_cpp.hpp
[1.914s] -- Up-to-date: /home/ubuntuuser/ros2_ws/install/crazyflie_interfaces/include/crazyflie_interfaces/crazyflie_interfaces/msg/detail/velocity_world__type_support.cpp
[1.915s] -- Up-to-date: /home/ubuntuuser/ros2_ws/install/crazyflie_interfaces/include/crazyflie_interfaces/crazyflie_interfaces/srv
[1.915s] -- Up-to-date: /home/ubuntuuser/ros2_ws/install/crazyflie_interfaces/include/crazyflie_interfaces/crazyflie_interfaces/srv/detail
[1.915s] -- Up-to-date: /home/ubuntuuser/ros2_ws/install/crazyflie_interfaces/include/crazyflie_interfaces/crazyflie_interfaces/srv/detail/arm__rosidl_typesupport_introspection_cpp.hpp
[1.915s] -- Up-to-date: /home/ubuntuuser/ros2_ws/install/crazyflie_interfaces/include/crazyflie_interfaces/crazyflie_interfaces/srv/detail/notify_setpoints_stop__rosidl_typesupport_introspection_cpp.hpp
[1.915s] -- Up-to-date: /home/ubuntuuser/ros2_ws/install/crazyflie_interfaces/include/crazyflie_interfaces/crazyflie_interfaces/srv/detail/upload_trajectory__type_support.cpp
[1.915s] -- Up-to-date: /home/ubuntuuser/ros2_ws/install/crazyflie_interfaces/include/crazyflie_interfaces/crazyflie_interfaces/srv/detail/arm__type_support.cpp
[1.915s] -- Up-to-date: /home/ubuntuuser/ros2_ws/install/crazyflie_interfaces/include/crazyflie_interfaces/crazyflie_interfaces/srv/detail/takeoff__type_support.cpp
[1.915s] -- Up-to-date: /home/ubuntuuser/ros2_ws/install/crazyflie_interfaces/include/crazyflie_interfaces/crazyflie_interfaces/srv/detail/go_to__rosidl_typesupport_introspection_cpp.hpp
[1.916s] -- Up-to-date: /home/ubuntuuser/ros2_ws/install/crazyflie_interfaces/include/crazyflie_interfaces/crazyflie_interfaces/srv/detail/set_group_mask__type_support.cpp
[1.916s] -- Up-to-date: /home/ubuntuuser/ros2_ws/install/crazyflie_interfaces/include/crazyflie_interfaces/crazyflie_interfaces/srv/detail/add_logging__type_support.cpp
[1.916s] -- Up-to-date: /home/ubuntuuser/ros2_ws/install/crazyflie_interfaces/include/crazyflie_interfaces/crazyflie_interfaces/srv/detail/land__type_support.cpp
[1.916s] -- Up-to-date: /home/ubuntuuser/ros2_ws/install/crazyflie_interfaces/include/crazyflie_interfaces/crazyflie_interfaces/srv/detail/set_group_mask__rosidl_typesupport_introspection_cpp.hpp
[1.916s] -- Up-to-date: /home/ubuntuuser/ros2_ws/install/crazyflie_interfaces/include/crazyflie_interfaces/crazyflie_interfaces/srv/detail/add_logging__rosidl_typesupport_introspection_cpp.hpp
[1.916s] -- Up-to-date: /home/ubuntuuser/ros2_ws/install/crazyflie_interfaces/include/crazyflie_interfaces/crazyflie_interfaces/srv/detail/go_to__type_support.cpp
[1.916s] -- Up-to-date: /home/ubuntuuser/ros2_ws/install/crazyflie_interfaces/include/crazyflie_interfaces/crazyflie_interfaces/srv/detail/notify_setpoints_stop__type_support.cpp
[1.916s] -- Up-to-date: /home/ubuntuuser/ros2_ws/install/crazyflie_interfaces/include/crazyflie_interfaces/crazyflie_interfaces/srv/detail/takeoff__rosidl_typesupport_introspection_cpp.hpp
[1.916s] -- Up-to-date: /home/ubuntuuser/ros2_ws/install/crazyflie_interfaces/include/crazyflie_interfaces/crazyflie_interfaces/srv/detail/remove_logging__type_support.cpp
[1.917s] -- Up-to-date: /home/ubuntuuser/ros2_ws/install/crazyflie_interfaces/include/crazyflie_interfaces/crazyflie_interfaces/srv/detail/stop__type_support.cpp
[1.917s] -- Up-to-date: /home/ubuntuuser/ros2_ws/install/crazyflie_interfaces/include/crazyflie_interfaces/crazyflie_interfaces/srv/detail/upload_trajectory__rosidl_typesupport_introspection_cpp.hpp
[1.917s] -- Up-to-date: /home/ubuntuuser/ros2_ws/install/crazyflie_interfaces/include/crazyflie_interfaces/crazyflie_interfaces/srv/detail/remove_logging__rosidl_typesupport_introspection_cpp.hpp
[1.917s] -- Up-to-date: /home/ubuntuuser/ros2_ws/install/crazyflie_interfaces/include/crazyflie_interfaces/crazyflie_interfaces/srv/detail/start_trajectory__rosidl_typesupport_introspection_cpp.hpp
[1.917s] -- Up-to-date: /home/ubuntuuser/ros2_ws/install/crazyflie_interfaces/include/crazyflie_interfaces/crazyflie_interfaces/srv/detail/update_params__type_support.cpp
[1.917s] -- Up-to-date: /home/ubuntuuser/ros2_ws/install/crazyflie_interfaces/include/crazyflie_interfaces/crazyflie_interfaces/srv/detail/stop__rosidl_typesupport_introspection_cpp.hpp
[1.918s] -- Up-to-date: /home/ubuntuuser/ros2_ws/install/crazyflie_interfaces/include/crazyflie_interfaces/crazyflie_interfaces/srv/detail/start_trajectory__type_support.cpp
[1.919s] -- Up-to-date: /home/ubuntuuser/ros2_ws/install/crazyflie_interfaces/include/crazyflie_interfaces/crazyflie_interfaces/srv/detail/update_params__rosidl_typesupport_introspection_cpp.hpp
[1.919s] -- Up-to-date: /home/ubuntuuser/ros2_ws/install/crazyflie_interfaces/include/crazyflie_interfaces/crazyflie_interfaces/srv/detail/land__rosidl_typesupport_introspection_cpp.hpp
[1.919s] -- Up-to-date: /home/ubuntuuser/ros2_ws/install/crazyflie_interfaces/lib/libcrazyflie_interfaces__rosidl_typesupport_introspection_cpp.so
[1.919s] -- Up-to-date: /home/ubuntuuser/ros2_ws/install/crazyflie_interfaces/lib/libcrazyflie_interfaces__rosidl_typesupport_cpp.so
[1.919s] -- Up-to-date: /home/ubuntuuser/ros2_ws/install/crazyflie_interfaces/share/crazyflie_interfaces/environment/pythonpath.sh
[1.920s] -- Up-to-date: /home/ubuntuuser/ros2_ws/install/crazyflie_interfaces/share/crazyflie_interfaces/environment/pythonpath.dsv
[1.920s] -- Up-to-date: /home/ubuntuuser/ros2_ws/install/crazyflie_interfaces/lib/python3.12/site-packages/crazyflie_interfaces-1.0.3-py3.12.egg-info
[1.920s] -- Installing: /home/ubuntuuser/ros2_ws/install/crazyflie_interfaces/lib/python3.12/site-packages/crazyflie_interfaces-1.0.3-py3.12.egg-info/SOURCES.txt
[1.920s] -- Installing: /home/ubuntuuser/ros2_ws/install/crazyflie_interfaces/lib/python3.12/site-packages/crazyflie_interfaces-1.0.3-py3.12.egg-info/PKG-INFO
[1.920s] -- Installing: /home/ubuntuuser/ros2_ws/install/crazyflie_interfaces/lib/python3.12/site-packages/crazyflie_interfaces-1.0.3-py3.12.egg-info/dependency_links.txt
[1.920s] -- Installing: /home/ubuntuuser/ros2_ws/install/crazyflie_interfaces/lib/python3.12/site-packages/crazyflie_interfaces-1.0.3-py3.12.egg-info/top_level.txt
[1.920s] -- Up-to-date: /home/ubuntuuser/ros2_ws/install/crazyflie_interfaces/lib/python3.12/site-packages/crazyflie_interfaces
[1.920s] -- Up-to-date: /home/ubuntuuser/ros2_ws/install/crazyflie_interfaces/lib/python3.12/site-packages/crazyflie_interfaces/crazyflie_interfaces_s__rosidl_typesupport_c.so
[1.920s] -- Up-to-date: /home/ubuntuuser/ros2_ws/install/crazyflie_interfaces/lib/python3.12/site-packages/crazyflie_interfaces/msg
[1.920s] -- Up-to-date: /home/ubuntuuser/ros2_ws/install/crazyflie_interfaces/lib/python3.12/site-packages/crazyflie_interfaces/msg/_position.py
[1.921s] -- Up-to-date: /home/ubuntuuser/ros2_ws/install/crazyflie_interfaces/lib/python3.12/site-packages/crazyflie_interfaces/msg/_connection_statistics_array_s.c
[1.921s] -- Up-to-date: /home/ubuntuuser/ros2_ws/install/crazyflie_interfaces/lib/python3.12/site-packages/crazyflie_interfaces/msg/_log_block_s.c
[1.921s] -- Up-to-date: /home/ubuntuuser/ros2_ws/install/crazyflie_interfaces/lib/python3.12/site-packages/crazyflie_interfaces/msg/_connection_statistics_s.c
[1.921s] -- Up-to-date: /home/ubuntuuser/ros2_ws/install/crazyflie_interfaces/lib/python3.12/site-packages/crazyflie_interfaces/msg/_trajectory_polynomial_piece_s.c
[1.921s] -- Up-to-date: /home/ubuntuuser/ros2_ws/install/crazyflie_interfaces/lib/python3.12/site-packages/crazyflie_interfaces/msg/_hover.py
[1.921s] -- Up-to-date: /home/ubuntuuser/ros2_ws/install/crazyflie_interfaces/lib/python3.12/site-packages/crazyflie_interfaces/msg/__init__.py
[1.921s] -- Up-to-date: /home/ubuntuuser/ros2_ws/install/crazyflie_interfaces/lib/python3.12/site-packages/crazyflie_interfaces/msg/_log_block.py
[1.921s] -- Up-to-date: /home/ubuntuuser/ros2_ws/install/crazyflie_interfaces/lib/python3.12/site-packages/crazyflie_interfaces/msg/_velocity_world.py
[1.921s] -- Up-to-date: /home/ubuntuuser/ros2_ws/install/crazyflie_interfaces/lib/python3.12/site-packages/crazyflie_interfaces/msg/_velocity_world_s.c
[1.922s] -- Up-to-date: /home/ubuntuuser/ros2_ws/install/crazyflie_interfaces/lib/python3.12/site-packages/crazyflie_interfaces/msg/_connection_statistics_array.py
[1.922s] -- Up-to-date: /home/ubuntuuser/ros2_ws/install/crazyflie_interfaces/lib/python3.12/site-packages/crazyflie_interfaces/msg/_position_s.c
[1.922s] -- Up-to-date: /home/ubuntuuser/ros2_ws/install/crazyflie_interfaces/lib/python3.12/site-packages/crazyflie_interfaces/msg/_log_data_generic_s.c
[1.922s] -- Up-to-date: /home/ubuntuuser/ros2_ws/install/crazyflie_interfaces/lib/python3.12/site-packages/crazyflie_interfaces/msg/_status.py
[1.922s] -- Up-to-date: /home/ubuntuuser/ros2_ws/install/crazyflie_interfaces/lib/python3.12/site-packages/crazyflie_interfaces/msg/_status_s.c
[1.922s] -- Up-to-date: /home/ubuntuuser/ros2_ws/install/crazyflie_interfaces/lib/python3.12/site-packages/crazyflie_interfaces/msg/_full_state_s.c
[1.925s] -- Up-to-date: /home/ubuntuuser/ros2_ws/install/crazyflie_interfaces/lib/python3.12/site-packages/crazyflie_interfaces/msg/_log_data_generic.py
[1.926s] -- Up-to-date: /home/ubuntuuser/ros2_ws/install/crazyflie_interfaces/lib/python3.12/site-packages/crazyflie_interfaces/msg/_full_state.py
[1.926s] -- Up-to-date: /home/ubuntuuser/ros2_ws/install/crazyflie_interfaces/lib/python3.12/site-packages/crazyflie_interfaces/msg/_trajectory_polynomial_piece.py
[1.926s] -- Up-to-date: /home/ubuntuuser/ros2_ws/install/crazyflie_interfaces/lib/python3.12/site-packages/crazyflie_interfaces/msg/_connection_statistics.py
[1.926s] -- Up-to-date: /home/ubuntuuser/ros2_ws/install/crazyflie_interfaces/lib/python3.12/site-packages/crazyflie_interfaces/msg/_hover_s.c
[1.926s] -- Up-to-date: /home/ubuntuuser/ros2_ws/install/crazyflie_interfaces/lib/python3.12/site-packages/crazyflie_interfaces/__init__.py
[1.926s] -- Up-to-date: /home/ubuntuuser/ros2_ws/install/crazyflie_interfaces/lib/python3.12/site-packages/crazyflie_interfaces/_crazyflie_interfaces_s.ep.rosidl_typesupport_introspection_c.c
[1.926s] -- Up-to-date: /home/ubuntuuser/ros2_ws/install/crazyflie_interfaces/lib/python3.12/site-packages/crazyflie_interfaces/crazyflie_interfaces_s__rosidl_typesupport_introspection_c.so
[1.928s] -- Up-to-date: /home/ubuntuuser/ros2_ws/install/crazyflie_interfaces/lib/python3.12/site-packages/crazyflie_interfaces/srv
[1.928s] -- Up-to-date: /home/ubuntuuser/ros2_ws/install/crazyflie_interfaces/lib/python3.12/site-packages/crazyflie_interfaces/srv/_notify_setpoints_stop.py
[1.928s] -- Up-to-date: /home/ubuntuuser/ros2_ws/install/crazyflie_interfaces/lib/python3.12/site-packages/crazyflie_interfaces/srv/_takeoff.py
[1.929s] -- Up-to-date: /home/ubuntuuser/ros2_ws/install/crazyflie_interfaces/lib/python3.12/site-packages/crazyflie_interfaces/srv/_start_trajectory.py
[1.929s] -- Up-to-date: /home/ubuntuuser/ros2_ws/install/crazyflie_interfaces/lib/python3.12/site-packages/crazyflie_interfaces/srv/_stop.py
[1.930s] -- Up-to-date: /home/ubuntuuser/ros2_ws/install/crazyflie_interfaces/lib/python3.12/site-packages/crazyflie_interfaces/srv/_set_group_mask_s.c
[1.931s] -- Up-to-date: /home/ubuntuuser/ros2_ws/install/crazyflie_interfaces/lib/python3.12/site-packages/crazyflie_interfaces/srv/__init__.py
[1.931s] -- Up-to-date: /home/ubuntuuser/ros2_ws/install/crazyflie_interfaces/lib/python3.12/site-packages/crazyflie_interfaces/srv/_go_to_s.c
[1.931s] -- Up-to-date: /home/ubuntuuser/ros2_ws/install/crazyflie_interfaces/lib/python3.12/site-packages/crazyflie_interfaces/srv/_takeoff_s.c
[1.932s] -- Up-to-date: /home/ubuntuuser/ros2_ws/install/crazyflie_interfaces/lib/python3.12/site-packages/crazyflie_interfaces/srv/_remove_logging.py
[1.933s] -- Up-to-date: /home/ubuntuuser/ros2_ws/install/crazyflie_interfaces/lib/python3.12/site-packages/crazyflie_interfaces/srv/_go_to.py
[1.933s] -- Up-to-date: /home/ubuntuuser/ros2_ws/install/crazyflie_interfaces/lib/python3.12/site-packages/crazyflie_interfaces/srv/_land_s.c
[1.933s] -- Up-to-date: /home/ubuntuuser/ros2_ws/install/crazyflie_interfaces/lib/python3.12/site-packages/crazyflie_interfaces/srv/_remove_logging_s.c
[1.933s] -- Up-to-date: /home/ubuntuuser/ros2_ws/install/crazyflie_interfaces/lib/python3.12/site-packages/crazyflie_interfaces/srv/_notify_setpoints_stop_s.c
[1.933s] -- Up-to-date: /home/ubuntuuser/ros2_ws/install/crazyflie_interfaces/lib/python3.12/site-packages/crazyflie_interfaces/srv/_arm_s.c
[1.933s] -- Up-to-date: /home/ubuntuuser/ros2_ws/install/crazyflie_interfaces/lib/python3.12/site-packages/crazyflie_interfaces/srv/_start_trajectory_s.c
[1.935s] -- Up-to-date: /home/ubuntuuser/ros2_ws/install/crazyflie_interfaces/lib/python3.12/site-packages/crazyflie_interfaces/srv/_land.py
[1.935s] -- Up-to-date: /home/ubuntuuser/ros2_ws/install/crazyflie_interfaces/lib/python3.12/site-packages/crazyflie_interfaces/srv/_stop_s.c
[1.935s] -- Up-to-date: /home/ubuntuuser/ros2_ws/install/crazyflie_interfaces/lib/python3.12/site-packages/crazyflie_interfaces/srv/_set_group_mask.py
[1.935s] -- Up-to-date: /home/ubuntuuser/ros2_ws/install/crazyflie_interfaces/lib/python3.12/site-packages/crazyflie_interfaces/srv/_update_params.py
[1.935s] -- Up-to-date: /home/ubuntuuser/ros2_ws/install/crazyflie_interfaces/lib/python3.12/site-packages/crazyflie_interfaces/srv/_arm.py
[1.935s] -- Up-to-date: /home/ubuntuuser/ros2_ws/install/crazyflie_interfaces/lib/python3.12/site-packages/crazyflie_interfaces/srv/_add_logging_s.c
[1.935s] -- Up-to-date: /home/ubuntuuser/ros2_ws/install/crazyflie_interfaces/lib/python3.12/site-packages/crazyflie_interfaces/srv/_upload_trajectory.py
[1.935s] -- Up-to-date: /home/ubuntuuser/ros2_ws/install/crazyflie_interfaces/lib/python3.12/site-packages/crazyflie_interfaces/srv/_add_logging.py
[1.936s] -- Up-to-date: /home/ubuntuuser/ros2_ws/install/crazyflie_interfaces/lib/python3.12/site-packages/crazyflie_interfaces/srv/_upload_trajectory_s.c
[1.936s] -- Up-to-date: /home/ubuntuuser/ros2_ws/install/crazyflie_interfaces/lib/python3.12/site-packages/crazyflie_interfaces/srv/_update_params_s.c
[1.936s] -- Up-to-date: /home/ubuntuuser/ros2_ws/install/crazyflie_interfaces/lib/python3.12/site-packages/crazyflie_interfaces/_crazyflie_interfaces_s.ep.rosidl_typesupport_c.c
[1.936s] -- Up-to-date: /home/ubuntuuser/ros2_ws/install/crazyflie_interfaces/lib/python3.12/site-packages/crazyflie_interfaces/_crazyflie_interfaces_s.ep.rosidl_typesupport_fastrtps_c.c
[1.936s] -- Up-to-date: /home/ubuntuuser/ros2_ws/install/crazyflie_interfaces/lib/python3.12/site-packages/crazyflie_interfaces/crazyflie_interfaces_s__rosidl_typesupport_fastrtps_c.so
[1.937s] Listing '/home/ubuntuuser/ros2_ws/install/crazyflie_interfaces/lib/python3.12/site-packages/crazyflie_interfaces'...
[1.938s] Listing '/home/ubuntuuser/ros2_ws/install/crazyflie_interfaces/lib/python3.12/site-packages/crazyflie_interfaces/msg'...
[1.938s] Listing '/home/ubuntuuser/ros2_ws/install/crazyflie_interfaces/lib/python3.12/site-packages/crazyflie_interfaces/srv'...
[1.938s] -- Up-to-date: /home/ubuntuuser/ros2_ws/install/crazyflie_interfaces/lib/python3.12/site-packages/crazyflie_interfaces/crazyflie_interfaces_s__rosidl_typesupport_fastrtps_c.so
[1.938s] -- Up-to-date: /home/ubuntuuser/ros2_ws/install/crazyflie_interfaces/lib/python3.12/site-packages/crazyflie_interfaces/crazyflie_interfaces_s__rosidl_typesupport_introspection_c.so
[1.938s] -- Up-to-date: /home/ubuntuuser/ros2_ws/install/crazyflie_interfaces/lib/python3.12/site-packages/crazyflie_interfaces/crazyflie_interfaces_s__rosidl_typesupport_c.so
[1.939s] -- Up-to-date: /home/ubuntuuser/ros2_ws/install/crazyflie_interfaces/lib/libcrazyflie_interfaces__rosidl_generator_py.so
[1.939s] -- Up-to-date: /home/ubuntuuser/ros2_ws/install/crazyflie_interfaces/share/crazyflie_interfaces/msg/ConnectionStatistics.idl
[1.940s] -- Up-to-date: /home/ubuntuuser/ros2_ws/install/crazyflie_interfaces/share/crazyflie_interfaces/msg/ConnectionStatisticsArray.idl
[1.940s] -- Up-to-date: /home/ubuntuuser/ros2_ws/install/crazyflie_interfaces/share/crazyflie_interfaces/msg/FullState.idl
[1.940s] -- Up-to-date: /home/ubuntuuser/ros2_ws/install/crazyflie_interfaces/share/crazyflie_interfaces/msg/LogDataGeneric.idl
[1.940s] -- Up-to-date: /home/ubuntuuser/ros2_ws/install/crazyflie_interfaces/share/crazyflie_interfaces/msg/Hover.idl
[1.940s] -- Up-to-date: /home/ubuntuuser/ros2_ws/install/crazyflie_interfaces/share/crazyflie_interfaces/msg/LogBlock.idl
[1.940s] -- Up-to-date: /home/ubuntuuser/ros2_ws/install/crazyflie_interfaces/share/crazyflie_interfaces/msg/Position.idl
[1.940s] -- Up-to-date: /home/ubuntuuser/ros2_ws/install/crazyflie_interfaces/share/crazyflie_interfaces/msg/Status.idl
[1.942s] -- Up-to-date: /home/ubuntuuser/ros2_ws/install/crazyflie_interfaces/share/crazyflie_interfaces/msg/TrajectoryPolynomialPiece.idl
[1.942s] -- Up-to-date: /home/ubuntuuser/ros2_ws/install/crazyflie_interfaces/share/crazyflie_interfaces/msg/VelocityWorld.idl
[1.942s] -- Up-to-date: /home/ubuntuuser/ros2_ws/install/crazyflie_interfaces/share/crazyflie_interfaces/srv/GoTo.idl
[1.942s] -- Up-to-date: /home/ubuntuuser/ros2_ws/install/crazyflie_interfaces/share/crazyflie_interfaces/srv/Land.idl
[1.942s] -- Up-to-date: /home/ubuntuuser/ros2_ws/install/crazyflie_interfaces/share/crazyflie_interfaces/srv/NotifySetpointsStop.idl
[1.942s] -- Up-to-date: /home/ubuntuuser/ros2_ws/install/crazyflie_interfaces/share/crazyflie_interfaces/srv/SetGroupMask.idl
[1.942s] -- Up-to-date: /home/ubuntuuser/ros2_ws/install/crazyflie_interfaces/share/crazyflie_interfaces/srv/StartTrajectory.idl
[1.944s] -- Up-to-date: /home/ubuntuuser/ros2_ws/install/crazyflie_interfaces/share/crazyflie_interfaces/srv/Stop.idl
[1.944s] -- Up-to-date: /home/ubuntuuser/ros2_ws/install/crazyflie_interfaces/share/crazyflie_interfaces/srv/Takeoff.idl
[1.944s] -- Up-to-date: /home/ubuntuuser/ros2_ws/install/crazyflie_interfaces/share/crazyflie_interfaces/srv/UpdateParams.idl
[1.944s] -- Up-to-date: /home/ubuntuuser/ros2_ws/install/crazyflie_interfaces/share/crazyflie_interfaces/srv/UploadTrajectory.idl
[1.944s] -- Up-to-date: /home/ubuntuuser/ros2_ws/install/crazyflie_interfaces/share/crazyflie_interfaces/srv/RemoveLogging.idl
[1.945s] -- Up-to-date: /home/ubuntuuser/ros2_ws/install/crazyflie_interfaces/share/crazyflie_interfaces/srv/AddLogging.idl
[1.945s] -- Up-to-date: /home/ubuntuuser/ros2_ws/install/crazyflie_interfaces/share/crazyflie_interfaces/srv/Arm.idl
[1.947s] -- Up-to-date: /home/ubuntuuser/ros2_ws/install/crazyflie_interfaces/share/crazyflie_interfaces/msg/ConnectionStatistics.msg
[1.947s] -- Up-to-date: /home/ubuntuuser/ros2_ws/install/crazyflie_interfaces/share/crazyflie_interfaces/msg/ConnectionStatisticsArray.msg
[1.947s] -- Up-to-date: /home/ubuntuuser/ros2_ws/install/crazyflie_interfaces/share/crazyflie_interfaces/msg/FullState.msg
[1.947s] -- Up-to-date: /home/ubuntuuser/ros2_ws/install/crazyflie_interfaces/share/crazyflie_interfaces/msg/LogDataGeneric.msg
[1.948s] -- Up-to-date: /home/ubuntuuser/ros2_ws/install/crazyflie_interfaces/share/crazyflie_interfaces/msg/Hover.msg
[1.949s] -- Up-to-date: /home/ubuntuuser/ros2_ws/install/crazyflie_interfaces/share/crazyflie_interfaces/msg/LogBlock.msg
[1.949s] -- Up-to-date: /home/ubuntuuser/ros2_ws/install/crazyflie_interfaces/share/crazyflie_interfaces/msg/Position.msg
[1.949s] -- Up-to-date: /home/ubuntuuser/ros2_ws/install/crazyflie_interfaces/share/crazyflie_interfaces/msg/Status.msg
[1.949s] -- Up-to-date: /home/ubuntuuser/ros2_ws/install/crazyflie_interfaces/share/crazyflie_interfaces/msg/TrajectoryPolynomialPiece.msg
[1.949s] -- Up-to-date: /home/ubuntuuser/ros2_ws/install/crazyflie_interfaces/share/crazyflie_interfaces/msg/VelocityWorld.msg
[1.951s] -- Up-to-date: /home/ubuntuuser/ros2_ws/install/crazyflie_interfaces/share/crazyflie_interfaces/srv/GoTo.srv
[1.951s] -- Up-to-date: /home/ubuntuuser/ros2_ws/install/crazyflie_interfaces/share/crazyflie_interfaces/srv/Land.srv
[1.951s] -- Up-to-date: /home/ubuntuuser/ros2_ws/install/crazyflie_interfaces/share/crazyflie_interfaces/srv/NotifySetpointsStop.srv
[1.951s] -- Up-to-date: /home/ubuntuuser/ros2_ws/install/crazyflie_interfaces/share/crazyflie_interfaces/srv/SetGroupMask.srv
[1.952s] -- Up-to-date: /home/ubuntuuser/ros2_ws/install/crazyflie_interfaces/share/crazyflie_interfaces/srv/StartTrajectory.srv
[1.952s] -- Up-to-date: /home/ubuntuuser/ros2_ws/install/crazyflie_interfaces/share/crazyflie_interfaces/srv/Stop.srv
[1.953s] -- Up-to-date: /home/ubuntuuser/ros2_ws/install/crazyflie_interfaces/share/crazyflie_interfaces/srv/Takeoff.srv
[1.953s] -- Up-to-date: /home/ubuntuuser/ros2_ws/install/crazyflie_interfaces/share/crazyflie_interfaces/srv/UpdateParams.srv
[1.953s] -- Up-to-date: /home/ubuntuuser/ros2_ws/install/crazyflie_interfaces/share/crazyflie_interfaces/srv/UploadTrajectory.srv
[1.953s] -- Up-to-date: /home/ubuntuuser/ros2_ws/install/crazyflie_interfaces/share/crazyflie_interfaces/srv/RemoveLogging.srv
[1.953s] -- Up-to-date: /home/ubuntuuser/ros2_ws/install/crazyflie_interfaces/share/crazyflie_interfaces/srv/AddLogging.srv
[1.953s] -- Up-to-date: /home/ubuntuuser/ros2_ws/install/crazyflie_interfaces/share/crazyflie_interfaces/srv/Arm.srv
[1.953s] -- Up-to-date: /home/ubuntuuser/ros2_ws/install/crazyflie_interfaces/share/ament_index/resource_index/package_run_dependencies/crazyflie_interfaces
[1.953s] -- Up-to-date: /home/ubuntuuser/ros2_ws/install/crazyflie_interfaces/share/ament_index/resource_index/parent_prefix_path/crazyflie_interfaces
[1.953s] -- Up-to-date: /home/ubuntuuser/ros2_ws/install/crazyflie_interfaces/share/crazyflie_interfaces/environment/ament_prefix_path.sh
[1.954s] -- Up-to-date: /home/ubuntuuser/ros2_ws/install/crazyflie_interfaces/share/crazyflie_interfaces/environment/ament_prefix_path.dsv
[1.954s] -- Up-to-date: /home/ubuntuuser/ros2_ws/install/crazyflie_interfaces/share/crazyflie_interfaces/environment/path.sh
[1.957s] -- Up-to-date: /home/ubuntuuser/ros2_ws/install/crazyflie_interfaces/share/crazyflie_interfaces/environment/path.dsv
[1.958s] -- Up-to-date: /home/ubuntuuser/ros2_ws/install/crazyflie_interfaces/share/crazyflie_interfaces/local_setup.bash
[1.960s] -- Up-to-date: /home/ubuntuuser/ros2_ws/install/crazyflie_interfaces/share/crazyflie_interfaces/local_setup.sh
[1.960s] -- Up-to-date: /home/ubuntuuser/ros2_ws/install/crazyflie_interfaces/share/crazyflie_interfaces/local_setup.zsh
[1.961s] -- Up-to-date: /home/ubuntuuser/ros2_ws/install/crazyflie_interfaces/share/crazyflie_interfaces/local_setup.dsv
[1.961s] -- Installing: /home/ubuntuuser/ros2_ws/install/crazyflie_interfaces/share/crazyflie_interfaces/package.dsv
[1.961s] -- Up-to-date: /home/ubuntuuser/ros2_ws/install/crazyflie_interfaces/share/ament_index/resource_index/packages/crazyflie_interfaces
[1.962s] -- Up-to-date: /home/ubuntuuser/ros2_ws/install/crazyflie_interfaces/share/crazyflie_interfaces/cmake/export_crazyflie_interfaces__rosidl_generator_cExport.cmake
[1.962s] -- Up-to-date: /home/ubuntuuser/ros2_ws/install/crazyflie_interfaces/share/crazyflie_interfaces/cmake/export_crazyflie_interfaces__rosidl_generator_cExport-noconfig.cmake
[1.963s] -- Up-to-date: /home/ubuntuuser/ros2_ws/install/crazyflie_interfaces/share/crazyflie_interfaces/cmake/export_crazyflie_interfaces__rosidl_typesupport_fastrtps_cExport.cmake
[1.963s] -- Up-to-date: /home/ubuntuuser/ros2_ws/install/crazyflie_interfaces/share/crazyflie_interfaces/cmake/export_crazyflie_interfaces__rosidl_typesupport_fastrtps_cExport-noconfig.cmake
[1.963s] -- Up-to-date: /home/ubuntuuser/ros2_ws/install/crazyflie_interfaces/share/crazyflie_interfaces/cmake/export_crazyflie_interfaces__rosidl_generator_cppExport.cmake
[1.966s] -- Up-to-date: /home/ubuntuuser/ros2_ws/install/crazyflie_interfaces/share/crazyflie_interfaces/cmake/export_crazyflie_interfaces__rosidl_typesupport_fastrtps_cppExport.cmake
[1.966s] -- Up-to-date: /home/ubuntuuser/ros2_ws/install/crazyflie_interfaces/share/crazyflie_interfaces/cmake/export_crazyflie_interfaces__rosidl_typesupport_fastrtps_cppExport-noconfig.cmake
[1.966s] -- Up-to-date: /home/ubuntuuser/ros2_ws/install/crazyflie_interfaces/share/crazyflie_interfaces/cmake/crazyflie_interfaces__rosidl_typesupport_introspection_cExport.cmake
[1.969s] -- Up-to-date: /home/ubuntuuser/ros2_ws/install/crazyflie_interfaces/share/crazyflie_interfaces/cmake/crazyflie_interfaces__rosidl_typesupport_introspection_cExport-noconfig.cmake
[1.969s] -- Up-to-date: /home/ubuntuuser/ros2_ws/install/crazyflie_interfaces/share/crazyflie_interfaces/cmake/crazyflie_interfaces__rosidl_typesupport_cExport.cmake
[1.970s] -- Up-to-date: /home/ubuntuuser/ros2_ws/install/crazyflie_interfaces/share/crazyflie_interfaces/cmake/crazyflie_interfaces__rosidl_typesupport_cExport-noconfig.cmake
[1.971s] -- Up-to-date: /home/ubuntuuser/ros2_ws/install/crazyflie_interfaces/share/crazyflie_interfaces/cmake/crazyflie_interfaces__rosidl_typesupport_introspection_cppExport.cmake
[1.971s] -- Up-to-date: /home/ubuntuuser/ros2_ws/install/crazyflie_interfaces/share/crazyflie_interfaces/cmake/crazyflie_interfaces__rosidl_typesupport_introspection_cppExport-noconfig.cmake
[1.972s] -- Up-to-date: /home/ubuntuuser/ros2_ws/install/crazyflie_interfaces/share/crazyflie_interfaces/cmake/crazyflie_interfaces__rosidl_typesupport_cppExport.cmake
[1.973s] -- Up-to-date: /home/ubuntuuser/ros2_ws/install/crazyflie_interfaces/share/crazyflie_interfaces/cmake/crazyflie_interfaces__rosidl_typesupport_cppExport-noconfig.cmake
[1.976s] -- Up-to-date: /home/ubuntuuser/ros2_ws/install/crazyflie_interfaces/share/crazyflie_interfaces/cmake/export_crazyflie_interfaces__rosidl_generator_pyExport.cmake
[1.976s] -- Up-to-date: /home/ubuntuuser/ros2_ws/install/crazyflie_interfaces/share/crazyflie_interfaces/cmake/export_crazyflie_interfaces__rosidl_generator_pyExport-noconfig.cmake
[1.976s] -- Up-to-date: /home/ubuntuuser/ros2_ws/install/crazyflie_interfaces/share/crazyflie_interfaces/cmake/rosidl_cmake-extras.cmake
[1.977s] -- Up-to-date: /home/ubuntuuser/ros2_ws/install/crazyflie_interfaces/share/crazyflie_interfaces/cmake/ament_cmake_export_dependencies-extras.cmake
[1.977s] -- Up-to-date: /home/ubuntuuser/ros2_ws/install/crazyflie_interfaces/share/crazyflie_interfaces/cmake/ament_cmake_export_include_directories-extras.cmake
[1.977s] -- Up-to-date: /home/ubuntuuser/ros2_ws/install/crazyflie_interfaces/share/crazyflie_interfaces/cmake/ament_cmake_export_libraries-extras.cmake
[1.977s] -- Up-to-date: /home/ubuntuuser/ros2_ws/install/crazyflie_interfaces/share/crazyflie_interfaces/cmake/ament_cmake_export_targets-extras.cmake
[1.979s] -- Up-to-date: /home/ubuntuuser/ros2_ws/install/crazyflie_interfaces/share/crazyflie_interfaces/cmake/rosidl_cmake_export_typesupport_targets-extras.cmake
[1.979s] -- Up-to-date: /home/ubuntuuser/ros2_ws/install/crazyflie_interfaces/share/crazyflie_interfaces/cmake/rosidl_cmake_export_typesupport_libraries-extras.cmake
[1.979s] -- Up-to-date: /home/ubuntuuser/ros2_ws/install/crazyflie_interfaces/share/crazyflie_interfaces/cmake/crazyflie_interfacesConfig.cmake
[1.979s] -- Up-to-date: /home/ubuntuuser/ros2_ws/install/crazyflie_interfaces/share/crazyflie_interfaces/cmake/crazyflie_interfacesConfig-version.cmake
[1.979s] -- Up-to-date: /home/ubuntuuser/ros2_ws/install/crazyflie_interfaces/share/crazyflie_interfaces/package.xml
[1.988s] Invoked command in '/home/ubuntuuser/ros2_ws/build/crazyflie_interfaces' returned '0': CMAKE_PREFIX_PATH=${CMAKE_PREFIX_PATH}:/home/ubuntuuser/ros2_ws/install/turtlebot3_trailer:/home/ubuntuuser/ros2_ws/install/r7021e_exploration:/home/ubuntuuser/ros2_ws/install/crazyflie_py:/opt/ros/jazzy DEBUGINFOD_URLS=https://debuginfod.ubuntu.com /usr/bin/cmake --install /home/ubuntuuser/ros2_ws/build/crazyflie_interfaces
