[0.742s] DEBUG:colcon:Command line arguments: ['/home/ubuntuuser/ros2_ws/.venv/bin/colcon', 'build']
[0.742s] DEBUG:colcon:Parsed command line arguments: Namespace(log_base=None, log_level=None, verb_name='build', build_base='build', install_base='install', merge_install=False, symlink_install=False, test_result_base=None, continue_on_error=False, executor='parallel', parallel_workers=4, event_handlers=None, ignore_user_meta=False, metas=['./colcon.meta'], base_paths=['.'], packages_ignore=None, packages_ignore_regex=None, paths=None, packages_up_to=None, packages_up_to_regex=None, packages_above=None, packages_above_and_dependencies=None, packages_above_depth=None, packages_select_by_dep=None, packages_skip_by_dep=None, packages_skip_up_to=None, packages_select_build_failed=False, packages_skip_build_finished=False, packages_select_test_failures=False, packages_skip_test_passed=False, packages_select=None, packages_skip=None, packages_select_regex=None, packages_skip_regex=None, packages_start=None, packages_end=None, cmake_args=None, cmake_target=None, cmake_target_skip_unavailable=False, cmake_clean_cache=False, cmake_clean_first=False, cmake_force_configure=False, ament_cmake_args=None, catkin_cmake_args=None, catkin_skip_building_tests=False, verb_parser=<colcon_defaults.argument_parser.defaults.DefaultArgumentsDecorator object at 0x709398995a90>, verb_extension=<colcon_core.verb.build.BuildVerb object at 0x709398995b80>, main=<bound method BuildVerb.main of <colcon_core.verb.build.BuildVerb object at 0x709398995b80>>)
[1.088s] Level 1:colcon.colcon_core.package_discovery:discover_packages(colcon_meta) check parameters
[1.088s] Level 1:colcon.colcon_core.package_discovery:discover_packages(recursive) check parameters
[1.089s] Level 1:colcon.colcon_core.package_discovery:discover_packages(ignore) check parameters
[1.090s] Level 1:colcon.colcon_core.package_discovery:discover_packages(path) check parameters
[1.090s] Level 1:colcon.colcon_core.package_discovery:discover_packages(colcon_meta) discover
[1.090s] Level 1:colcon.colcon_core.package_discovery:discover_packages(recursive) discover
[1.090s] INFO:colcon.colcon_core.package_discovery:Crawling recursively for packages in '/home/ubuntuuser/ros2_ws'
[1.090s] Level 1:colcon.colcon_core.package_identification:_identify(.) by extensions ['ignore', 'ignore_ament_install']
[1.090s] Level 1:colcon.colcon_core.package_identification:_identify(.) by extension 'ignore'
[1.090s] Level 1:colcon.colcon_core.package_identification:_identify(.) by extension 'ignore_ament_install'
[1.092s] Level 1:colcon.colcon_core.package_identification:_identify(.) by extensions ['colcon_pkg']
[1.092s] Level 1:colcon.colcon_core.package_identification:_identify(.) by extension 'colcon_pkg'
[1.092s] Level 1:colcon.colcon_core.package_identification:_identify(.) by extensions ['colcon_meta']
[1.092s] Level 1:colcon.colcon_core.package_identification:_identify(.) by extension 'colcon_meta'
[1.092s] Level 1:colcon.colcon_core.package_identification:_identify(.) by extensions ['ros']
[1.092s] Level 1:colcon.colcon_core.package_identification:_identify(.) by extension 'ros'
[1.237s] Level 1:colcon.colcon_core.package_identification:_identify(.) by extensions ['cmake', 'python']
[1.237s] Level 1:colcon.colcon_core.package_identification:_identify(.) by extension 'cmake'
[1.237s] Level 1:colcon.colcon_core.package_identification:_identify(.) by extension 'python'
[1.237s] Level 1:colcon.colcon_core.package_identification:_identify(.) by extensions ['python_setup_py']
[1.237s] Level 1:colcon.colcon_core.package_identification:_identify(.) by extension 'python_setup_py'
[1.238s] Level 1:colcon.colcon_core.package_identification:_identify(build) by extensions ['ignore', 'ignore_ament_install']
[1.238s] Level 1:colcon.colcon_core.package_identification:_identify(build) by extension 'ignore'
[1.238s] Level 1:colcon.colcon_core.package_identification:_identify(build) ignored
[1.238s] Level 1:colcon.colcon_core.package_identification:_identify(install) by extensions ['ignore', 'ignore_ament_install']
[1.238s] Level 1:colcon.colcon_core.package_identification:_identify(install) by extension 'ignore'
[1.238s] Level 1:colcon.colcon_core.package_identification:_identify(install) ignored
[1.238s] Level 1:colcon.colcon_core.package_identification:_identify(log) by extensions ['ignore', 'ignore_ament_install']
[1.238s] Level 1:colcon.colcon_core.package_identification:_identify(log) by extension 'ignore'
[1.238s] Level 1:colcon.colcon_core.package_identification:_identify(log) ignored
[1.239s] Level 1:colcon.colcon_core.package_identification:_identify(src) by extensions ['ignore', 'ignore_ament_install']
[1.239s] Level 1:colcon.colcon_core.package_identification:_identify(src) by extension 'ignore'
[1.239s] Level 1:colcon.colcon_core.package_identification:_identify(src) by extension 'ignore_ament_install'
[1.239s] Level 1:colcon.colcon_core.package_identification:_identify(src) by extensions ['colcon_pkg']
[1.239s] Level 1:colcon.colcon_core.package_identification:_identify(src) by extension 'colcon_pkg'
[1.239s] Level 1:colcon.colcon_core.package_identification:_identify(src) by extensions ['colcon_meta']
[1.239s] Level 1:colcon.colcon_core.package_identification:_identify(src) by extension 'colcon_meta'
[1.239s] Level 1:colcon.colcon_core.package_identification:_identify(src) by extensions ['ros']
[1.239s] Level 1:colcon.colcon_core.package_identification:_identify(src) by extension 'ros'
[1.240s] Level 1:colcon.colcon_core.package_identification:_identify(src) by extensions ['cmake', 'python']
[1.240s] Level 1:colcon.colcon_core.package_identification:_identify(src) by extension 'cmake'
[1.240s] Level 1:colcon.colcon_core.package_identification:_identify(src) by extension 'python'
[1.240s] Level 1:colcon.colcon_core.package_identification:_identify(src) by extensions ['python_setup_py']
[1.240s] Level 1:colcon.colcon_core.package_identification:_identify(src) by extension 'python_setup_py'
[1.240s] Level 1:colcon.colcon_core.package_identification:_identify(src/build) by extensions ['ignore', 'ignore_ament_install']
[1.240s] Level 1:colcon.colcon_core.package_identification:_identify(src/build) by extension 'ignore'
[1.240s] Level 1:colcon.colcon_core.package_identification:_identify(src/build) ignored
[1.241s] Level 1:colcon.colcon_core.package_identification:_identify(src/crazyswarm2) by extensions ['ignore', 'ignore_ament_install']
[1.242s] Level 1:colcon.colcon_core.package_identification:_identify(src/crazyswarm2) by extension 'ignore'
[1.242s] Level 1:colcon.colcon_core.package_identification:_identify(src/crazyswarm2) by extension 'ignore_ament_install'
[1.242s] Level 1:colcon.colcon_core.package_identification:_identify(src/crazyswarm2) by extensions ['colcon_pkg']
[1.243s] Level 1:colcon.colcon_core.package_identification:_identify(src/crazyswarm2) by extension 'colcon_pkg'
[1.243s] Level 1:colcon.colcon_core.package_identification:_identify(src/crazyswarm2) by extensions ['colcon_meta']
[1.243s] Level 1:colcon.colcon_core.package_identification:_identify(src/crazyswarm2) by extension 'colcon_meta'
[1.243s] Level 1:colcon.colcon_core.package_identification:_identify(src/crazyswarm2) by extensions ['ros']
[1.243s] Level 1:colcon.colcon_core.package_identification:_identify(src/crazyswarm2) by extension 'ros'
[1.243s] Level 1:colcon.colcon_core.package_identification:_identify(src/crazyswarm2) by extensions ['cmake', 'python']
[1.243s] Level 1:colcon.colcon_core.package_identification:_identify(src/crazyswarm2) by extension 'cmake'
[1.244s] Level 1:colcon.colcon_core.package_identification:_identify(src/crazyswarm2) by extension 'python'
[1.244s] Level 1:colcon.colcon_core.package_identification:_identify(src/crazyswarm2) by extensions ['python_setup_py']
[1.244s] Level 1:colcon.colcon_core.package_identification:_identify(src/crazyswarm2) by extension 'python_setup_py'
[1.249s] Level 1:colcon.colcon_core.package_identification:_identify(src/crazyswarm2/crazyflie) by extensions ['ignore', 'ignore_ament_install']
[1.249s] Level 1:colcon.colcon_core.package_identification:_identify(src/crazyswarm2/crazyflie) by extension 'ignore'
[1.249s] Level 1:colcon.colcon_core.package_identification:_identify(src/crazyswarm2/crazyflie) by extension 'ignore_ament_install'
[1.249s] Level 1:colcon.colcon_core.package_identification:_identify(src/crazyswarm2/crazyflie) by extensions ['colcon_pkg']
[1.249s] Level 1:colcon.colcon_core.package_identification:_identify(src/crazyswarm2/crazyflie) by extension 'colcon_pkg'
[1.249s] Level 1:colcon.colcon_core.package_identification:_identify(src/crazyswarm2/crazyflie) by extensions ['colcon_meta']
[1.249s] Level 1:colcon.colcon_core.package_identification:_identify(src/crazyswarm2/crazyflie) by extension 'colcon_meta'
[1.249s] Level 1:colcon.colcon_core.package_identification:_identify(src/crazyswarm2/crazyflie) by extensions ['ros']
[1.249s] Level 1:colcon.colcon_core.package_identification:_identify(src/crazyswarm2/crazyflie) by extension 'ros'
[1.286s] DEBUG:colcon.colcon_core.package_identification:Package 'src/crazyswarm2/crazyflie' with type 'ros.ament_cmake' and name 'crazyflie'
[1.286s] Level 1:colcon.colcon_core.package_identification:_identify(src/crazyswarm2/crazyflie_examples) by extensions ['ignore', 'ignore_ament_install']
[1.287s] Level 1:colcon.colcon_core.package_identification:_identify(src/crazyswarm2/crazyflie_examples) by extension 'ignore'
[1.287s] Level 1:colcon.colcon_core.package_identification:_identify(src/crazyswarm2/crazyflie_examples) by extension 'ignore_ament_install'
[1.287s] Level 1:colcon.colcon_core.package_identification:_identify(src/crazyswarm2/crazyflie_examples) by extensions ['colcon_pkg']
[1.287s] Level 1:colcon.colcon_core.package_identification:_identify(src/crazyswarm2/crazyflie_examples) by extension 'colcon_pkg'
[1.287s] Level 1:colcon.colcon_core.package_identification:_identify(src/crazyswarm2/crazyflie_examples) by extensions ['colcon_meta']
[1.287s] Level 1:colcon.colcon_core.package_identification:_identify(src/crazyswarm2/crazyflie_examples) by extension 'colcon_meta'
[1.287s] Level 1:colcon.colcon_core.package_identification:_identify(src/crazyswarm2/crazyflie_examples) by extensions ['ros']
[1.287s] Level 1:colcon.colcon_core.package_identification:_identify(src/crazyswarm2/crazyflie_examples) by extension 'ros'
[1.288s] DEBUG:colcon.colcon_core.package_identification:Package 'src/crazyswarm2/crazyflie_examples' with type 'ros.ament_cmake' and name 'crazyflie_examples'
[1.289s] Level 1:colcon.colcon_core.package_identification:_identify(src/crazyswarm2/crazyflie_interfaces) by extensions ['ignore', 'ignore_ament_install']
[1.289s] Level 1:colcon.colcon_core.package_identification:_identify(src/crazyswarm2/crazyflie_interfaces) by extension 'ignore'
[1.289s] Level 1:colcon.colcon_core.package_identification:_identify(src/crazyswarm2/crazyflie_interfaces) by extension 'ignore_ament_install'
[1.289s] Level 1:colcon.colcon_core.package_identification:_identify(src/crazyswarm2/crazyflie_interfaces) by extensions ['colcon_pkg']
[1.289s] Level 1:colcon.colcon_core.package_identification:_identify(src/crazyswarm2/crazyflie_interfaces) by extension 'colcon_pkg'
[1.289s] Level 1:colcon.colcon_core.package_identification:_identify(src/crazyswarm2/crazyflie_interfaces) by extensions ['colcon_meta']
[1.289s] Level 1:colcon.colcon_core.package_identification:_identify(src/crazyswarm2/crazyflie_interfaces) by extension 'colcon_meta'
[1.289s] Level 1:colcon.colcon_core.package_identification:_identify(src/crazyswarm2/crazyflie_interfaces) by extensions ['ros']
[1.289s] Level 1:colcon.colcon_core.package_identification:_identify(src/crazyswarm2/crazyflie_interfaces) by extension 'ros'
[1.297s] DEBUG:colcon.colcon_core.package_identification:Package 'src/crazyswarm2/crazyflie_interfaces' with type 'ros.ament_cmake' and name 'crazyflie_interfaces'
[1.298s] Level 1:colcon.colcon_core.package_identification:_identify(src/crazyswarm2/crazyflie_py) by extensions ['ignore', 'ignore_ament_install']
[1.298s] Level 1:colcon.colcon_core.package_identification:_identify(src/crazyswarm2/crazyflie_py) by extension 'ignore'
[1.298s] Level 1:colcon.colcon_core.package_identification:_identify(src/crazyswarm2/crazyflie_py) by extension 'ignore_ament_install'
[1.298s] Level 1:colcon.colcon_core.package_identification:_identify(src/crazyswarm2/crazyflie_py) by extensions ['colcon_pkg']
[1.298s] Level 1:colcon.colcon_core.package_identification:_identify(src/crazyswarm2/crazyflie_py) by extension 'colcon_pkg'
[1.298s] Level 1:colcon.colcon_core.package_identification:_identify(src/crazyswarm2/crazyflie_py) by extensions ['colcon_meta']
[1.298s] Level 1:colcon.colcon_core.package_identification:_identify(src/crazyswarm2/crazyflie_py) by extension 'colcon_meta'
[1.302s] Level 1:colcon.colcon_core.package_identification:_identify(src/crazyswarm2/crazyflie_py) by extensions ['ros']
[1.303s] Level 1:colcon.colcon_core.package_identification:_identify(src/crazyswarm2/crazyflie_py) by extension 'ros'
[1.307s] DEBUG:colcon.colcon_core.package_identification:Package 'src/crazyswarm2/crazyflie_py' with type 'ros.ament_python' and name 'crazyflie_py'
[1.308s] Level 1:colcon.colcon_core.package_identification:_identify(src/crazyswarm2/crazyflie_sim) by extensions ['ignore', 'ignore_ament_install']
[1.308s] Level 1:colcon.colcon_core.package_identification:_identify(src/crazyswarm2/crazyflie_sim) by extension 'ignore'
[1.308s] Level 1:colcon.colcon_core.package_identification:_identify(src/crazyswarm2/crazyflie_sim) by extension 'ignore_ament_install'
[1.308s] Level 1:colcon.colcon_core.package_identification:_identify(src/crazyswarm2/crazyflie_sim) by extensions ['colcon_pkg']
[1.308s] Level 1:colcon.colcon_core.package_identification:_identify(src/crazyswarm2/crazyflie_sim) by extension 'colcon_pkg'
[1.308s] Level 1:colcon.colcon_core.package_identification:_identify(src/crazyswarm2/crazyflie_sim) by extensions ['colcon_meta']
[1.308s] Level 1:colcon.colcon_core.package_identification:_identify(src/crazyswarm2/crazyflie_sim) by extension 'colcon_meta'
[1.308s] Level 1:colcon.colcon_core.package_identification:_identify(src/crazyswarm2/crazyflie_sim) by extensions ['ros']
[1.308s] Level 1:colcon.colcon_core.package_identification:_identify(src/crazyswarm2/crazyflie_sim) by extension 'ros'
[1.309s] DEBUG:colcon.colcon_core.package_identification:Package 'src/crazyswarm2/crazyflie_sim' with type 'ros.ament_cmake' and name 'crazyflie_sim'
[1.309s] Level 1:colcon.colcon_core.package_identification:_identify(src/crazyswarm2/docs) by extensions ['ignore', 'ignore_ament_install']
[1.309s] Level 1:colcon.colcon_core.package_identification:_identify(src/crazyswarm2/docs) by extension 'ignore'
[1.310s] Level 1:colcon.colcon_core.package_identification:_identify(src/crazyswarm2/docs) by extension 'ignore_ament_install'
[1.310s] Level 1:colcon.colcon_core.package_identification:_identify(src/crazyswarm2/docs) by extensions ['colcon_pkg']
[1.310s] Level 1:colcon.colcon_core.package_identification:_identify(src/crazyswarm2/docs) by extension 'colcon_pkg'
[1.310s] Level 1:colcon.colcon_core.package_identification:_identify(src/crazyswarm2/docs) by extensions ['colcon_meta']
[1.310s] Level 1:colcon.colcon_core.package_identification:_identify(src/crazyswarm2/docs) by extension 'colcon_meta'
[1.310s] Level 1:colcon.colcon_core.package_identification:_identify(src/crazyswarm2/docs) by extensions ['ros']
[1.310s] Level 1:colcon.colcon_core.package_identification:_identify(src/crazyswarm2/docs) by extension 'ros'
[1.310s] Level 1:colcon.colcon_core.package_identification:_identify(src/crazyswarm2/docs) by extensions ['cmake', 'python']
[1.310s] Level 1:colcon.colcon_core.package_identification:_identify(src/crazyswarm2/docs) by extension 'cmake'
[1.310s] Level 1:colcon.colcon_core.package_identification:_identify(src/crazyswarm2/docs) by extension 'python'
[1.310s] Level 1:colcon.colcon_core.package_identification:_identify(src/crazyswarm2/docs) by extensions ['python_setup_py']
[1.310s] Level 1:colcon.colcon_core.package_identification:_identify(src/crazyswarm2/docs) by extension 'python_setup_py'
[1.311s] Level 1:colcon.colcon_core.package_identification:_identify(src/crazyswarm2/docs/generated) by extensions ['ignore', 'ignore_ament_install']
[1.312s] Level 1:colcon.colcon_core.package_identification:_identify(src/crazyswarm2/docs/generated) by extension 'ignore'
[1.312s] Level 1:colcon.colcon_core.package_identification:_identify(src/crazyswarm2/docs/generated) by extension 'ignore_ament_install'
[1.312s] Level 1:colcon.colcon_core.package_identification:_identify(src/crazyswarm2/docs/generated) by extensions ['colcon_pkg']
[1.312s] Level 1:colcon.colcon_core.package_identification:_identify(src/crazyswarm2/docs/generated) by extension 'colcon_pkg'
[1.312s] Level 1:colcon.colcon_core.package_identification:_identify(src/crazyswarm2/docs/generated) by extensions ['colcon_meta']
[1.312s] Level 1:colcon.colcon_core.package_identification:_identify(src/crazyswarm2/docs/generated) by extension 'colcon_meta'
[1.312s] Level 1:colcon.colcon_core.package_identification:_identify(src/crazyswarm2/docs/generated) by extensions ['ros']
[1.312s] Level 1:colcon.colcon_core.package_identification:_identify(src/crazyswarm2/docs/generated) by extension 'ros'
[1.313s] Level 1:colcon.colcon_core.package_identification:_identify(src/crazyswarm2/docs/generated) by extensions ['cmake', 'python']
[1.313s] Level 1:colcon.colcon_core.package_identification:_identify(src/crazyswarm2/docs/generated) by extension 'cmake'
[1.313s] Level 1:colcon.colcon_core.package_identification:_identify(src/crazyswarm2/docs/generated) by extension 'python'
[1.313s] Level 1:colcon.colcon_core.package_identification:_identify(src/crazyswarm2/docs/generated) by extensions ['python_setup_py']
[1.313s] Level 1:colcon.colcon_core.package_identification:_identify(src/crazyswarm2/docs/generated) by extension 'python_setup_py'
[1.313s] Level 1:colcon.colcon_core.package_identification:_identify(src/crazyswarm2/docs/howto) by extensions ['ignore', 'ignore_ament_install']
[1.313s] Level 1:colcon.colcon_core.package_identification:_identify(src/crazyswarm2/docs/howto) by extension 'ignore'
[1.316s] Level 1:colcon.colcon_core.package_identification:_identify(src/crazyswarm2/docs/howto) by extension 'ignore_ament_install'
[1.316s] Level 1:colcon.colcon_core.package_identification:_identify(src/crazyswarm2/docs/howto) by extensions ['colcon_pkg']
[1.316s] Level 1:colcon.colcon_core.package_identification:_identify(src/crazyswarm2/docs/howto) by extension 'colcon_pkg'
[1.316s] Level 1:colcon.colcon_core.package_identification:_identify(src/crazyswarm2/docs/howto) by extensions ['colcon_meta']
[1.316s] Level 1:colcon.colcon_core.package_identification:_identify(src/crazyswarm2/docs/howto) by extension 'colcon_meta'
[1.316s] Level 1:colcon.colcon_core.package_identification:_identify(src/crazyswarm2/docs/howto) by extensions ['ros']
[1.316s] Level 1:colcon.colcon_core.package_identification:_identify(src/crazyswarm2/docs/howto) by extension 'ros'
[1.316s] Level 1:colcon.colcon_core.package_identification:_identify(src/crazyswarm2/docs/howto) by extensions ['cmake', 'python']
[1.316s] Level 1:colcon.colcon_core.package_identification:_identify(src/crazyswarm2/docs/howto) by extension 'cmake'
[1.316s] Level 1:colcon.colcon_core.package_identification:_identify(src/crazyswarm2/docs/howto) by extension 'python'
[1.317s] Level 1:colcon.colcon_core.package_identification:_identify(src/crazyswarm2/docs/howto) by extensions ['python_setup_py']
[1.317s] Level 1:colcon.colcon_core.package_identification:_identify(src/crazyswarm2/docs/howto) by extension 'python_setup_py'
[1.317s] Level 1:colcon.colcon_core.package_identification:_identify(src/crazyswarm2/docs/images) by extensions ['ignore', 'ignore_ament_install']
[1.317s] Level 1:colcon.colcon_core.package_identification:_identify(src/crazyswarm2/docs/images) by extension 'ignore'
[1.317s] Level 1:colcon.colcon_core.package_identification:_identify(src/crazyswarm2/docs/images) by extension 'ignore_ament_install'
[1.317s] Level 1:colcon.colcon_core.package_identification:_identify(src/crazyswarm2/docs/images) by extensions ['colcon_pkg']
[1.317s] Level 1:colcon.colcon_core.package_identification:_identify(src/crazyswarm2/docs/images) by extension 'colcon_pkg'
[1.317s] Level 1:colcon.colcon_core.package_identification:_identify(src/crazyswarm2/docs/images) by extensions ['colcon_meta']
[1.317s] Level 1:colcon.colcon_core.package_identification:_identify(src/crazyswarm2/docs/images) by extension 'colcon_meta'
[1.320s] Level 1:colcon.colcon_core.package_identification:_identify(src/crazyswarm2/docs/images) by extensions ['ros']
[1.322s] Level 1:colcon.colcon_core.package_identification:_identify(src/crazyswarm2/docs/images) by extension 'ros'
[1.322s] Level 1:colcon.colcon_core.package_identification:_identify(src/crazyswarm2/docs/images) by extensions ['cmake', 'python']
[1.322s] Level 1:colcon.colcon_core.package_identification:_identify(src/crazyswarm2/docs/images) by extension 'cmake'
[1.324s] Level 1:colcon.colcon_core.package_identification:_identify(src/crazyswarm2/docs/images) by extension 'python'
[1.324s] Level 1:colcon.colcon_core.package_identification:_identify(src/crazyswarm2/docs/images) by extensions ['python_setup_py']
[1.324s] Level 1:colcon.colcon_core.package_identification:_identify(src/crazyswarm2/docs/images) by extension 'python_setup_py'
[1.327s] Level 1:colcon.colcon_core.package_identification:_identify(src/crazyswarm2/docs/tutorials) by extensions ['ignore', 'ignore_ament_install']
[1.327s] Level 1:colcon.colcon_core.package_identification:_identify(src/crazyswarm2/docs/tutorials) by extension 'ignore'
[1.327s] Level 1:colcon.colcon_core.package_identification:_identify(src/crazyswarm2/docs/tutorials) by extension 'ignore_ament_install'
[1.327s] Level 1:colcon.colcon_core.package_identification:_identify(src/crazyswarm2/docs/tutorials) by extensions ['colcon_pkg']
[1.327s] Level 1:colcon.colcon_core.package_identification:_identify(src/crazyswarm2/docs/tutorials) by extension 'colcon_pkg'
[1.327s] Level 1:colcon.colcon_core.package_identification:_identify(src/crazyswarm2/docs/tutorials) by extensions ['colcon_meta']
[1.327s] Level 1:colcon.colcon_core.package_identification:_identify(src/crazyswarm2/docs/tutorials) by extension 'colcon_meta'
[1.328s] Level 1:colcon.colcon_core.package_identification:_identify(src/crazyswarm2/docs/tutorials) by extensions ['ros']
[1.328s] Level 1:colcon.colcon_core.package_identification:_identify(src/crazyswarm2/docs/tutorials) by extension 'ros'
[1.328s] Level 1:colcon.colcon_core.package_identification:_identify(src/crazyswarm2/docs/tutorials) by extensions ['cmake', 'python']
[1.328s] Level 1:colcon.colcon_core.package_identification:_identify(src/crazyswarm2/docs/tutorials) by extension 'cmake'
[1.328s] Level 1:colcon.colcon_core.package_identification:_identify(src/crazyswarm2/docs/tutorials) by extension 'python'
[1.328s] Level 1:colcon.colcon_core.package_identification:_identify(src/crazyswarm2/docs/tutorials) by extensions ['python_setup_py']
[1.328s] Level 1:colcon.colcon_core.package_identification:_identify(src/crazyswarm2/docs/tutorials) by extension 'python_setup_py'
[1.329s] Level 1:colcon.colcon_core.package_identification:_identify(src/crazyswarm2/docs2) by extensions ['ignore', 'ignore_ament_install']
[1.329s] Level 1:colcon.colcon_core.package_identification:_identify(src/crazyswarm2/docs2) by extension 'ignore'
[1.330s] Level 1:colcon.colcon_core.package_identification:_identify(src/crazyswarm2/docs2) by extension 'ignore_ament_install'
[1.330s] Level 1:colcon.colcon_core.package_identification:_identify(src/crazyswarm2/docs2) by extensions ['colcon_pkg']
[1.330s] Level 1:colcon.colcon_core.package_identification:_identify(src/crazyswarm2/docs2) by extension 'colcon_pkg'
[1.331s] Level 1:colcon.colcon_core.package_identification:_identify(src/crazyswarm2/docs2) by extensions ['colcon_meta']
[1.331s] Level 1:colcon.colcon_core.package_identification:_identify(src/crazyswarm2/docs2) by extension 'colcon_meta'
[1.331s] Level 1:colcon.colcon_core.package_identification:_identify(src/crazyswarm2/docs2) by extensions ['ros']
[1.331s] Level 1:colcon.colcon_core.package_identification:_identify(src/crazyswarm2/docs2) by extension 'ros'
[1.331s] Level 1:colcon.colcon_core.package_identification:_identify(src/crazyswarm2/docs2) by extensions ['cmake', 'python']
[1.331s] Level 1:colcon.colcon_core.package_identification:_identify(src/crazyswarm2/docs2) by extension 'cmake'
[1.331s] Level 1:colcon.colcon_core.package_identification:_identify(src/crazyswarm2/docs2) by extension 'python'
[1.331s] Level 1:colcon.colcon_core.package_identification:_identify(src/crazyswarm2/docs2) by extensions ['python_setup_py']
[1.331s] Level 1:colcon.colcon_core.package_identification:_identify(src/crazyswarm2/docs2) by extension 'python_setup_py'
[1.334s] Level 1:colcon.colcon_core.package_identification:_identify(src/crazyswarm2/docs2/images) by extensions ['ignore', 'ignore_ament_install']
[1.334s] Level 1:colcon.colcon_core.package_identification:_identify(src/crazyswarm2/docs2/images) by extension 'ignore'
[1.335s] Level 1:colcon.colcon_core.package_identification:_identify(src/crazyswarm2/docs2/images) by extension 'ignore_ament_install'
[1.336s] Level 1:colcon.colcon_core.package_identification:_identify(src/crazyswarm2/docs2/images) by extensions ['colcon_pkg']
[1.336s] Level 1:colcon.colcon_core.package_identification:_identify(src/crazyswarm2/docs2/images) by extension 'colcon_pkg'
[1.336s] Level 1:colcon.colcon_core.package_identification:_identify(src/crazyswarm2/docs2/images) by extensions ['colcon_meta']
[1.336s] Level 1:colcon.colcon_core.package_identification:_identify(src/crazyswarm2/docs2/images) by extension 'colcon_meta'
[1.336s] Level 1:colcon.colcon_core.package_identification:_identify(src/crazyswarm2/docs2/images) by extensions ['ros']
[1.336s] Level 1:colcon.colcon_core.package_identification:_identify(src/crazyswarm2/docs2/images) by extension 'ros'
[1.336s] Level 1:colcon.colcon_core.package_identification:_identify(src/crazyswarm2/docs2/images) by extensions ['cmake', 'python']
[1.336s] Level 1:colcon.colcon_core.package_identification:_identify(src/crazyswarm2/docs2/images) by extension 'cmake'
[1.336s] Level 1:colcon.colcon_core.package_identification:_identify(src/crazyswarm2/docs2/images) by extension 'python'
[1.336s] Level 1:colcon.colcon_core.package_identification:_identify(src/crazyswarm2/docs2/images) by extensions ['python_setup_py']
[1.336s] Level 1:colcon.colcon_core.package_identification:_identify(src/crazyswarm2/docs2/images) by extension 'python_setup_py'
[1.337s] Level 1:colcon.colcon_core.package_identification:_identify(src/crazyswarm2/prebuilt) by extensions ['ignore', 'ignore_ament_install']
[1.337s] Level 1:colcon.colcon_core.package_identification:_identify(src/crazyswarm2/prebuilt) by extension 'ignore'
[1.338s] Level 1:colcon.colcon_core.package_identification:_identify(src/crazyswarm2/prebuilt) by extension 'ignore_ament_install'
[1.339s] Level 1:colcon.colcon_core.package_identification:_identify(src/crazyswarm2/prebuilt) by extensions ['colcon_pkg']
[1.339s] Level 1:colcon.colcon_core.package_identification:_identify(src/crazyswarm2/prebuilt) by extension 'colcon_pkg'
[1.339s] Level 1:colcon.colcon_core.package_identification:_identify(src/crazyswarm2/prebuilt) by extensions ['colcon_meta']
[1.339s] Level 1:colcon.colcon_core.package_identification:_identify(src/crazyswarm2/prebuilt) by extension 'colcon_meta'
[1.340s] Level 1:colcon.colcon_core.package_identification:_identify(src/crazyswarm2/prebuilt) by extensions ['ros']
[1.340s] Level 1:colcon.colcon_core.package_identification:_identify(src/crazyswarm2/prebuilt) by extension 'ros'
[1.340s] Level 1:colcon.colcon_core.package_identification:_identify(src/crazyswarm2/prebuilt) by extensions ['cmake', 'python']
[1.340s] Level 1:colcon.colcon_core.package_identification:_identify(src/crazyswarm2/prebuilt) by extension 'cmake'
[1.340s] Level 1:colcon.colcon_core.package_identification:_identify(src/crazyswarm2/prebuilt) by extension 'python'
[1.340s] Level 1:colcon.colcon_core.package_identification:_identify(src/crazyswarm2/prebuilt) by extensions ['python_setup_py']
[1.341s] Level 1:colcon.colcon_core.package_identification:_identify(src/crazyswarm2/prebuilt) by extension 'python_setup_py'
[1.341s] Level 1:colcon.colcon_core.package_identification:_identify(src/crazyswarm2/ros_ws) by extensions ['ignore', 'ignore_ament_install']
[1.342s] Level 1:colcon.colcon_core.package_identification:_identify(src/crazyswarm2/ros_ws) by extension 'ignore'
[1.343s] Level 1:colcon.colcon_core.package_identification:_identify(src/crazyswarm2/ros_ws) by extension 'ignore_ament_install'
[1.343s] Level 1:colcon.colcon_core.package_identification:_identify(src/crazyswarm2/ros_ws) by extensions ['colcon_pkg']
[1.343s] Level 1:colcon.colcon_core.package_identification:_identify(src/crazyswarm2/ros_ws) by extension 'colcon_pkg'
[1.343s] Level 1:colcon.colcon_core.package_identification:_identify(src/crazyswarm2/ros_ws) by extensions ['colcon_meta']
[1.343s] Level 1:colcon.colcon_core.package_identification:_identify(src/crazyswarm2/ros_ws) by extension 'colcon_meta'
[1.343s] Level 1:colcon.colcon_core.package_identification:_identify(src/crazyswarm2/ros_ws) by extensions ['ros']
[1.343s] Level 1:colcon.colcon_core.package_identification:_identify(src/crazyswarm2/ros_ws) by extension 'ros'
[1.343s] Level 1:colcon.colcon_core.package_identification:_identify(src/crazyswarm2/ros_ws) by extensions ['cmake', 'python']
[1.343s] Level 1:colcon.colcon_core.package_identification:_identify(src/crazyswarm2/ros_ws) by extension 'cmake'
[1.343s] Level 1:colcon.colcon_core.package_identification:_identify(src/crazyswarm2/ros_ws) by extension 'python'
[1.344s] Level 1:colcon.colcon_core.package_identification:_identify(src/crazyswarm2/ros_ws) by extensions ['python_setup_py']
[1.344s] Level 1:colcon.colcon_core.package_identification:_identify(src/crazyswarm2/ros_ws) by extension 'python_setup_py'
[1.351s] Level 1:colcon.colcon_core.package_identification:_identify(src/crazyswarm2/ros_ws/src) by extensions ['ignore', 'ignore_ament_install']
[1.351s] Level 1:colcon.colcon_core.package_identification:_identify(src/crazyswarm2/ros_ws/src) by extension 'ignore'
[1.351s] Level 1:colcon.colcon_core.package_identification:_identify(src/crazyswarm2/ros_ws/src) by extension 'ignore_ament_install'
[1.351s] Level 1:colcon.colcon_core.package_identification:_identify(src/crazyswarm2/ros_ws/src) by extensions ['colcon_pkg']
[1.351s] Level 1:colcon.colcon_core.package_identification:_identify(src/crazyswarm2/ros_ws/src) by extension 'colcon_pkg'
[1.351s] Level 1:colcon.colcon_core.package_identification:_identify(src/crazyswarm2/ros_ws/src) by extensions ['colcon_meta']
[1.351s] Level 1:colcon.colcon_core.package_identification:_identify(src/crazyswarm2/ros_ws/src) by extension 'colcon_meta'
[1.351s] Level 1:colcon.colcon_core.package_identification:_identify(src/crazyswarm2/ros_ws/src) by extensions ['ros']
[1.351s] Level 1:colcon.colcon_core.package_identification:_identify(src/crazyswarm2/ros_ws/src) by extension 'ros'
[1.351s] Level 1:colcon.colcon_core.package_identification:_identify(src/crazyswarm2/ros_ws/src) by extensions ['cmake', 'python']
[1.351s] Level 1:colcon.colcon_core.package_identification:_identify(src/crazyswarm2/ros_ws/src) by extension 'cmake'
[1.352s] Level 1:colcon.colcon_core.package_identification:_identify(src/crazyswarm2/ros_ws/src) by extension 'python'
[1.352s] Level 1:colcon.colcon_core.package_identification:_identify(src/crazyswarm2/ros_ws/src) by extensions ['python_setup_py']
[1.352s] Level 1:colcon.colcon_core.package_identification:_identify(src/crazyswarm2/ros_ws/src) by extension 'python_setup_py'
[1.354s] Level 1:colcon.colcon_core.package_identification:_identify(src/crazyswarm2/ros_ws/src/crazyswarm) by extensions ['ignore', 'ignore_ament_install']
[1.354s] Level 1:colcon.colcon_core.package_identification:_identify(src/crazyswarm2/ros_ws/src/crazyswarm) by extension 'ignore'
[1.354s] Level 1:colcon.colcon_core.package_identification:_identify(src/crazyswarm2/ros_ws/src/crazyswarm) by extension 'ignore_ament_install'
[1.354s] Level 1:colcon.colcon_core.package_identification:_identify(src/crazyswarm2/ros_ws/src/crazyswarm) by extensions ['colcon_pkg']
[1.354s] Level 1:colcon.colcon_core.package_identification:_identify(src/crazyswarm2/ros_ws/src/crazyswarm) by extension 'colcon_pkg'
[1.354s] Level 1:colcon.colcon_core.package_identification:_identify(src/crazyswarm2/ros_ws/src/crazyswarm) by extensions ['colcon_meta']
[1.354s] Level 1:colcon.colcon_core.package_identification:_identify(src/crazyswarm2/ros_ws/src/crazyswarm) by extension 'colcon_meta'
[1.354s] Level 1:colcon.colcon_core.package_identification:_identify(src/crazyswarm2/ros_ws/src/crazyswarm) by extensions ['ros']
[1.357s] Level 1:colcon.colcon_core.package_identification:_identify(src/crazyswarm2/ros_ws/src/crazyswarm) by extension 'ros'
[1.358s] Level 1:colcon.colcon_core.package_identification:_identify(src/crazyswarm2/ros_ws/src/crazyswarm) by extensions ['cmake', 'python']
[1.358s] Level 1:colcon.colcon_core.package_identification:_identify(src/crazyswarm2/ros_ws/src/crazyswarm) by extension 'cmake'
[1.359s] Level 1:colcon.colcon_core.package_identification:_identify(src/crazyswarm2/ros_ws/src/crazyswarm) by extension 'python'
[1.359s] Level 1:colcon.colcon_core.package_identification:_identify(src/crazyswarm2/ros_ws/src/crazyswarm) by extensions ['python_setup_py']
[1.359s] Level 1:colcon.colcon_core.package_identification:_identify(src/crazyswarm2/ros_ws/src/crazyswarm) by extension 'python_setup_py'
[1.361s] Level 1:colcon.colcon_core.package_identification:_identify(src/crazyswarm2/ros_ws/src/crazyswarm/launch) by extensions ['ignore', 'ignore_ament_install']
[1.362s] Level 1:colcon.colcon_core.package_identification:_identify(src/crazyswarm2/ros_ws/src/crazyswarm/launch) by extension 'ignore'
[1.362s] Level 1:colcon.colcon_core.package_identification:_identify(src/crazyswarm2/ros_ws/src/crazyswarm/launch) by extension 'ignore_ament_install'
[1.362s] Level 1:colcon.colcon_core.package_identification:_identify(src/crazyswarm2/ros_ws/src/crazyswarm/launch) by extensions ['colcon_pkg']
[1.362s] Level 1:colcon.colcon_core.package_identification:_identify(src/crazyswarm2/ros_ws/src/crazyswarm/launch) by extension 'colcon_pkg'
[1.362s] Level 1:colcon.colcon_core.package_identification:_identify(src/crazyswarm2/ros_ws/src/crazyswarm/launch) by extensions ['colcon_meta']
[1.362s] Level 1:colcon.colcon_core.package_identification:_identify(src/crazyswarm2/ros_ws/src/crazyswarm/launch) by extension 'colcon_meta'
[1.362s] Level 1:colcon.colcon_core.package_identification:_identify(src/crazyswarm2/ros_ws/src/crazyswarm/launch) by extensions ['ros']
[1.362s] Level 1:colcon.colcon_core.package_identification:_identify(src/crazyswarm2/ros_ws/src/crazyswarm/launch) by extension 'ros'
[1.365s] Level 1:colcon.colcon_core.package_identification:_identify(src/crazyswarm2/ros_ws/src/crazyswarm/launch) by extensions ['cmake', 'python']
[1.365s] Level 1:colcon.colcon_core.package_identification:_identify(src/crazyswarm2/ros_ws/src/crazyswarm/launch) by extension 'cmake'
[1.365s] Level 1:colcon.colcon_core.package_identification:_identify(src/crazyswarm2/ros_ws/src/crazyswarm/launch) by extension 'python'
[1.365s] Level 1:colcon.colcon_core.package_identification:_identify(src/crazyswarm2/ros_ws/src/crazyswarm/launch) by extensions ['python_setup_py']
[1.365s] Level 1:colcon.colcon_core.package_identification:_identify(src/crazyswarm2/ros_ws/src/crazyswarm/launch) by extension 'python_setup_py'
[1.365s] Level 1:colcon.colcon_core.package_identification:_identify(src/crazyswarm2/ros_ws/src/crazyswarm/scripts) by extensions ['ignore', 'ignore_ament_install']
[1.365s] Level 1:colcon.colcon_core.package_identification:_identify(src/crazyswarm2/ros_ws/src/crazyswarm/scripts) by extension 'ignore'
[1.365s] Level 1:colcon.colcon_core.package_identification:_identify(src/crazyswarm2/ros_ws/src/crazyswarm/scripts) by extension 'ignore_ament_install'
[1.365s] Level 1:colcon.colcon_core.package_identification:_identify(src/crazyswarm2/ros_ws/src/crazyswarm/scripts) by extensions ['colcon_pkg']
[1.366s] Level 1:colcon.colcon_core.package_identification:_identify(src/crazyswarm2/ros_ws/src/crazyswarm/scripts) by extension 'colcon_pkg'
[1.366s] Level 1:colcon.colcon_core.package_identification:_identify(src/crazyswarm2/ros_ws/src/crazyswarm/scripts) by extensions ['colcon_meta']
[1.366s] Level 1:colcon.colcon_core.package_identification:_identify(src/crazyswarm2/ros_ws/src/crazyswarm/scripts) by extension 'colcon_meta'
[1.366s] Level 1:colcon.colcon_core.package_identification:_identify(src/crazyswarm2/ros_ws/src/crazyswarm/scripts) by extensions ['ros']
[1.366s] Level 1:colcon.colcon_core.package_identification:_identify(src/crazyswarm2/ros_ws/src/crazyswarm/scripts) by extension 'ros'
[1.370s] Level 1:colcon.colcon_core.package_identification:_identify(src/crazyswarm2/ros_ws/src/crazyswarm/scripts) by extensions ['cmake', 'python']
[1.370s] Level 1:colcon.colcon_core.package_identification:_identify(src/crazyswarm2/ros_ws/src/crazyswarm/scripts) by extension 'cmake'
[1.371s] Level 1:colcon.colcon_core.package_identification:_identify(src/crazyswarm2/ros_ws/src/crazyswarm/scripts) by extension 'python'
[1.371s] Level 1:colcon.colcon_core.package_identification:_identify(src/crazyswarm2/ros_ws/src/crazyswarm/scripts) by extensions ['python_setup_py']
[1.371s] Level 1:colcon.colcon_core.package_identification:_identify(src/crazyswarm2/ros_ws/src/crazyswarm/scripts) by extension 'python_setup_py'
[1.372s] Level 1:colcon.colcon_core.package_identification:_identify(src/crazyswarm2/ros_ws/src/crazyswarm/scripts/crossing2_pps) by extensions ['ignore', 'ignore_ament_install']
[1.372s] Level 1:colcon.colcon_core.package_identification:_identify(src/crazyswarm2/ros_ws/src/crazyswarm/scripts/crossing2_pps) by extension 'ignore'
[1.373s] Level 1:colcon.colcon_core.package_identification:_identify(src/crazyswarm2/ros_ws/src/crazyswarm/scripts/crossing2_pps) by extension 'ignore_ament_install'
[1.373s] Level 1:colcon.colcon_core.package_identification:_identify(src/crazyswarm2/ros_ws/src/crazyswarm/scripts/crossing2_pps) by extensions ['colcon_pkg']
[1.373s] Level 1:colcon.colcon_core.package_identification:_identify(src/crazyswarm2/ros_ws/src/crazyswarm/scripts/crossing2_pps) by extension 'colcon_pkg'
[1.373s] Level 1:colcon.colcon_core.package_identification:_identify(src/crazyswarm2/ros_ws/src/crazyswarm/scripts/crossing2_pps) by extensions ['colcon_meta']
[1.373s] Level 1:colcon.colcon_core.package_identification:_identify(src/crazyswarm2/ros_ws/src/crazyswarm/scripts/crossing2_pps) by extension 'colcon_meta'
[1.374s] Level 1:colcon.colcon_core.package_identification:_identify(src/crazyswarm2/ros_ws/src/crazyswarm/scripts/crossing2_pps) by extensions ['ros']
[1.374s] Level 1:colcon.colcon_core.package_identification:_identify(src/crazyswarm2/ros_ws/src/crazyswarm/scripts/crossing2_pps) by extension 'ros'
[1.375s] Level 1:colcon.colcon_core.package_identification:_identify(src/crazyswarm2/ros_ws/src/crazyswarm/scripts/crossing2_pps) by extensions ['cmake', 'python']
[1.375s] Level 1:colcon.colcon_core.package_identification:_identify(src/crazyswarm2/ros_ws/src/crazyswarm/scripts/crossing2_pps) by extension 'cmake'
[1.375s] Level 1:colcon.colcon_core.package_identification:_identify(src/crazyswarm2/ros_ws/src/crazyswarm/scripts/crossing2_pps) by extension 'python'
[1.375s] Level 1:colcon.colcon_core.package_identification:_identify(src/crazyswarm2/ros_ws/src/crazyswarm/scripts/crossing2_pps) by extensions ['python_setup_py']
[1.375s] Level 1:colcon.colcon_core.package_identification:_identify(src/crazyswarm2/ros_ws/src/crazyswarm/scripts/crossing2_pps) by extension 'python_setup_py'
[1.375s] Level 1:colcon.colcon_core.package_identification:_identify(src/crazyswarm2/ros_ws/src/crazyswarm/scripts/crossing4_pps) by extensions ['ignore', 'ignore_ament_install']
[1.375s] Level 1:colcon.colcon_core.package_identification:_identify(src/crazyswarm2/ros_ws/src/crazyswarm/scripts/crossing4_pps) by extension 'ignore'
[1.376s] Level 1:colcon.colcon_core.package_identification:_identify(src/crazyswarm2/ros_ws/src/crazyswarm/scripts/crossing4_pps) by extension 'ignore_ament_install'
[1.376s] Level 1:colcon.colcon_core.package_identification:_identify(src/crazyswarm2/ros_ws/src/crazyswarm/scripts/crossing4_pps) by extensions ['colcon_pkg']
[1.376s] Level 1:colcon.colcon_core.package_identification:_identify(src/crazyswarm2/ros_ws/src/crazyswarm/scripts/crossing4_pps) by extension 'colcon_pkg'
[1.376s] Level 1:colcon.colcon_core.package_identification:_identify(src/crazyswarm2/ros_ws/src/crazyswarm/scripts/crossing4_pps) by extensions ['colcon_meta']
[1.376s] Level 1:colcon.colcon_core.package_identification:_identify(src/crazyswarm2/ros_ws/src/crazyswarm/scripts/crossing4_pps) by extension 'colcon_meta'
[1.377s] Level 1:colcon.colcon_core.package_identification:_identify(src/crazyswarm2/ros_ws/src/crazyswarm/scripts/crossing4_pps) by extensions ['ros']
[1.377s] Level 1:colcon.colcon_core.package_identification:_identify(src/crazyswarm2/ros_ws/src/crazyswarm/scripts/crossing4_pps) by extension 'ros'
[1.377s] Level 1:colcon.colcon_core.package_identification:_identify(src/crazyswarm2/ros_ws/src/crazyswarm/scripts/crossing4_pps) by extensions ['cmake', 'python']
[1.377s] Level 1:colcon.colcon_core.package_identification:_identify(src/crazyswarm2/ros_ws/src/crazyswarm/scripts/crossing4_pps) by extension 'cmake'
[1.377s] Level 1:colcon.colcon_core.package_identification:_identify(src/crazyswarm2/ros_ws/src/crazyswarm/scripts/crossing4_pps) by extension 'python'
[1.377s] Level 1:colcon.colcon_core.package_identification:_identify(src/crazyswarm2/ros_ws/src/crazyswarm/scripts/crossing4_pps) by extensions ['python_setup_py']
[1.377s] Level 1:colcon.colcon_core.package_identification:_identify(src/crazyswarm2/ros_ws/src/crazyswarm/scripts/crossing4_pps) by extension 'python_setup_py'
[1.377s] Level 1:colcon.colcon_core.package_identification:_identify(src/crazyswarm2/ros_ws/src/crazyswarm/scripts/sequence_trajectories) by extensions ['ignore', 'ignore_ament_install']
[1.377s] Level 1:colcon.colcon_core.package_identification:_identify(src/crazyswarm2/ros_ws/src/crazyswarm/scripts/sequence_trajectories) by extension 'ignore'
[1.380s] Level 1:colcon.colcon_core.package_identification:_identify(src/crazyswarm2/ros_ws/src/crazyswarm/scripts/sequence_trajectories) by extension 'ignore_ament_install'
[1.380s] Level 1:colcon.colcon_core.package_identification:_identify(src/crazyswarm2/ros_ws/src/crazyswarm/scripts/sequence_trajectories) by extensions ['colcon_pkg']
[1.380s] Level 1:colcon.colcon_core.package_identification:_identify(src/crazyswarm2/ros_ws/src/crazyswarm/scripts/sequence_trajectories) by extension 'colcon_pkg'
[1.380s] Level 1:colcon.colcon_core.package_identification:_identify(src/crazyswarm2/ros_ws/src/crazyswarm/scripts/sequence_trajectories) by extensions ['colcon_meta']
[1.382s] Level 1:colcon.colcon_core.package_identification:_identify(src/crazyswarm2/ros_ws/src/crazyswarm/scripts/sequence_trajectories) by extension 'colcon_meta'
[1.382s] Level 1:colcon.colcon_core.package_identification:_identify(src/crazyswarm2/ros_ws/src/crazyswarm/scripts/sequence_trajectories) by extensions ['ros']
[1.382s] Level 1:colcon.colcon_core.package_identification:_identify(src/crazyswarm2/ros_ws/src/crazyswarm/scripts/sequence_trajectories) by extension 'ros'
[1.382s] Level 1:colcon.colcon_core.package_identification:_identify(src/crazyswarm2/ros_ws/src/crazyswarm/scripts/sequence_trajectories) by extensions ['cmake', 'python']
[1.382s] Level 1:colcon.colcon_core.package_identification:_identify(src/crazyswarm2/ros_ws/src/crazyswarm/scripts/sequence_trajectories) by extension 'cmake'
[1.383s] Level 1:colcon.colcon_core.package_identification:_identify(src/crazyswarm2/ros_ws/src/crazyswarm/scripts/sequence_trajectories) by extension 'python'
[1.383s] Level 1:colcon.colcon_core.package_identification:_identify(src/crazyswarm2/ros_ws/src/crazyswarm/scripts/sequence_trajectories) by extensions ['python_setup_py']
[1.383s] Level 1:colcon.colcon_core.package_identification:_identify(src/crazyswarm2/ros_ws/src/crazyswarm/scripts/sequence_trajectories) by extension 'python_setup_py'
[1.383s] Level 1:colcon.colcon_core.package_identification:_identify(src/crazyswarm2/ros_ws/src/crazyswarm/scripts/sequence_trajectories/1) by extensions ['ignore', 'ignore_ament_install']
[1.383s] Level 1:colcon.colcon_core.package_identification:_identify(src/crazyswarm2/ros_ws/src/crazyswarm/scripts/sequence_trajectories/1) by extension 'ignore'
[1.383s] Level 1:colcon.colcon_core.package_identification:_identify(src/crazyswarm2/ros_ws/src/crazyswarm/scripts/sequence_trajectories/1) by extension 'ignore_ament_install'
[1.383s] Level 1:colcon.colcon_core.package_identification:_identify(src/crazyswarm2/ros_ws/src/crazyswarm/scripts/sequence_trajectories/1) by extensions ['colcon_pkg']
[1.383s] Level 1:colcon.colcon_core.package_identification:_identify(src/crazyswarm2/ros_ws/src/crazyswarm/scripts/sequence_trajectories/1) by extension 'colcon_pkg'
[1.383s] Level 1:colcon.colcon_core.package_identification:_identify(src/crazyswarm2/ros_ws/src/crazyswarm/scripts/sequence_trajectories/1) by extensions ['colcon_meta']
[1.383s] Level 1:colcon.colcon_core.package_identification:_identify(src/crazyswarm2/ros_ws/src/crazyswarm/scripts/sequence_trajectories/1) by extension 'colcon_meta'
[1.386s] Level 1:colcon.colcon_core.package_identification:_identify(src/crazyswarm2/ros_ws/src/crazyswarm/scripts/sequence_trajectories/1) by extensions ['ros']
[1.386s] Level 1:colcon.colcon_core.package_identification:_identify(src/crazyswarm2/ros_ws/src/crazyswarm/scripts/sequence_trajectories/1) by extension 'ros'
[1.386s] Level 1:colcon.colcon_core.package_identification:_identify(src/crazyswarm2/ros_ws/src/crazyswarm/scripts/sequence_trajectories/1) by extensions ['cmake', 'python']
[1.386s] Level 1:colcon.colcon_core.package_identification:_identify(src/crazyswarm2/ros_ws/src/crazyswarm/scripts/sequence_trajectories/1) by extension 'cmake'
[1.386s] Level 1:colcon.colcon_core.package_identification:_identify(src/crazyswarm2/ros_ws/src/crazyswarm/scripts/sequence_trajectories/1) by extension 'python'
[1.386s] Level 1:colcon.colcon_core.package_identification:_identify(src/crazyswarm2/ros_ws/src/crazyswarm/scripts/sequence_trajectories/1) by extensions ['python_setup_py']
[1.386s] Level 1:colcon.colcon_core.package_identification:_identify(src/crazyswarm2/ros_ws/src/crazyswarm/scripts/sequence_trajectories/1) by extension 'python_setup_py'
[1.386s] Level 1:colcon.colcon_core.package_identification:_identify(src/crazyswarm2/ros_ws/src/crazyswarm/scripts/sequence_trajectories/2) by extensions ['ignore', 'ignore_ament_install']
[1.387s] Level 1:colcon.colcon_core.package_identification:_identify(src/crazyswarm2/ros_ws/src/crazyswarm/scripts/sequence_trajectories/2) by extension 'ignore'
[1.387s] Level 1:colcon.colcon_core.package_identification:_identify(src/crazyswarm2/ros_ws/src/crazyswarm/scripts/sequence_trajectories/2) by extension 'ignore_ament_install'
[1.387s] Level 1:colcon.colcon_core.package_identification:_identify(src/crazyswarm2/ros_ws/src/crazyswarm/scripts/sequence_trajectories/2) by extensions ['colcon_pkg']
[1.387s] Level 1:colcon.colcon_core.package_identification:_identify(src/crazyswarm2/ros_ws/src/crazyswarm/scripts/sequence_trajectories/2) by extension 'colcon_pkg'
[1.387s] Level 1:colcon.colcon_core.package_identification:_identify(src/crazyswarm2/ros_ws/src/crazyswarm/scripts/sequence_trajectories/2) by extensions ['colcon_meta']
[1.387s] Level 1:colcon.colcon_core.package_identification:_identify(src/crazyswarm2/ros_ws/src/crazyswarm/scripts/sequence_trajectories/2) by extension 'colcon_meta'
[1.387s] Level 1:colcon.colcon_core.package_identification:_identify(src/crazyswarm2/ros_ws/src/crazyswarm/scripts/sequence_trajectories/2) by extensions ['ros']
[1.387s] Level 1:colcon.colcon_core.package_identification:_identify(src/crazyswarm2/ros_ws/src/crazyswarm/scripts/sequence_trajectories/2) by extension 'ros'
[1.387s] Level 1:colcon.colcon_core.package_identification:_identify(src/crazyswarm2/ros_ws/src/crazyswarm/scripts/sequence_trajectories/2) by extensions ['cmake', 'python']
[1.387s] Level 1:colcon.colcon_core.package_identification:_identify(src/crazyswarm2/ros_ws/src/crazyswarm/scripts/sequence_trajectories/2) by extension 'cmake'
[1.387s] Level 1:colcon.colcon_core.package_identification:_identify(src/crazyswarm2/ros_ws/src/crazyswarm/scripts/sequence_trajectories/2) by extension 'python'
[1.387s] Level 1:colcon.colcon_core.package_identification:_identify(src/crazyswarm2/ros_ws/src/crazyswarm/scripts/sequence_trajectories/2) by extensions ['python_setup_py']
[1.387s] Level 1:colcon.colcon_core.package_identification:_identify(src/crazyswarm2/ros_ws/src/crazyswarm/scripts/sequence_trajectories/2) by extension 'python_setup_py'
[1.388s] Level 1:colcon.colcon_core.package_identification:_identify(src/crazyswarm2/ros_ws/src/crazyswarm/scripts/sequence_trajectories/3) by extensions ['ignore', 'ignore_ament_install']
[1.388s] Level 1:colcon.colcon_core.package_identification:_identify(src/crazyswarm2/ros_ws/src/crazyswarm/scripts/sequence_trajectories/3) by extension 'ignore'
[1.388s] Level 1:colcon.colcon_core.package_identification:_identify(src/crazyswarm2/ros_ws/src/crazyswarm/scripts/sequence_trajectories/3) by extension 'ignore_ament_install'
[1.388s] Level 1:colcon.colcon_core.package_identification:_identify(src/crazyswarm2/ros_ws/src/crazyswarm/scripts/sequence_trajectories/3) by extensions ['colcon_pkg']
[1.388s] Level 1:colcon.colcon_core.package_identification:_identify(src/crazyswarm2/ros_ws/src/crazyswarm/scripts/sequence_trajectories/3) by extension 'colcon_pkg'
[1.388s] Level 1:colcon.colcon_core.package_identification:_identify(src/crazyswarm2/ros_ws/src/crazyswarm/scripts/sequence_trajectories/3) by extensions ['colcon_meta']
[1.388s] Level 1:colcon.colcon_core.package_identification:_identify(src/crazyswarm2/ros_ws/src/crazyswarm/scripts/sequence_trajectories/3) by extension 'colcon_meta'
[1.388s] Level 1:colcon.colcon_core.package_identification:_identify(src/crazyswarm2/ros_ws/src/crazyswarm/scripts/sequence_trajectories/3) by extensions ['ros']
[1.388s] Level 1:colcon.colcon_core.package_identification:_identify(src/crazyswarm2/ros_ws/src/crazyswarm/scripts/sequence_trajectories/3) by extension 'ros'
[1.399s] Level 1:colcon.colcon_core.package_identification:_identify(src/crazyswarm2/ros_ws/src/crazyswarm/scripts/sequence_trajectories/3) by extensions ['cmake', 'python']
[1.399s] Level 1:colcon.colcon_core.package_identification:_identify(src/crazyswarm2/ros_ws/src/crazyswarm/scripts/sequence_trajectories/3) by extension 'cmake'
[1.399s] Level 1:colcon.colcon_core.package_identification:_identify(src/crazyswarm2/ros_ws/src/crazyswarm/scripts/sequence_trajectories/3) by extension 'python'
[1.399s] Level 1:colcon.colcon_core.package_identification:_identify(src/crazyswarm2/ros_ws/src/crazyswarm/scripts/sequence_trajectories/3) by extensions ['python_setup_py']
[1.401s] Level 1:colcon.colcon_core.package_identification:_identify(src/crazyswarm2/ros_ws/src/crazyswarm/scripts/sequence_trajectories/3) by extension 'python_setup_py'
[1.406s] Level 1:colcon.colcon_core.package_identification:_identify(src/crazyswarm2/ros_ws/src/crazyswarm/scripts/sequence_trajectories/4) by extensions ['ignore', 'ignore_ament_install']
[1.406s] Level 1:colcon.colcon_core.package_identification:_identify(src/crazyswarm2/ros_ws/src/crazyswarm/scripts/sequence_trajectories/4) by extension 'ignore'
[1.407s] Level 1:colcon.colcon_core.package_identification:_identify(src/crazyswarm2/ros_ws/src/crazyswarm/scripts/sequence_trajectories/4) by extension 'ignore_ament_install'
[1.407s] Level 1:colcon.colcon_core.package_identification:_identify(src/crazyswarm2/ros_ws/src/crazyswarm/scripts/sequence_trajectories/4) by extensions ['colcon_pkg']
[1.407s] Level 1:colcon.colcon_core.package_identification:_identify(src/crazyswarm2/ros_ws/src/crazyswarm/scripts/sequence_trajectories/4) by extension 'colcon_pkg'
[1.407s] Level 1:colcon.colcon_core.package_identification:_identify(src/crazyswarm2/ros_ws/src/crazyswarm/scripts/sequence_trajectories/4) by extensions ['colcon_meta']
[1.407s] Level 1:colcon.colcon_core.package_identification:_identify(src/crazyswarm2/ros_ws/src/crazyswarm/scripts/sequence_trajectories/4) by extension 'colcon_meta'
[1.407s] Level 1:colcon.colcon_core.package_identification:_identify(src/crazyswarm2/ros_ws/src/crazyswarm/scripts/sequence_trajectories/4) by extensions ['ros']
[1.407s] Level 1:colcon.colcon_core.package_identification:_identify(src/crazyswarm2/ros_ws/src/crazyswarm/scripts/sequence_trajectories/4) by extension 'ros'
[1.407s] Level 1:colcon.colcon_core.package_identification:_identify(src/crazyswarm2/ros_ws/src/crazyswarm/scripts/sequence_trajectories/4) by extensions ['cmake', 'python']
[1.408s] Level 1:colcon.colcon_core.package_identification:_identify(src/crazyswarm2/ros_ws/src/crazyswarm/scripts/sequence_trajectories/4) by extension 'cmake'
[1.408s] Level 1:colcon.colcon_core.package_identification:_identify(src/crazyswarm2/ros_ws/src/crazyswarm/scripts/sequence_trajectories/4) by extension 'python'
[1.408s] Level 1:colcon.colcon_core.package_identification:_identify(src/crazyswarm2/ros_ws/src/crazyswarm/scripts/sequence_trajectories/4) by extensions ['python_setup_py']
[1.408s] Level 1:colcon.colcon_core.package_identification:_identify(src/crazyswarm2/ros_ws/src/crazyswarm/scripts/sequence_trajectories/4) by extension 'python_setup_py'
[1.408s] Level 1:colcon.colcon_core.package_identification:_identify(src/crazyswarm2/ros_ws/src/crazyswarm/scripts/sequence_trajectories/5) by extensions ['ignore', 'ignore_ament_install']
[1.415s] Level 1:colcon.colcon_core.package_identification:_identify(src/crazyswarm2/ros_ws/src/crazyswarm/scripts/sequence_trajectories/5) by extension 'ignore'
[1.415s] Level 1:colcon.colcon_core.package_identification:_identify(src/crazyswarm2/ros_ws/src/crazyswarm/scripts/sequence_trajectories/5) by extension 'ignore_ament_install'
[1.416s] Level 1:colcon.colcon_core.package_identification:_identify(src/crazyswarm2/ros_ws/src/crazyswarm/scripts/sequence_trajectories/5) by extensions ['colcon_pkg']
[1.416s] Level 1:colcon.colcon_core.package_identification:_identify(src/crazyswarm2/ros_ws/src/crazyswarm/scripts/sequence_trajectories/5) by extension 'colcon_pkg'
[1.416s] Level 1:colcon.colcon_core.package_identification:_identify(src/crazyswarm2/ros_ws/src/crazyswarm/scripts/sequence_trajectories/5) by extensions ['colcon_meta']
[1.416s] Level 1:colcon.colcon_core.package_identification:_identify(src/crazyswarm2/ros_ws/src/crazyswarm/scripts/sequence_trajectories/5) by extension 'colcon_meta'
[1.416s] Level 1:colcon.colcon_core.package_identification:_identify(src/crazyswarm2/ros_ws/src/crazyswarm/scripts/sequence_trajectories/5) by extensions ['ros']
[1.416s] Level 1:colcon.colcon_core.package_identification:_identify(src/crazyswarm2/ros_ws/src/crazyswarm/scripts/sequence_trajectories/5) by extension 'ros'
[1.416s] Level 1:colcon.colcon_core.package_identification:_identify(src/crazyswarm2/ros_ws/src/crazyswarm/scripts/sequence_trajectories/5) by extensions ['cmake', 'python']
[1.416s] Level 1:colcon.colcon_core.package_identification:_identify(src/crazyswarm2/ros_ws/src/crazyswarm/scripts/sequence_trajectories/5) by extension 'cmake'
[1.416s] Level 1:colcon.colcon_core.package_identification:_identify(src/crazyswarm2/ros_ws/src/crazyswarm/scripts/sequence_trajectories/5) by extension 'python'
[1.417s] Level 1:colcon.colcon_core.package_identification:_identify(src/crazyswarm2/ros_ws/src/crazyswarm/scripts/sequence_trajectories/5) by extensions ['python_setup_py']
[1.417s] Level 1:colcon.colcon_core.package_identification:_identify(src/crazyswarm2/ros_ws/src/crazyswarm/scripts/sequence_trajectories/5) by extension 'python_setup_py'
[1.417s] Level 1:colcon.colcon_core.package_identification:_identify(src/crazyswarm2/ros_ws/src/crazyswarm/scripts/sequence_trajectories/6) by extensions ['ignore', 'ignore_ament_install']
[1.417s] Level 1:colcon.colcon_core.package_identification:_identify(src/crazyswarm2/ros_ws/src/crazyswarm/scripts/sequence_trajectories/6) by extension 'ignore'
[1.417s] Level 1:colcon.colcon_core.package_identification:_identify(src/crazyswarm2/ros_ws/src/crazyswarm/scripts/sequence_trajectories/6) by extension 'ignore_ament_install'
[1.417s] Level 1:colcon.colcon_core.package_identification:_identify(src/crazyswarm2/ros_ws/src/crazyswarm/scripts/sequence_trajectories/6) by extensions ['colcon_pkg']
[1.422s] Level 1:colcon.colcon_core.package_identification:_identify(src/crazyswarm2/ros_ws/src/crazyswarm/scripts/sequence_trajectories/6) by extension 'colcon_pkg'
[1.422s] Level 1:colcon.colcon_core.package_identification:_identify(src/crazyswarm2/ros_ws/src/crazyswarm/scripts/sequence_trajectories/6) by extensions ['colcon_meta']
[1.422s] Level 1:colcon.colcon_core.package_identification:_identify(src/crazyswarm2/ros_ws/src/crazyswarm/scripts/sequence_trajectories/6) by extension 'colcon_meta'
[1.422s] Level 1:colcon.colcon_core.package_identification:_identify(src/crazyswarm2/ros_ws/src/crazyswarm/scripts/sequence_trajectories/6) by extensions ['ros']
[1.423s] Level 1:colcon.colcon_core.package_identification:_identify(src/crazyswarm2/ros_ws/src/crazyswarm/scripts/sequence_trajectories/6) by extension 'ros'
[1.423s] Level 1:colcon.colcon_core.package_identification:_identify(src/crazyswarm2/ros_ws/src/crazyswarm/scripts/sequence_trajectories/6) by extensions ['cmake', 'python']
[1.423s] Level 1:colcon.colcon_core.package_identification:_identify(src/crazyswarm2/ros_ws/src/crazyswarm/scripts/sequence_trajectories/6) by extension 'cmake'
[1.423s] Level 1:colcon.colcon_core.package_identification:_identify(src/crazyswarm2/ros_ws/src/crazyswarm/scripts/sequence_trajectories/6) by extension 'python'
[1.423s] Level 1:colcon.colcon_core.package_identification:_identify(src/crazyswarm2/ros_ws/src/crazyswarm/scripts/sequence_trajectories/6) by extensions ['python_setup_py']
[1.423s] Level 1:colcon.colcon_core.package_identification:_identify(src/crazyswarm2/ros_ws/src/crazyswarm/scripts/sequence_trajectories/6) by extension 'python_setup_py'
[1.423s] Level 1:colcon.colcon_core.package_identification:_identify(src/crazyswarm2/ros_ws/src/crazyswarm/scripts/sequence_trajectories/7) by extensions ['ignore', 'ignore_ament_install']
[1.424s] Level 1:colcon.colcon_core.package_identification:_identify(src/crazyswarm2/ros_ws/src/crazyswarm/scripts/sequence_trajectories/7) by extension 'ignore'
[1.424s] Level 1:colcon.colcon_core.package_identification:_identify(src/crazyswarm2/ros_ws/src/crazyswarm/scripts/sequence_trajectories/7) by extension 'ignore_ament_install'
[1.424s] Level 1:colcon.colcon_core.package_identification:_identify(src/crazyswarm2/ros_ws/src/crazyswarm/scripts/sequence_trajectories/7) by extensions ['colcon_pkg']
[1.424s] Level 1:colcon.colcon_core.package_identification:_identify(src/crazyswarm2/ros_ws/src/crazyswarm/scripts/sequence_trajectories/7) by extension 'colcon_pkg'
[1.424s] Level 1:colcon.colcon_core.package_identification:_identify(src/crazyswarm2/ros_ws/src/crazyswarm/scripts/sequence_trajectories/7) by extensions ['colcon_meta']
[1.424s] Level 1:colcon.colcon_core.package_identification:_identify(src/crazyswarm2/ros_ws/src/crazyswarm/scripts/sequence_trajectories/7) by extension 'colcon_meta'
[1.424s] Level 1:colcon.colcon_core.package_identification:_identify(src/crazyswarm2/ros_ws/src/crazyswarm/scripts/sequence_trajectories/7) by extensions ['ros']
[1.425s] Level 1:colcon.colcon_core.package_identification:_identify(src/crazyswarm2/ros_ws/src/crazyswarm/scripts/sequence_trajectories/7) by extension 'ros'
[1.425s] Level 1:colcon.colcon_core.package_identification:_identify(src/crazyswarm2/ros_ws/src/crazyswarm/scripts/sequence_trajectories/7) by extensions ['cmake', 'python']
[1.425s] Level 1:colcon.colcon_core.package_identification:_identify(src/crazyswarm2/ros_ws/src/crazyswarm/scripts/sequence_trajectories/7) by extension 'cmake'
[1.425s] Level 1:colcon.colcon_core.package_identification:_identify(src/crazyswarm2/ros_ws/src/crazyswarm/scripts/sequence_trajectories/7) by extension 'python'
[1.425s] Level 1:colcon.colcon_core.package_identification:_identify(src/crazyswarm2/ros_ws/src/crazyswarm/scripts/sequence_trajectories/7) by extensions ['python_setup_py']
[1.425s] Level 1:colcon.colcon_core.package_identification:_identify(src/crazyswarm2/ros_ws/src/crazyswarm/scripts/sequence_trajectories/7) by extension 'python_setup_py'
[1.427s] Level 1:colcon.colcon_core.package_identification:_identify(src/crazyswarm2/ros_ws/src/crazyswarm/scripts/swap6v_pps) by extensions ['ignore', 'ignore_ament_install']
[1.427s] Level 1:colcon.colcon_core.package_identification:_identify(src/crazyswarm2/ros_ws/src/crazyswarm/scripts/swap6v_pps) by extension 'ignore'
[1.427s] Level 1:colcon.colcon_core.package_identification:_identify(src/crazyswarm2/ros_ws/src/crazyswarm/scripts/swap6v_pps) by extension 'ignore_ament_install'
[1.427s] Level 1:colcon.colcon_core.package_identification:_identify(src/crazyswarm2/ros_ws/src/crazyswarm/scripts/swap6v_pps) by extensions ['colcon_pkg']
[1.427s] Level 1:colcon.colcon_core.package_identification:_identify(src/crazyswarm2/ros_ws/src/crazyswarm/scripts/swap6v_pps) by extension 'colcon_pkg'
[1.427s] Level 1:colcon.colcon_core.package_identification:_identify(src/crazyswarm2/ros_ws/src/crazyswarm/scripts/swap6v_pps) by extensions ['colcon_meta']
[1.427s] Level 1:colcon.colcon_core.package_identification:_identify(src/crazyswarm2/ros_ws/src/crazyswarm/scripts/swap6v_pps) by extension 'colcon_meta'
[1.427s] Level 1:colcon.colcon_core.package_identification:_identify(src/crazyswarm2/ros_ws/src/crazyswarm/scripts/swap6v_pps) by extensions ['ros']
[1.427s] Level 1:colcon.colcon_core.package_identification:_identify(src/crazyswarm2/ros_ws/src/crazyswarm/scripts/swap6v_pps) by extension 'ros'
[1.427s] Level 1:colcon.colcon_core.package_identification:_identify(src/crazyswarm2/ros_ws/src/crazyswarm/scripts/swap6v_pps) by extensions ['cmake', 'python']
[1.429s] Level 1:colcon.colcon_core.package_identification:_identify(src/crazyswarm2/ros_ws/src/crazyswarm/scripts/swap6v_pps) by extension 'cmake'
[1.429s] Level 1:colcon.colcon_core.package_identification:_identify(src/crazyswarm2/ros_ws/src/crazyswarm/scripts/swap6v_pps) by extension 'python'
[1.429s] Level 1:colcon.colcon_core.package_identification:_identify(src/crazyswarm2/ros_ws/src/crazyswarm/scripts/swap6v_pps) by extensions ['python_setup_py']
[1.429s] Level 1:colcon.colcon_core.package_identification:_identify(src/crazyswarm2/ros_ws/src/crazyswarm/scripts/swap6v_pps) by extension 'python_setup_py'
[1.429s] Level 1:colcon.colcon_core.package_identification:_identify(src/crazyswarm2/systemtests) by extensions ['ignore', 'ignore_ament_install']
[1.429s] Level 1:colcon.colcon_core.package_identification:_identify(src/crazyswarm2/systemtests) by extension 'ignore'
[1.430s] Level 1:colcon.colcon_core.package_identification:_identify(src/crazyswarm2/systemtests) by extension 'ignore_ament_install'
[1.430s] Level 1:colcon.colcon_core.package_identification:_identify(src/crazyswarm2/systemtests) by extensions ['colcon_pkg']
[1.430s] Level 1:colcon.colcon_core.package_identification:_identify(src/crazyswarm2/systemtests) by extension 'colcon_pkg'
[1.430s] Level 1:colcon.colcon_core.package_identification:_identify(src/crazyswarm2/systemtests) by extensions ['colcon_meta']
[1.430s] Level 1:colcon.colcon_core.package_identification:_identify(src/crazyswarm2/systemtests) by extension 'colcon_meta'
[1.431s] Level 1:colcon.colcon_core.package_identification:_identify(src/crazyswarm2/systemtests) by extensions ['ros']
[1.431s] Level 1:colcon.colcon_core.package_identification:_identify(src/crazyswarm2/systemtests) by extension 'ros'
[1.431s] Level 1:colcon.colcon_core.package_identification:_identify(src/crazyswarm2/systemtests) by extensions ['cmake', 'python']
[1.432s] Level 1:colcon.colcon_core.package_identification:_identify(src/crazyswarm2/systemtests) by extension 'cmake'
[1.432s] Level 1:colcon.colcon_core.package_identification:_identify(src/crazyswarm2/systemtests) by extension 'python'
[1.432s] Level 1:colcon.colcon_core.package_identification:_identify(src/crazyswarm2/systemtests) by extensions ['python_setup_py']
[1.432s] Level 1:colcon.colcon_core.package_identification:_identify(src/crazyswarm2/systemtests) by extension 'python_setup_py'
[1.432s] Level 1:colcon.colcon_core.package_identification:_identify(src/crazyswarm2/systemtests/SDplotting) by extensions ['ignore', 'ignore_ament_install']
[1.432s] Level 1:colcon.colcon_core.package_identification:_identify(src/crazyswarm2/systemtests/SDplotting) by extension 'ignore'
[1.432s] Level 1:colcon.colcon_core.package_identification:_identify(src/crazyswarm2/systemtests/SDplotting) by extension 'ignore_ament_install'
[1.432s] Level 1:colcon.colcon_core.package_identification:_identify(src/crazyswarm2/systemtests/SDplotting) by extensions ['colcon_pkg']
[1.432s] Level 1:colcon.colcon_core.package_identification:_identify(src/crazyswarm2/systemtests/SDplotting) by extension 'colcon_pkg'
[1.432s] Level 1:colcon.colcon_core.package_identification:_identify(src/crazyswarm2/systemtests/SDplotting) by extensions ['colcon_meta']
[1.432s] Level 1:colcon.colcon_core.package_identification:_identify(src/crazyswarm2/systemtests/SDplotting) by extension 'colcon_meta'
[1.432s] Level 1:colcon.colcon_core.package_identification:_identify(src/crazyswarm2/systemtests/SDplotting) by extensions ['ros']
[1.432s] Level 1:colcon.colcon_core.package_identification:_identify(src/crazyswarm2/systemtests/SDplotting) by extension 'ros'
[1.433s] Level 1:colcon.colcon_core.package_identification:_identify(src/crazyswarm2/systemtests/SDplotting) by extensions ['cmake', 'python']
[1.433s] Level 1:colcon.colcon_core.package_identification:_identify(src/crazyswarm2/systemtests/SDplotting) by extension 'cmake'
[1.433s] Level 1:colcon.colcon_core.package_identification:_identify(src/crazyswarm2/systemtests/SDplotting) by extension 'python'
[1.433s] Level 1:colcon.colcon_core.package_identification:_identify(src/crazyswarm2/systemtests/SDplotting) by extensions ['python_setup_py']
[1.433s] Level 1:colcon.colcon_core.package_identification:_identify(src/crazyswarm2/systemtests/SDplotting) by extension 'python_setup_py'
[1.439s] Level 1:colcon.colcon_core.package_identification:_identify(src/install) by extensions ['ignore', 'ignore_ament_install']
[1.439s] Level 1:colcon.colcon_core.package_identification:_identify(src/install) by extension 'ignore'
[1.439s] Level 1:colcon.colcon_core.package_identification:_identify(src/install) ignored
[1.440s] Level 1:colcon.colcon_core.package_identification:_identify(src/log) by extensions ['ignore', 'ignore_ament_install']
[1.440s] Level 1:colcon.colcon_core.package_identification:_identify(src/log) by extension 'ignore'
[1.440s] Level 1:colcon.colcon_core.package_identification:_identify(src/log) ignored
[1.442s] Level 1:colcon.colcon_core.package_identification:_identify(src/r7021e_exploration) by extensions ['ignore', 'ignore_ament_install']
[1.442s] Level 1:colcon.colcon_core.package_identification:_identify(src/r7021e_exploration) by extension 'ignore'
[1.442s] Level 1:colcon.colcon_core.package_identification:_identify(src/r7021e_exploration) by extension 'ignore_ament_install'
[1.442s] Level 1:colcon.colcon_core.package_identification:_identify(src/r7021e_exploration) by extensions ['colcon_pkg']
[1.443s] Level 1:colcon.colcon_core.package_identification:_identify(src/r7021e_exploration) by extension 'colcon_pkg'
[1.443s] Level 1:colcon.colcon_core.package_identification:_identify(src/r7021e_exploration) by extensions ['colcon_meta']
[1.446s] Level 1:colcon.colcon_core.package_identification:_identify(src/r7021e_exploration) by extension 'colcon_meta'
[1.446s] Level 1:colcon.colcon_core.package_identification:_identify(src/r7021e_exploration) by extensions ['ros']
[1.446s] Level 1:colcon.colcon_core.package_identification:_identify(src/r7021e_exploration) by extension 'ros'
[1.448s] DEBUG:colcon.colcon_core.package_identification:Package 'src/r7021e_exploration' with type 'ros.ament_python' and name 'r7021e_exploration'
[1.449s] Level 1:colcon.colcon_core.package_identification:_identify(src/turtlebot3_simulations) by extensions ['ignore', 'ignore_ament_install']
[1.449s] Level 1:colcon.colcon_core.package_identification:_identify(src/turtlebot3_simulations) by extension 'ignore'
[1.449s] Level 1:colcon.colcon_core.package_identification:_identify(src/turtlebot3_simulations) by extension 'ignore_ament_install'
[1.449s] Level 1:colcon.colcon_core.package_identification:_identify(src/turtlebot3_simulations) by extensions ['colcon_pkg']
[1.449s] Level 1:colcon.colcon_core.package_identification:_identify(src/turtlebot3_simulations) by extension 'colcon_pkg'
[1.449s] Level 1:colcon.colcon_core.package_identification:_identify(src/turtlebot3_simulations) by extensions ['colcon_meta']
[1.449s] Level 1:colcon.colcon_core.package_identification:_identify(src/turtlebot3_simulations) by extension 'colcon_meta'
[1.449s] Level 1:colcon.colcon_core.package_identification:_identify(src/turtlebot3_simulations) by extensions ['ros']
[1.449s] Level 1:colcon.colcon_core.package_identification:_identify(src/turtlebot3_simulations) by extension 'ros'
[1.450s] Level 1:colcon.colcon_core.package_identification:_identify(src/turtlebot3_simulations) by extensions ['cmake', 'python']
[1.450s] Level 1:colcon.colcon_core.package_identification:_identify(src/turtlebot3_simulations) by extension 'cmake'
[1.450s] Level 1:colcon.colcon_core.package_identification:_identify(src/turtlebot3_simulations) by extension 'python'
[1.450s] Level 1:colcon.colcon_core.package_identification:_identify(src/turtlebot3_simulations) by extensions ['python_setup_py']
[1.450s] Level 1:colcon.colcon_core.package_identification:_identify(src/turtlebot3_simulations) by extension 'python_setup_py'
[1.451s] Level 1:colcon.colcon_core.package_identification:_identify(src/turtlebot3_simulations/turtlebot3_fake_node) by extensions ['ignore', 'ignore_ament_install']
[1.451s] Level 1:colcon.colcon_core.package_identification:_identify(src/turtlebot3_simulations/turtlebot3_fake_node) by extension 'ignore'
[1.451s] Level 1:colcon.colcon_core.package_identification:_identify(src/turtlebot3_simulations/turtlebot3_fake_node) by extension 'ignore_ament_install'
[1.452s] Level 1:colcon.colcon_core.package_identification:_identify(src/turtlebot3_simulations/turtlebot3_fake_node) by extensions ['colcon_pkg']
[1.452s] Level 1:colcon.colcon_core.package_identification:_identify(src/turtlebot3_simulations/turtlebot3_fake_node) by extension 'colcon_pkg'
[1.452s] Level 1:colcon.colcon_core.package_identification:_identify(src/turtlebot3_simulations/turtlebot3_fake_node) by extensions ['colcon_meta']
[1.452s] Level 1:colcon.colcon_core.package_identification:_identify(src/turtlebot3_simulations/turtlebot3_fake_node) by extension 'colcon_meta'
[1.453s] Level 1:colcon.colcon_core.package_identification:_identify(src/turtlebot3_simulations/turtlebot3_fake_node) by extensions ['ros']
[1.453s] Level 1:colcon.colcon_core.package_identification:_identify(src/turtlebot3_simulations/turtlebot3_fake_node) by extension 'ros'
[1.455s] DEBUG:colcon.colcon_core.package_identification:Package 'src/turtlebot3_simulations/turtlebot3_fake_node' with type 'ros.ament_cmake' and name 'turtlebot3_fake_node'
[1.456s] Level 1:colcon.colcon_core.package_identification:_identify(src/turtlebot3_simulations/turtlebot3_gazebo) by extensions ['ignore', 'ignore_ament_install']
[1.457s] Level 1:colcon.colcon_core.package_identification:_identify(src/turtlebot3_simulations/turtlebot3_gazebo) by extension 'ignore'
[1.457s] Level 1:colcon.colcon_core.package_identification:_identify(src/turtlebot3_simulations/turtlebot3_gazebo) by extension 'ignore_ament_install'
[1.457s] Level 1:colcon.colcon_core.package_identification:_identify(src/turtlebot3_simulations/turtlebot3_gazebo) by extensions ['colcon_pkg']
[1.458s] Level 1:colcon.colcon_core.package_identification:_identify(src/turtlebot3_simulations/turtlebot3_gazebo) by extension 'colcon_pkg'
[1.458s] Level 1:colcon.colcon_core.package_identification:_identify(src/turtlebot3_simulations/turtlebot3_gazebo) by extensions ['colcon_meta']
[1.458s] Level 1:colcon.colcon_core.package_identification:_identify(src/turtlebot3_simulations/turtlebot3_gazebo) by extension 'colcon_meta'
[1.458s] Level 1:colcon.colcon_core.package_identification:_identify(src/turtlebot3_simulations/turtlebot3_gazebo) by extensions ['ros']
[1.458s] Level 1:colcon.colcon_core.package_identification:_identify(src/turtlebot3_simulations/turtlebot3_gazebo) by extension 'ros'
[1.461s] DEBUG:colcon.colcon_core.package_identification:Package 'src/turtlebot3_simulations/turtlebot3_gazebo' with type 'ros.ament_cmake' and name 'turtlebot3_gazebo'
[1.461s] Level 1:colcon.colcon_core.package_identification:_identify(src/turtlebot3_simulations/turtlebot3_simulations) by extensions ['ignore', 'ignore_ament_install']
[1.462s] Level 1:colcon.colcon_core.package_identification:_identify(src/turtlebot3_simulations/turtlebot3_simulations) by extension 'ignore'
[1.462s] Level 1:colcon.colcon_core.package_identification:_identify(src/turtlebot3_simulations/turtlebot3_simulations) by extension 'ignore_ament_install'
[1.462s] Level 1:colcon.colcon_core.package_identification:_identify(src/turtlebot3_simulations/turtlebot3_simulations) by extensions ['colcon_pkg']
[1.462s] Level 1:colcon.colcon_core.package_identification:_identify(src/turtlebot3_simulations/turtlebot3_simulations) by extension 'colcon_pkg'
[1.462s] Level 1:colcon.colcon_core.package_identification:_identify(src/turtlebot3_simulations/turtlebot3_simulations) by extensions ['colcon_meta']
[1.462s] Level 1:colcon.colcon_core.package_identification:_identify(src/turtlebot3_simulations/turtlebot3_simulations) by extension 'colcon_meta'
[1.462s] Level 1:colcon.colcon_core.package_identification:_identify(src/turtlebot3_simulations/turtlebot3_simulations) by extensions ['ros']
[1.462s] Level 1:colcon.colcon_core.package_identification:_identify(src/turtlebot3_simulations/turtlebot3_simulations) by extension 'ros'
[1.463s] DEBUG:colcon.colcon_core.package_identification:Package 'src/turtlebot3_simulations/turtlebot3_simulations' with type 'ros.ament_cmake' and name 'turtlebot3_simulations'
[1.464s] Level 1:colcon.colcon_core.package_identification:_identify(src/turtlebot3_trailer) by extensions ['ignore', 'ignore_ament_install']
[1.464s] Level 1:colcon.colcon_core.package_identification:_identify(src/turtlebot3_trailer) by extension 'ignore'
[1.464s] Level 1:colcon.colcon_core.package_identification:_identify(src/turtlebot3_trailer) by extension 'ignore_ament_install'
[1.464s] Level 1:colcon.colcon_core.package_identification:_identify(src/turtlebot3_trailer) by extensions ['colcon_pkg']
[1.464s] Level 1:colcon.colcon_core.package_identification:_identify(src/turtlebot3_trailer) by extension 'colcon_pkg'
[1.464s] Level 1:colcon.colcon_core.package_identification:_identify(src/turtlebot3_trailer) by extensions ['colcon_meta']
[1.464s] Level 1:colcon.colcon_core.package_identification:_identify(src/turtlebot3_trailer) by extension 'colcon_meta'
[1.464s] Level 1:colcon.colcon_core.package_identification:_identify(src/turtlebot3_trailer) by extensions ['ros']
[1.464s] Level 1:colcon.colcon_core.package_identification:_identify(src/turtlebot3_trailer) by extension 'ros'
[1.467s] DEBUG:colcon.colcon_core.package_identification:Package 'src/turtlebot3_trailer' with type 'ros.ament_python' and name 'turtlebot3_trailer'
[1.467s] Level 1:colcon.colcon_core.package_discovery:discover_packages(recursive) using defaults
[1.467s] Level 1:colcon.colcon_core.package_discovery:discover_packages(ignore) discover
[1.467s] Level 1:colcon.colcon_core.package_discovery:discover_packages(ignore) using defaults
[1.467s] Level 1:colcon.colcon_core.package_discovery:discover_packages(path) discover
[1.467s] Level 1:colcon.colcon_core.package_discovery:discover_packages(path) using defaults
[1.543s] Level 5:colcon.colcon_core.verb:set package 'crazyflie_interfaces' build argument 'cmake_args' from command line to 'None'
[1.543s] Level 5:colcon.colcon_core.verb:set package 'crazyflie_interfaces' build argument 'cmake_target' from command line to 'None'
[1.543s] Level 5:colcon.colcon_core.verb:set package 'crazyflie_interfaces' build argument 'cmake_target_skip_unavailable' from command line to 'False'
[1.543s] Level 5:colcon.colcon_core.verb:set package 'crazyflie_interfaces' build argument 'cmake_clean_cache' from command line to 'False'
[1.543s] Level 5:colcon.colcon_core.verb:set package 'crazyflie_interfaces' build argument 'cmake_clean_first' from command line to 'False'
[1.543s] Level 5:colcon.colcon_core.verb:set package 'crazyflie_interfaces' build argument 'cmake_force_configure' from command line to 'False'
[1.543s] Level 5:colcon.colcon_core.verb:set package 'crazyflie_interfaces' build argument 'ament_cmake_args' from command line to 'None'
[1.544s] Level 5:colcon.colcon_core.verb:set package 'crazyflie_interfaces' build argument 'catkin_cmake_args' from command line to 'None'
[1.544s] Level 5:colcon.colcon_core.verb:set package 'crazyflie_interfaces' build argument 'catkin_skip_building_tests' from command line to 'False'
[1.544s] DEBUG:colcon.colcon_core.verb:Building package 'crazyflie_interfaces' with the following arguments: {'ament_cmake_args': None, 'build_base': '/home/ubuntuuser/ros2_ws/build/crazyflie_interfaces', 'catkin_cmake_args': None, 'catkin_skip_building_tests': False, 'cmake_args': None, 'cmake_clean_cache': False, 'cmake_clean_first': False, 'cmake_force_configure': False, 'cmake_target': None, 'cmake_target_skip_unavailable': False, 'install_base': '/home/ubuntuuser/ros2_ws/install/crazyflie_interfaces', 'merge_install': False, 'path': '/home/ubuntuuser/ros2_ws/src/crazyswarm2/crazyflie_interfaces', 'symlink_install': False, 'test_result_base': None}
[1.544s] Level 5:colcon.colcon_core.verb:set package 'r7021e_exploration' build argument 'cmake_args' from command line to 'None'
[1.544s] Level 5:colcon.colcon_core.verb:set package 'r7021e_exploration' build argument 'cmake_target' from command line to 'None'
[1.545s] Level 5:colcon.colcon_core.verb:set package 'r7021e_exploration' build argument 'cmake_target_skip_unavailable' from command line to 'False'
[1.545s] Level 5:colcon.colcon_core.verb:set package 'r7021e_exploration' build argument 'cmake_clean_cache' from command line to 'False'
[1.545s] Level 5:colcon.colcon_core.verb:set package 'r7021e_exploration' build argument 'cmake_clean_first' from command line to 'False'
[1.545s] Level 5:colcon.colcon_core.verb:set package 'r7021e_exploration' build argument 'cmake_force_configure' from command line to 'False'
[1.545s] Level 5:colcon.colcon_core.verb:set package 'r7021e_exploration' build argument 'ament_cmake_args' from command line to 'None'
[1.546s] Level 5:colcon.colcon_core.verb:set package 'r7021e_exploration' build argument 'catkin_cmake_args' from command line to 'None'
[1.546s] Level 5:colcon.colcon_core.verb:set package 'r7021e_exploration' build argument 'catkin_skip_building_tests' from command line to 'False'
[1.546s] DEBUG:colcon.colcon_core.verb:Building package 'r7021e_exploration' with the following arguments: {'ament_cmake_args': None, 'build_base': '/home/ubuntuuser/ros2_ws/build/r7021e_exploration', 'catkin_cmake_args': None, 'catkin_skip_building_tests': False, 'cmake_args': None, 'cmake_clean_cache': False, 'cmake_clean_first': False, 'cmake_force_configure': False, 'cmake_target': None, 'cmake_target_skip_unavailable': False, 'install_base': '/home/ubuntuuser/ros2_ws/install/r7021e_exploration', 'merge_install': False, 'path': '/home/ubuntuuser/ros2_ws/src/r7021e_exploration', 'symlink_install': False, 'test_result_base': None}
[1.547s] Level 5:colcon.colcon_core.verb:set package 'turtlebot3_fake_node' build argument 'cmake_args' from command line to 'None'
[1.547s] Level 5:colcon.colcon_core.verb:set package 'turtlebot3_fake_node' build argument 'cmake_target' from command line to 'None'
[1.547s] Level 5:colcon.colcon_core.verb:set package 'turtlebot3_fake_node' build argument 'cmake_target_skip_unavailable' from command line to 'False'
[1.547s] Level 5:colcon.colcon_core.verb:set package 'turtlebot3_fake_node' build argument 'cmake_clean_cache' from command line to 'False'
[1.547s] Level 5:colcon.colcon_core.verb:set package 'turtlebot3_fake_node' build argument 'cmake_clean_first' from command line to 'False'
[1.547s] Level 5:colcon.colcon_core.verb:set package 'turtlebot3_fake_node' build argument 'cmake_force_configure' from command line to 'False'
[1.547s] Level 5:colcon.colcon_core.verb:set package 'turtlebot3_fake_node' build argument 'ament_cmake_args' from command line to 'None'
[1.547s] Level 5:colcon.colcon_core.verb:set package 'turtlebot3_fake_node' build argument 'catkin_cmake_args' from command line to 'None'
[1.547s] Level 5:colcon.colcon_core.verb:set package 'turtlebot3_fake_node' build argument 'catkin_skip_building_tests' from command line to 'False'
[1.548s] DEBUG:colcon.colcon_core.verb:Building package 'turtlebot3_fake_node' with the following arguments: {'ament_cmake_args': None, 'build_base': '/home/ubuntuuser/ros2_ws/build/turtlebot3_fake_node', 'catkin_cmake_args': None, 'catkin_skip_building_tests': False, 'cmake_args': None, 'cmake_clean_cache': False, 'cmake_clean_first': False, 'cmake_force_configure': False, 'cmake_target': None, 'cmake_target_skip_unavailable': False, 'install_base': '/home/ubuntuuser/ros2_ws/install/turtlebot3_fake_node', 'merge_install': False, 'path': '/home/ubuntuuser/ros2_ws/src/turtlebot3_simulations/turtlebot3_fake_node', 'symlink_install': False, 'test_result_base': None}
[1.548s] Level 5:colcon.colcon_core.verb:set package 'turtlebot3_gazebo' build argument 'cmake_args' from command line to 'None'
[1.548s] Level 5:colcon.colcon_core.verb:set package 'turtlebot3_gazebo' build argument 'cmake_target' from command line to 'None'
[1.548s] Level 5:colcon.colcon_core.verb:set package 'turtlebot3_gazebo' build argument 'cmake_target_skip_unavailable' from command line to 'False'
[1.548s] Level 5:colcon.colcon_core.verb:set package 'turtlebot3_gazebo' build argument 'cmake_clean_cache' from command line to 'False'
[1.548s] Level 5:colcon.colcon_core.verb:set package 'turtlebot3_gazebo' build argument 'cmake_clean_first' from command line to 'False'
[1.549s] Level 5:colcon.colcon_core.verb:set package 'turtlebot3_gazebo' build argument 'cmake_force_configure' from command line to 'False'
[1.549s] Level 5:colcon.colcon_core.verb:set package 'turtlebot3_gazebo' build argument 'ament_cmake_args' from command line to 'None'
[1.549s] Level 5:colcon.colcon_core.verb:set package 'turtlebot3_gazebo' build argument 'catkin_cmake_args' from command line to 'None'
[1.549s] Level 5:colcon.colcon_core.verb:set package 'turtlebot3_gazebo' build argument 'catkin_skip_building_tests' from command line to 'False'
[1.549s] DEBUG:colcon.colcon_core.verb:Building package 'turtlebot3_gazebo' with the following arguments: {'ament_cmake_args': None, 'build_base': '/home/ubuntuuser/ros2_ws/build/turtlebot3_gazebo', 'catkin_cmake_args': None, 'catkin_skip_building_tests': False, 'cmake_args': None, 'cmake_clean_cache': False, 'cmake_clean_first': False, 'cmake_force_configure': False, 'cmake_target': None, 'cmake_target_skip_unavailable': False, 'install_base': '/home/ubuntuuser/ros2_ws/install/turtlebot3_gazebo', 'merge_install': False, 'path': '/home/ubuntuuser/ros2_ws/src/turtlebot3_simulations/turtlebot3_gazebo', 'symlink_install': False, 'test_result_base': None}
[1.550s] Level 5:colcon.colcon_core.verb:set package 'turtlebot3_trailer' build argument 'cmake_args' from command line to 'None'
[1.550s] Level 5:colcon.colcon_core.verb:set package 'turtlebot3_trailer' build argument 'cmake_target' from command line to 'None'
[1.550s] Level 5:colcon.colcon_core.verb:set package 'turtlebot3_trailer' build argument 'cmake_target_skip_unavailable' from command line to 'False'
[1.550s] Level 5:colcon.colcon_core.verb:set package 'turtlebot3_trailer' build argument 'cmake_clean_cache' from command line to 'False'
[1.550s] Level 5:colcon.colcon_core.verb:set package 'turtlebot3_trailer' build argument 'cmake_clean_first' from command line to 'False'
[1.551s] Level 5:colcon.colcon_core.verb:set package 'turtlebot3_trailer' build argument 'cmake_force_configure' from command line to 'False'
[1.551s] Level 5:colcon.colcon_core.verb:set package 'turtlebot3_trailer' build argument 'ament_cmake_args' from command line to 'None'
[1.551s] Level 5:colcon.colcon_core.verb:set package 'turtlebot3_trailer' build argument 'catkin_cmake_args' from command line to 'None'
[1.551s] Level 5:colcon.colcon_core.verb:set package 'turtlebot3_trailer' build argument 'catkin_skip_building_tests' from command line to 'False'
[1.551s] DEBUG:colcon.colcon_core.verb:Building package 'turtlebot3_trailer' with the following arguments: {'ament_cmake_args': None, 'build_base': '/home/ubuntuuser/ros2_ws/build/turtlebot3_trailer', 'catkin_cmake_args': None, 'catkin_skip_building_tests': False, 'cmake_args': None, 'cmake_clean_cache': False, 'cmake_clean_first': False, 'cmake_force_configure': False, 'cmake_target': None, 'cmake_target_skip_unavailable': False, 'install_base': '/home/ubuntuuser/ros2_ws/install/turtlebot3_trailer', 'merge_install': False, 'path': '/home/ubuntuuser/ros2_ws/src/turtlebot3_trailer', 'symlink_install': False, 'test_result_base': None}
[1.552s] Level 5:colcon.colcon_core.verb:set package 'crazyflie' build argument 'cmake_args' from command line to 'None'
[1.552s] Level 5:colcon.colcon_core.verb:set package 'crazyflie' build argument 'cmake_target' from command line to 'None'
[1.552s] Level 5:colcon.colcon_core.verb:set package 'crazyflie' build argument 'cmake_target_skip_unavailable' from command line to 'False'
[1.552s] Level 5:colcon.colcon_core.verb:set package 'crazyflie' build argument 'cmake_clean_cache' from command line to 'False'
[1.552s] Level 5:colcon.colcon_core.verb:set package 'crazyflie' build argument 'cmake_clean_first' from command line to 'False'
[1.552s] Level 5:colcon.colcon_core.verb:set package 'crazyflie' build argument 'cmake_force_configure' from command line to 'False'
[1.552s] Level 5:colcon.colcon_core.verb:set package 'crazyflie' build argument 'ament_cmake_args' from command line to 'None'
[1.552s] Level 5:colcon.colcon_core.verb:set package 'crazyflie' build argument 'catkin_cmake_args' from command line to 'None'
[1.552s] Level 5:colcon.colcon_core.verb:set package 'crazyflie' build argument 'catkin_skip_building_tests' from command line to 'False'
[1.552s] DEBUG:colcon.colcon_core.verb:Building package 'crazyflie' with the following arguments: {'ament_cmake_args': None, 'build_base': '/home/ubuntuuser/ros2_ws/build/crazyflie', 'catkin_cmake_args': None, 'catkin_skip_building_tests': False, 'cmake_args': None, 'cmake_clean_cache': False, 'cmake_clean_first': False, 'cmake_force_configure': False, 'cmake_target': None, 'cmake_target_skip_unavailable': False, 'install_base': '/home/ubuntuuser/ros2_ws/install/crazyflie', 'merge_install': False, 'path': '/home/ubuntuuser/ros2_ws/src/crazyswarm2/crazyflie', 'symlink_install': False, 'test_result_base': None}
[1.553s] Level 5:colcon.colcon_core.verb:set package 'crazyflie_py' build argument 'cmake_args' from command line to 'None'
[1.553s] Level 5:colcon.colcon_core.verb:set package 'crazyflie_py' build argument 'cmake_target' from command line to 'None'
[1.553s] Level 5:colcon.colcon_core.verb:set package 'crazyflie_py' build argument 'cmake_target_skip_unavailable' from command line to 'False'
[1.553s] Level 5:colcon.colcon_core.verb:set package 'crazyflie_py' build argument 'cmake_clean_cache' from command line to 'False'
[1.553s] Level 5:colcon.colcon_core.verb:set package 'crazyflie_py' build argument 'cmake_clean_first' from command line to 'False'
[1.553s] Level 5:colcon.colcon_core.verb:set package 'crazyflie_py' build argument 'cmake_force_configure' from command line to 'False'
[1.553s] Level 5:colcon.colcon_core.verb:set package 'crazyflie_py' build argument 'ament_cmake_args' from command line to 'None'
[1.553s] Level 5:colcon.colcon_core.verb:set package 'crazyflie_py' build argument 'catkin_cmake_args' from command line to 'None'
[1.553s] Level 5:colcon.colcon_core.verb:set package 'crazyflie_py' build argument 'catkin_skip_building_tests' from command line to 'False'
[1.553s] DEBUG:colcon.colcon_core.verb:Building package 'crazyflie_py' with the following arguments: {'ament_cmake_args': None, 'build_base': '/home/ubuntuuser/ros2_ws/build/crazyflie_py', 'catkin_cmake_args': None, 'catkin_skip_building_tests': False, 'cmake_args': None, 'cmake_clean_cache': False, 'cmake_clean_first': False, 'cmake_force_configure': False, 'cmake_target': None, 'cmake_target_skip_unavailable': False, 'install_base': '/home/ubuntuuser/ros2_ws/install/crazyflie_py', 'merge_install': False, 'path': '/home/ubuntuuser/ros2_ws/src/crazyswarm2/crazyflie_py', 'symlink_install': False, 'test_result_base': None}
[1.555s] Level 5:colcon.colcon_core.verb:set package 'crazyflie_sim' build argument 'cmake_args' from command line to 'None'
[1.555s] Level 5:colcon.colcon_core.verb:set package 'crazyflie_sim' build argument 'cmake_target' from command line to 'None'
[1.555s] Level 5:colcon.colcon_core.verb:set package 'crazyflie_sim' build argument 'cmake_target_skip_unavailable' from command line to 'False'
[1.555s] Level 5:colcon.colcon_core.verb:set package 'crazyflie_sim' build argument 'cmake_clean_cache' from command line to 'False'
[1.555s] Level 5:colcon.colcon_core.verb:set package 'crazyflie_sim' build argument 'cmake_clean_first' from command line to 'False'
[1.556s] Level 5:colcon.colcon_core.verb:set package 'crazyflie_sim' build argument 'cmake_force_configure' from command line to 'False'
[1.556s] Level 5:colcon.colcon_core.verb:set package 'crazyflie_sim' build argument 'ament_cmake_args' from command line to 'None'
[1.556s] Level 5:colcon.colcon_core.verb:set package 'crazyflie_sim' build argument 'catkin_cmake_args' from command line to 'None'
[1.556s] Level 5:colcon.colcon_core.verb:set package 'crazyflie_sim' build argument 'catkin_skip_building_tests' from command line to 'False'
[1.556s] DEBUG:colcon.colcon_core.verb:Building package 'crazyflie_sim' with the following arguments: {'ament_cmake_args': None, 'build_base': '/home/ubuntuuser/ros2_ws/build/crazyflie_sim', 'catkin_cmake_args': None, 'catkin_skip_building_tests': False, 'cmake_args': None, 'cmake_clean_cache': False, 'cmake_clean_first': False, 'cmake_force_configure': False, 'cmake_target': None, 'cmake_target_skip_unavailable': False, 'install_base': '/home/ubuntuuser/ros2_ws/install/crazyflie_sim', 'merge_install': False, 'path': '/home/ubuntuuser/ros2_ws/src/crazyswarm2/crazyflie_sim', 'symlink_install': False, 'test_result_base': None}
[1.556s] Level 5:colcon.colcon_core.verb:set package 'turtlebot3_simulations' build argument 'cmake_args' from command line to 'None'
[1.556s] Level 5:colcon.colcon_core.verb:set package 'turtlebot3_simulations' build argument 'cmake_target' from command line to 'None'
[1.556s] Level 5:colcon.colcon_core.verb:set package 'turtlebot3_simulations' build argument 'cmake_target_skip_unavailable' from command line to 'False'
[1.556s] Level 5:colcon.colcon_core.verb:set package 'turtlebot3_simulations' build argument 'cmake_clean_cache' from command line to 'False'
[1.556s] Level 5:colcon.colcon_core.verb:set package 'turtlebot3_simulations' build argument 'cmake_clean_first' from command line to 'False'
[1.556s] Level 5:colcon.colcon_core.verb:set package 'turtlebot3_simulations' build argument 'cmake_force_configure' from command line to 'False'
[1.556s] Level 5:colcon.colcon_core.verb:set package 'turtlebot3_simulations' build argument 'ament_cmake_args' from command line to 'None'
[1.556s] Level 5:colcon.colcon_core.verb:set package 'turtlebot3_simulations' build argument 'catkin_cmake_args' from command line to 'None'
[1.556s] Level 5:colcon.colcon_core.verb:set package 'turtlebot3_simulations' build argument 'catkin_skip_building_tests' from command line to 'False'
[1.556s] DEBUG:colcon.colcon_core.verb:Building package 'turtlebot3_simulations' with the following arguments: {'ament_cmake_args': None, 'build_base': '/home/ubuntuuser/ros2_ws/build/turtlebot3_simulations', 'catkin_cmake_args': None, 'catkin_skip_building_tests': False, 'cmake_args': None, 'cmake_clean_cache': False, 'cmake_clean_first': False, 'cmake_force_configure': False, 'cmake_target': None, 'cmake_target_skip_unavailable': False, 'install_base': '/home/ubuntuuser/ros2_ws/install/turtlebot3_simulations', 'merge_install': False, 'path': '/home/ubuntuuser/ros2_ws/src/turtlebot3_simulations/turtlebot3_simulations', 'symlink_install': False, 'test_result_base': None}
[1.557s] Level 5:colcon.colcon_core.verb:set package 'crazyflie_examples' build argument 'cmake_args' from command line to 'None'
[1.557s] Level 5:colcon.colcon_core.verb:set package 'crazyflie_examples' build argument 'cmake_target' from command line to 'None'
[1.557s] Level 5:colcon.colcon_core.verb:set package 'crazyflie_examples' build argument 'cmake_target_skip_unavailable' from command line to 'False'
[1.557s] Level 5:colcon.colcon_core.verb:set package 'crazyflie_examples' build argument 'cmake_clean_cache' from command line to 'False'
[1.557s] Level 5:colcon.colcon_core.verb:set package 'crazyflie_examples' build argument 'cmake_clean_first' from command line to 'False'
[1.557s] Level 5:colcon.colcon_core.verb:set package 'crazyflie_examples' build argument 'cmake_force_configure' from command line to 'False'
[1.557s] Level 5:colcon.colcon_core.verb:set package 'crazyflie_examples' build argument 'ament_cmake_args' from command line to 'None'
[1.557s] Level 5:colcon.colcon_core.verb:set package 'crazyflie_examples' build argument 'catkin_cmake_args' from command line to 'None'
[1.558s] Level 5:colcon.colcon_core.verb:set package 'crazyflie_examples' build argument 'catkin_skip_building_tests' from command line to 'False'
[1.558s] DEBUG:colcon.colcon_core.verb:Building package 'crazyflie_examples' with the following arguments: {'ament_cmake_args': None, 'build_base': '/home/ubuntuuser/ros2_ws/build/crazyflie_examples', 'catkin_cmake_args': None, 'catkin_skip_building_tests': False, 'cmake_args': None, 'cmake_clean_cache': False, 'cmake_clean_first': False, 'cmake_force_configure': False, 'cmake_target': None, 'cmake_target_skip_unavailable': False, 'install_base': '/home/ubuntuuser/ros2_ws/install/crazyflie_examples', 'merge_install': False, 'path': '/home/ubuntuuser/ros2_ws/src/crazyswarm2/crazyflie_examples', 'symlink_install': False, 'test_result_base': None}
[1.558s] INFO:colcon.colcon_core.executor:Executing jobs using 'parallel' executor
[1.560s] DEBUG:colcon.colcon_parallel_executor.executor.parallel:run_until_complete
[1.560s] INFO:colcon.colcon_ros.task.ament_cmake.build:Building ROS package in '/home/ubuntuuser/ros2_ws/src/crazyswarm2/crazyflie_interfaces' with build type 'ament_cmake'
[1.560s] INFO:colcon.colcon_cmake.task.cmake.build:Building CMake package in '/home/ubuntuuser/ros2_ws/src/crazyswarm2/crazyflie_interfaces'
[1.574s] INFO:colcon.colcon_core.plugin_system:Skipping extension 'colcon_core.shell.bat': Not used on non-Windows systems
[1.575s] INFO:colcon.colcon_core.shell:Skip shell extension 'powershell' for command environment: Not usable outside of PowerShell
[1.575s] DEBUG:colcon.colcon_core.shell:Skip shell extension 'dsv' for command environment
[1.614s] INFO:colcon.colcon_ros.task.ament_cmake.build:Building ROS package in '/home/ubuntuuser/ros2_ws/src/turtlebot3_simulations/turtlebot3_fake_node' with build type 'ament_cmake'
[1.614s] INFO:colcon.colcon_cmake.task.cmake.build:Building CMake package in '/home/ubuntuuser/ros2_ws/src/turtlebot3_simulations/turtlebot3_fake_node'
[1.614s] INFO:colcon.colcon_core.shell:Skip shell extension 'powershell' for command environment: Not usable outside of PowerShell
[1.614s] DEBUG:colcon.colcon_core.shell:Skip shell extension 'dsv' for command environment
[1.641s] INFO:colcon.colcon_ros.task.ament_cmake.build:Building ROS package in '/home/ubuntuuser/ros2_ws/src/turtlebot3_simulations/turtlebot3_gazebo' with build type 'ament_cmake'
[1.642s] INFO:colcon.colcon_cmake.task.cmake.build:Building CMake package in '/home/ubuntuuser/ros2_ws/src/turtlebot3_simulations/turtlebot3_gazebo'
[1.642s] INFO:colcon.colcon_core.shell:Skip shell extension 'powershell' for command environment: Not usable outside of PowerShell
[1.642s] DEBUG:colcon.colcon_core.shell:Skip shell extension 'dsv' for command environment
[1.664s] INFO:colcon.colcon_ros.task.ament_python.build:Building ROS package in '/home/ubuntuuser/ros2_ws/src/r7021e_exploration' with build type 'ament_python'
[1.664s] Level 1:colcon.colcon_core.shell:create_environment_hook('r7021e_exploration', 'ament_prefix_path')
[1.666s] INFO:colcon.colcon_core.shell:Creating environment hook '/home/ubuntuuser/ros2_ws/install/r7021e_exploration/share/r7021e_exploration/hook/ament_prefix_path.ps1'
[1.667s] INFO:colcon.colcon_core.shell:Creating environment descriptor '/home/ubuntuuser/ros2_ws/install/r7021e_exploration/share/r7021e_exploration/hook/ament_prefix_path.dsv'
[1.676s] INFO:colcon.colcon_core.shell:Creating environment hook '/home/ubuntuuser/ros2_ws/install/r7021e_exploration/share/r7021e_exploration/hook/ament_prefix_path.sh'
[1.686s] INFO:colcon.colcon_core.shell:Skip shell extension 'powershell' for command environment: Not usable outside of PowerShell
[1.686s] DEBUG:colcon.colcon_core.shell:Skip shell extension 'dsv' for command environment
[1.742s] DEBUG:colcon.colcon_core.event_handler.log_command:Invoking command in '/home/ubuntuuser/ros2_ws/build/crazyflie_interfaces': CMAKE_PREFIX_PATH=${CMAKE_PREFIX_PATH}:/home/ubuntuuser/ros2_ws/install/turtlebot3_trailer:/home/ubuntuuser/ros2_ws/install/r7021e_exploration:/home/ubuntuuser/ros2_ws/install/crazyflie_py:/opt/ros/jazzy DEBUGINFOD_URLS=https://debuginfod.ubuntu.com PS1=(.venv) \[\e]0;\u@\h: \w\a\]${debian_chroot:+($debian_chroot)}\[\033[01;32m\]\u@\h\[\033[00m\]:\[\033[01;34m\]\w\[\033[00m\]\$ VIRTUAL_ENV_PROMPT=(.venv) /usr/bin/cmake --build /home/ubuntuuser/ros2_ws/build/crazyflie_interfaces -- -j4 -l4
[1.765s] DEBUG:colcon.colcon_core.event_handler.log_command:Invoking command in '/home/ubuntuuser/ros2_ws/build/turtlebot3_fake_node': CMAKE_PREFIX_PATH=${CMAKE_PREFIX_PATH}:/home/ubuntuuser/ros2_ws/install/turtlebot3_trailer:/home/ubuntuuser/ros2_ws/install/r7021e_exploration:/home/ubuntuuser/ros2_ws/install/crazyflie_py:/opt/ros/jazzy DEBUGINFOD_URLS=https://debuginfod.ubuntu.com PS1=(.venv) \[\e]0;\u@\h: \w\a\]${debian_chroot:+($debian_chroot)}\[\033[01;32m\]\u@\h\[\033[00m\]:\[\033[01;34m\]\w\[\033[00m\]\$ VIRTUAL_ENV_PROMPT=(.venv) /usr/bin/cmake --build /home/ubuntuuser/ros2_ws/build/turtlebot3_fake_node -- -j4 -l4
[1.787s] DEBUG:colcon.colcon_core.event_handler.log_command:Invoking command in '/home/ubuntuuser/ros2_ws/build/turtlebot3_gazebo': CMAKE_PREFIX_PATH=${CMAKE_PREFIX_PATH}:/home/ubuntuuser/ros2_ws/install/turtlebot3_trailer:/home/ubuntuuser/ros2_ws/install/r7021e_exploration:/home/ubuntuuser/ros2_ws/install/crazyflie_py:/opt/ros/jazzy DEBUGINFOD_URLS=https://debuginfod.ubuntu.com PS1=(.venv) \[\e]0;\u@\h: \w\a\]${debian_chroot:+($debian_chroot)}\[\033[01;32m\]\u@\h\[\033[00m\]:\[\033[01;34m\]\w\[\033[00m\]\$ VIRTUAL_ENV_PROMPT=(.venv) /usr/bin/cmake --build /home/ubuntuuser/ros2_ws/build/turtlebot3_gazebo -- -j4 -l4
[3.095s] INFO:colcon.colcon_core.task.python.build:Building Python package in '/home/ubuntuuser/ros2_ws/src/r7021e_exploration'
[3.096s] INFO:colcon.colcon_core.shell:Skip shell extension 'powershell' for command environment: Not usable outside of PowerShell
[3.096s] DEBUG:colcon.colcon_core.shell:Skip shell extension 'dsv' for command environment
[3.117s] DEBUG:colcon.colcon_core.event_handler.log_command:Invoked command in '/home/ubuntuuser/ros2_ws/build/turtlebot3_gazebo' returned '0': CMAKE_PREFIX_PATH=${CMAKE_PREFIX_PATH}:/home/ubuntuuser/ros2_ws/install/turtlebot3_trailer:/home/ubuntuuser/ros2_ws/install/r7021e_exploration:/home/ubuntuuser/ros2_ws/install/crazyflie_py:/opt/ros/jazzy DEBUGINFOD_URLS=https://debuginfod.ubuntu.com PS1=(.venv) \[\e]0;\u@\h: \w\a\]${debian_chroot:+($debian_chroot)}\[\033[01;32m\]\u@\h\[\033[00m\]:\[\033[01;34m\]\w\[\033[00m\]\$ VIRTUAL_ENV_PROMPT=(.venv) /usr/bin/cmake --build /home/ubuntuuser/ros2_ws/build/turtlebot3_gazebo -- -j4 -l4
[3.226s] DEBUG:colcon.colcon_core.event_handler.log_command:Invoking command in '/home/ubuntuuser/ros2_ws/build/turtlebot3_gazebo': CMAKE_PREFIX_PATH=${CMAKE_PREFIX_PATH}:/home/ubuntuuser/ros2_ws/install/turtlebot3_trailer:/home/ubuntuuser/ros2_ws/install/r7021e_exploration:/home/ubuntuuser/ros2_ws/install/crazyflie_py:/opt/ros/jazzy DEBUGINFOD_URLS=https://debuginfod.ubuntu.com PS1=(.venv) \[\e]0;\u@\h: \w\a\]${debian_chroot:+($debian_chroot)}\[\033[01;32m\]\u@\h\[\033[00m\]:\[\033[01;34m\]\w\[\033[00m\]\$ VIRTUAL_ENV_PROMPT=(.venv) /usr/bin/cmake --install /home/ubuntuuser/ros2_ws/build/turtlebot3_gazebo
[3.229s] DEBUG:colcon.colcon_core.event_handler.log_command:Invoked command in '/home/ubuntuuser/ros2_ws/build/turtlebot3_fake_node' returned '0': CMAKE_PREFIX_PATH=${CMAKE_PREFIX_PATH}:/home/ubuntuuser/ros2_ws/install/turtlebot3_trailer:/home/ubuntuuser/ros2_ws/install/r7021e_exploration:/home/ubuntuuser/ros2_ws/install/crazyflie_py:/opt/ros/jazzy DEBUGINFOD_URLS=https://debuginfod.ubuntu.com PS1=(.venv) \[\e]0;\u@\h: \w\a\]${debian_chroot:+($debian_chroot)}\[\033[01;32m\]\u@\h\[\033[00m\]:\[\033[01;34m\]\w\[\033[00m\]\$ VIRTUAL_ENV_PROMPT=(.venv) /usr/bin/cmake --build /home/ubuntuuser/ros2_ws/build/turtlebot3_fake_node -- -j4 -l4
[3.242s] DEBUG:colcon.colcon_core.event_handler.log_command:Invoking command in '/home/ubuntuuser/ros2_ws/build/turtlebot3_fake_node': CMAKE_PREFIX_PATH=${CMAKE_PREFIX_PATH}:/home/ubuntuuser/ros2_ws/install/turtlebot3_trailer:/home/ubuntuuser/ros2_ws/install/r7021e_exploration:/home/ubuntuuser/ros2_ws/install/crazyflie_py:/opt/ros/jazzy DEBUGINFOD_URLS=https://debuginfod.ubuntu.com PS1=(.venv) \[\e]0;\u@\h: \w\a\]${debian_chroot:+($debian_chroot)}\[\033[01;32m\]\u@\h\[\033[00m\]:\[\033[01;34m\]\w\[\033[00m\]\$ VIRTUAL_ENV_PROMPT=(.venv) /usr/bin/cmake --install /home/ubuntuuser/ros2_ws/build/turtlebot3_fake_node
[3.331s] Level 1:colcon.colcon_core.environment:create_environment_scripts_only(turtlebot3_fake_node)
[3.423s] DEBUG:colcon.colcon_core.event_handler.log_command:Invoked command in '/home/ubuntuuser/ros2_ws/build/turtlebot3_fake_node' returned '0': CMAKE_PREFIX_PATH=${CMAKE_PREFIX_PATH}:/home/ubuntuuser/ros2_ws/install/turtlebot3_trailer:/home/ubuntuuser/ros2_ws/install/r7021e_exploration:/home/ubuntuuser/ros2_ws/install/crazyflie_py:/opt/ros/jazzy DEBUGINFOD_URLS=https://debuginfod.ubuntu.com PS1=(.venv) \[\e]0;\u@\h: \w\a\]${debian_chroot:+($debian_chroot)}\[\033[01;32m\]\u@\h\[\033[00m\]:\[\033[01;34m\]\w\[\033[00m\]\$ VIRTUAL_ENV_PROMPT=(.venv) /usr/bin/cmake --install /home/ubuntuuser/ros2_ws/build/turtlebot3_fake_node
[3.448s] Level 1:colcon.colcon_core.environment:checking '/home/ubuntuuser/ros2_ws/install/turtlebot3_fake_node' for CMake module files
[3.458s] Level 1:colcon.colcon_core.environment:checking '/home/ubuntuuser/ros2_ws/install/turtlebot3_fake_node' for CMake config files
[3.464s] Level 1:colcon.colcon_core.shell:create_environment_hook('turtlebot3_fake_node', 'cmake_prefix_path')
[3.465s] INFO:colcon.colcon_core.shell:Creating environment hook '/home/ubuntuuser/ros2_ws/install/turtlebot3_fake_node/share/turtlebot3_fake_node/hook/cmake_prefix_path.ps1'
[3.476s] INFO:colcon.colcon_core.shell:Creating environment descriptor '/home/ubuntuuser/ros2_ws/install/turtlebot3_fake_node/share/turtlebot3_fake_node/hook/cmake_prefix_path.dsv'
[3.487s] INFO:colcon.colcon_core.shell:Creating environment hook '/home/ubuntuuser/ros2_ws/install/turtlebot3_fake_node/share/turtlebot3_fake_node/hook/cmake_prefix_path.sh'
[3.496s] Level 1:colcon.colcon_core.environment:checking '/home/ubuntuuser/ros2_ws/install/turtlebot3_fake_node/lib'
[3.503s] Level 1:colcon.colcon_core.environment:checking '/home/ubuntuuser/ros2_ws/install/turtlebot3_fake_node/bin'
[3.503s] Level 1:colcon.colcon_core.environment:checking '/home/ubuntuuser/ros2_ws/install/turtlebot3_fake_node/lib/pkgconfig/turtlebot3_fake_node.pc'
[3.505s] Level 1:colcon.colcon_core.environment:checking '/home/ubuntuuser/ros2_ws/install/turtlebot3_fake_node/lib/python3.12/site-packages'
[3.505s] Level 1:colcon.colcon_core.environment:checking '/home/ubuntuuser/ros2_ws/install/turtlebot3_fake_node/bin'
[3.513s] INFO:colcon.colcon_core.shell:Creating package script '/home/ubuntuuser/ros2_ws/install/turtlebot3_fake_node/share/turtlebot3_fake_node/package.ps1'
[3.521s] INFO:colcon.colcon_core.shell:Creating package descriptor '/home/ubuntuuser/ros2_ws/install/turtlebot3_fake_node/share/turtlebot3_fake_node/package.dsv'
[3.531s] INFO:colcon.colcon_core.shell:Creating package script '/home/ubuntuuser/ros2_ws/install/turtlebot3_fake_node/share/turtlebot3_fake_node/package.sh'
[3.542s] INFO:colcon.colcon_core.shell:Creating package script '/home/ubuntuuser/ros2_ws/install/turtlebot3_fake_node/share/turtlebot3_fake_node/package.bash'
[3.555s] INFO:colcon.colcon_core.shell:Creating package script '/home/ubuntuuser/ros2_ws/install/turtlebot3_fake_node/share/turtlebot3_fake_node/package.zsh'
[3.562s] Level 1:colcon.colcon_core.environment:create_file_with_runtime_dependencies(/home/ubuntuuser/ros2_ws/install/turtlebot3_fake_node/share/colcon-core/packages/turtlebot3_fake_node)
[3.567s] Level 1:colcon.colcon_core.environment:create_environment_scripts_only(turtlebot3_fake_node)
[3.572s] Level 1:colcon.colcon_core.environment:checking '/home/ubuntuuser/ros2_ws/install/turtlebot3_fake_node' for CMake module files
[3.575s] Level 1:colcon.colcon_core.environment:checking '/home/ubuntuuser/ros2_ws/install/turtlebot3_fake_node' for CMake config files
[3.576s] Level 1:colcon.colcon_core.shell:create_environment_hook('turtlebot3_fake_node', 'cmake_prefix_path')
[3.579s] INFO:colcon.colcon_core.shell:Creating environment hook '/home/ubuntuuser/ros2_ws/install/turtlebot3_fake_node/share/turtlebot3_fake_node/hook/cmake_prefix_path.ps1'
[3.584s] INFO:colcon.colcon_core.shell:Creating environment descriptor '/home/ubuntuuser/ros2_ws/install/turtlebot3_fake_node/share/turtlebot3_fake_node/hook/cmake_prefix_path.dsv'
[3.591s] INFO:colcon.colcon_core.shell:Creating environment hook '/home/ubuntuuser/ros2_ws/install/turtlebot3_fake_node/share/turtlebot3_fake_node/hook/cmake_prefix_path.sh'
[3.602s] Level 1:colcon.colcon_core.environment:checking '/home/ubuntuuser/ros2_ws/install/turtlebot3_fake_node/lib'
[3.602s] Level 1:colcon.colcon_core.environment:checking '/home/ubuntuuser/ros2_ws/install/turtlebot3_fake_node/bin'
[3.602s] Level 1:colcon.colcon_core.environment:checking '/home/ubuntuuser/ros2_ws/install/turtlebot3_fake_node/lib/pkgconfig/turtlebot3_fake_node.pc'
[3.603s] Level 1:colcon.colcon_core.environment:checking '/home/ubuntuuser/ros2_ws/install/turtlebot3_fake_node/lib/python3.12/site-packages'
[3.603s] Level 1:colcon.colcon_core.environment:checking '/home/ubuntuuser/ros2_ws/install/turtlebot3_fake_node/bin'
[3.604s] INFO:colcon.colcon_core.shell:Creating package script '/home/ubuntuuser/ros2_ws/install/turtlebot3_fake_node/share/turtlebot3_fake_node/package.ps1'
[3.613s] INFO:colcon.colcon_core.shell:Creating package descriptor '/home/ubuntuuser/ros2_ws/install/turtlebot3_fake_node/share/turtlebot3_fake_node/package.dsv'
[3.620s] INFO:colcon.colcon_core.shell:Creating package script '/home/ubuntuuser/ros2_ws/install/turtlebot3_fake_node/share/turtlebot3_fake_node/package.sh'
[3.627s] INFO:colcon.colcon_core.shell:Creating package script '/home/ubuntuuser/ros2_ws/install/turtlebot3_fake_node/share/turtlebot3_fake_node/package.bash'
[3.633s] INFO:colcon.colcon_core.shell:Creating package script '/home/ubuntuuser/ros2_ws/install/turtlebot3_fake_node/share/turtlebot3_fake_node/package.zsh'
[3.636s] Level 1:colcon.colcon_core.environment:create_file_with_runtime_dependencies(/home/ubuntuuser/ros2_ws/install/turtlebot3_fake_node/share/colcon-core/packages/turtlebot3_fake_node)
[3.643s] INFO:colcon.colcon_ros.task.ament_python.build:Building ROS package in '/home/ubuntuuser/ros2_ws/src/turtlebot3_trailer' with build type 'ament_python'
[3.643s] Level 1:colcon.colcon_core.shell:create_environment_hook('turtlebot3_trailer', 'ament_prefix_path')
[3.643s] INFO:colcon.colcon_core.shell:Creating environment hook '/home/ubuntuuser/ros2_ws/install/turtlebot3_trailer/share/turtlebot3_trailer/hook/ament_prefix_path.ps1'
[3.649s] INFO:colcon.colcon_core.shell:Creating environment descriptor '/home/ubuntuuser/ros2_ws/install/turtlebot3_trailer/share/turtlebot3_trailer/hook/ament_prefix_path.dsv'
[3.655s] INFO:colcon.colcon_core.shell:Creating environment hook '/home/ubuntuuser/ros2_ws/install/turtlebot3_trailer/share/turtlebot3_trailer/hook/ament_prefix_path.sh'
[3.662s] INFO:colcon.colcon_core.shell:Skip shell extension 'powershell' for command environment: Not usable outside of PowerShell
[3.662s] DEBUG:colcon.colcon_core.shell:Skip shell extension 'dsv' for command environment
[3.677s] Level 1:colcon.colcon_core.environment:create_environment_scripts_only(turtlebot3_gazebo)
[3.677s] Level 1:colcon.colcon_core.environment:checking '/home/ubuntuuser/ros2_ws/install/turtlebot3_gazebo' for CMake module files
[3.678s] Level 1:colcon.colcon_core.environment:checking '/home/ubuntuuser/ros2_ws/install/turtlebot3_gazebo' for CMake config files
[3.679s] DEBUG:colcon.colcon_core.event_handler.log_command:Invoked command in '/home/ubuntuuser/ros2_ws/build/turtlebot3_gazebo' returned '0': CMAKE_PREFIX_PATH=${CMAKE_PREFIX_PATH}:/home/ubuntuuser/ros2_ws/install/turtlebot3_trailer:/home/ubuntuuser/ros2_ws/install/r7021e_exploration:/home/ubuntuuser/ros2_ws/install/crazyflie_py:/opt/ros/jazzy DEBUGINFOD_URLS=https://debuginfod.ubuntu.com PS1=(.venv) \[\e]0;\u@\h: \w\a\]${debian_chroot:+($debian_chroot)}\[\033[01;32m\]\u@\h\[\033[00m\]:\[\033[01;34m\]\w\[\033[00m\]\$ VIRTUAL_ENV_PROMPT=(.venv) /usr/bin/cmake --install /home/ubuntuuser/ros2_ws/build/turtlebot3_gazebo
[3.683s] Level 1:colcon.colcon_core.shell:create_environment_hook('turtlebot3_gazebo', 'cmake_prefix_path')
[3.684s] INFO:colcon.colcon_core.shell:Creating environment hook '/home/ubuntuuser/ros2_ws/install/turtlebot3_gazebo/share/turtlebot3_gazebo/hook/cmake_prefix_path.ps1'
[3.694s] INFO:colcon.colcon_core.shell:Creating environment descriptor '/home/ubuntuuser/ros2_ws/install/turtlebot3_gazebo/share/turtlebot3_gazebo/hook/cmake_prefix_path.dsv'
[3.698s] INFO:colcon.colcon_core.shell:Creating environment hook '/home/ubuntuuser/ros2_ws/install/turtlebot3_gazebo/share/turtlebot3_gazebo/hook/cmake_prefix_path.sh'
[3.702s] Level 1:colcon.colcon_core.environment:checking '/home/ubuntuuser/ros2_ws/install/turtlebot3_gazebo/lib'
[3.702s] Level 1:colcon.colcon_core.environment:checking '/home/ubuntuuser/ros2_ws/install/turtlebot3_gazebo/bin'
[3.703s] Level 1:colcon.colcon_core.environment:checking '/home/ubuntuuser/ros2_ws/install/turtlebot3_gazebo/lib/pkgconfig/turtlebot3_gazebo.pc'
[3.703s] Level 1:colcon.colcon_core.environment:checking '/home/ubuntuuser/ros2_ws/install/turtlebot3_gazebo/lib/python3.12/site-packages'
[3.706s] Level 1:colcon.colcon_core.environment:checking '/home/ubuntuuser/ros2_ws/install/turtlebot3_gazebo/bin'
[3.709s] INFO:colcon.colcon_core.shell:Creating package script '/home/ubuntuuser/ros2_ws/install/turtlebot3_gazebo/share/turtlebot3_gazebo/package.ps1'
[3.713s] INFO:colcon.colcon_core.shell:Creating package descriptor '/home/ubuntuuser/ros2_ws/install/turtlebot3_gazebo/share/turtlebot3_gazebo/package.dsv'
[3.717s] INFO:colcon.colcon_core.shell:Creating package script '/home/ubuntuuser/ros2_ws/install/turtlebot3_gazebo/share/turtlebot3_gazebo/package.sh'
[3.719s] INFO:colcon.colcon_core.shell:Creating package script '/home/ubuntuuser/ros2_ws/install/turtlebot3_gazebo/share/turtlebot3_gazebo/package.bash'
[3.721s] INFO:colcon.colcon_core.shell:Creating package script '/home/ubuntuuser/ros2_ws/install/turtlebot3_gazebo/share/turtlebot3_gazebo/package.zsh'
[3.725s] Level 1:colcon.colcon_core.environment:create_file_with_runtime_dependencies(/home/ubuntuuser/ros2_ws/install/turtlebot3_gazebo/share/colcon-core/packages/turtlebot3_gazebo)
[3.727s] Level 1:colcon.colcon_core.environment:create_environment_scripts_only(turtlebot3_gazebo)
[3.727s] Level 1:colcon.colcon_core.environment:checking '/home/ubuntuuser/ros2_ws/install/turtlebot3_gazebo' for CMake module files
[3.731s] Level 1:colcon.colcon_core.environment:checking '/home/ubuntuuser/ros2_ws/install/turtlebot3_gazebo' for CMake config files
[3.732s] Level 1:colcon.colcon_core.shell:create_environment_hook('turtlebot3_gazebo', 'cmake_prefix_path')
[3.732s] INFO:colcon.colcon_core.shell:Creating environment hook '/home/ubuntuuser/ros2_ws/install/turtlebot3_gazebo/share/turtlebot3_gazebo/hook/cmake_prefix_path.ps1'
[3.735s] INFO:colcon.colcon_core.shell:Creating environment descriptor '/home/ubuntuuser/ros2_ws/install/turtlebot3_gazebo/share/turtlebot3_gazebo/hook/cmake_prefix_path.dsv'
[3.738s] INFO:colcon.colcon_core.shell:Creating environment hook '/home/ubuntuuser/ros2_ws/install/turtlebot3_gazebo/share/turtlebot3_gazebo/hook/cmake_prefix_path.sh'
[3.741s] Level 1:colcon.colcon_core.environment:checking '/home/ubuntuuser/ros2_ws/install/turtlebot3_gazebo/lib'
[3.741s] Level 1:colcon.colcon_core.environment:checking '/home/ubuntuuser/ros2_ws/install/turtlebot3_gazebo/bin'
[3.741s] Level 1:colcon.colcon_core.environment:checking '/home/ubuntuuser/ros2_ws/install/turtlebot3_gazebo/lib/pkgconfig/turtlebot3_gazebo.pc'
[3.741s] Level 1:colcon.colcon_core.environment:checking '/home/ubuntuuser/ros2_ws/install/turtlebot3_gazebo/lib/python3.12/site-packages'
[3.742s] Level 1:colcon.colcon_core.environment:checking '/home/ubuntuuser/ros2_ws/install/turtlebot3_gazebo/bin'
[3.744s] INFO:colcon.colcon_core.shell:Creating package script '/home/ubuntuuser/ros2_ws/install/turtlebot3_gazebo/share/turtlebot3_gazebo/package.ps1'
[3.748s] INFO:colcon.colcon_core.shell:Creating package descriptor '/home/ubuntuuser/ros2_ws/install/turtlebot3_gazebo/share/turtlebot3_gazebo/package.dsv'
[3.752s] INFO:colcon.colcon_core.shell:Creating package script '/home/ubuntuuser/ros2_ws/install/turtlebot3_gazebo/share/turtlebot3_gazebo/package.sh'
[3.755s] INFO:colcon.colcon_core.shell:Creating package script '/home/ubuntuuser/ros2_ws/install/turtlebot3_gazebo/share/turtlebot3_gazebo/package.bash'
[3.759s] INFO:colcon.colcon_core.shell:Creating package script '/home/ubuntuuser/ros2_ws/install/turtlebot3_gazebo/share/turtlebot3_gazebo/package.zsh'
[3.760s] Level 1:colcon.colcon_core.environment:create_file_with_runtime_dependencies(/home/ubuntuuser/ros2_ws/install/turtlebot3_gazebo/share/colcon-core/packages/turtlebot3_gazebo)
[3.766s] INFO:colcon.colcon_ros.task.ament_cmake.build:Building ROS package in '/home/ubuntuuser/ros2_ws/src/turtlebot3_simulations/turtlebot3_simulations' with build type 'ament_cmake'
[3.767s] INFO:colcon.colcon_cmake.task.cmake.build:Building CMake package in '/home/ubuntuuser/ros2_ws/src/turtlebot3_simulations/turtlebot3_simulations'
[3.769s] INFO:colcon.colcon_core.shell:Skip shell extension 'powershell' for command environment: Not usable outside of PowerShell
[3.770s] DEBUG:colcon.colcon_core.shell:Skip shell extension 'dsv' for command environment
[4.710s] INFO:colcon.colcon_core.task.python.build:Building Python package in '/home/ubuntuuser/ros2_ws/src/turtlebot3_trailer'
[4.711s] INFO:colcon.colcon_core.shell:Skip shell extension 'powershell' for command environment: Not usable outside of PowerShell
[4.711s] DEBUG:colcon.colcon_core.shell:Skip shell extension 'dsv' for command environment
[4.728s] DEBUG:colcon.colcon_core.event_handler.log_command:Invoking command in '/home/ubuntuuser/ros2_ws/build/turtlebot3_simulations': CMAKE_PREFIX_PATH=/home/ubuntuuser/ros2_ws/install/turtlebot3_gazebo:/home/ubuntuuser/ros2_ws/install/turtlebot3_fake_node:/home/ubuntuuser/ros2_ws/install/turtlebot3_simulations:/home/ubuntuuser/ros2_ws/install/crazyflie_sim:/home/ubuntuuser/ros2_ws/install/crazyflie_examples:/home/ubuntuuser/ros2_ws/install/crazyflie:/home/ubuntuuser/ros2_ws/install/crazyflie_interfaces:/opt/ros/jazzy/opt/gz_sim_vendor:/opt/ros/jazzy/opt/gz_sensors_vendor:/opt/ros/jazzy/opt/gz_physics_vendor:/opt/ros/jazzy/opt/sdformat_vendor:/opt/ros/jazzy/opt/gz_gui_vendor:/opt/ros/jazzy/opt/gz_transport_vendor:/opt/ros/jazzy/opt/gz_rendering_vendor:/opt/ros/jazzy/opt/gz_plugin_vendor:/opt/ros/jazzy/opt/gz_fuel_tools_vendor:/opt/ros/jazzy/opt/gz_msgs_vendor:/opt/ros/jazzy/opt/gz_common_vendor:/opt/ros/jazzy/opt/gz_math_vendor:/opt/ros/jazzy/opt/gz_utils_vendor:/opt/ros/jazzy/opt/gz_tools_vendor:/opt/ros/jazzy/opt/gz_ogre_next_vendor:/opt/ros/jazzy/opt/gz_dartsim_vendor:/opt/ros/jazzy/opt/gz_cmake_vendor:/home/ubuntuuser/ros2_ws/install/turtlebot3_trailer:/home/ubuntuuser/ros2_ws/install/r7021e_exploration:/home/ubuntuuser/ros2_ws/install/crazyflie_py:/opt/ros/jazzy DEBUGINFOD_URLS=https://debuginfod.ubuntu.com PS1=(.venv) \[\e]0;\u@\h: \w\a\]${debian_chroot:+($debian_chroot)}\[\033[01;32m\]\u@\h\[\033[00m\]:\[\033[01;34m\]\w\[\033[00m\]\$ VIRTUAL_ENV_PROMPT=(.venv) /usr/bin/cmake --build /home/ubuntuuser/ros2_ws/build/turtlebot3_simulations -- -j4 -l4
[4.951s] DEBUG:colcon.colcon_core.event_handler.log_command:Invoked command in '/home/ubuntuuser/ros2_ws/build/turtlebot3_simulations' returned '0': CMAKE_PREFIX_PATH=/home/ubuntuuser/ros2_ws/install/turtlebot3_gazebo:/home/ubuntuuser/ros2_ws/install/turtlebot3_fake_node:/home/ubuntuuser/ros2_ws/install/turtlebot3_simulations:/home/ubuntuuser/ros2_ws/install/crazyflie_sim:/home/ubuntuuser/ros2_ws/install/crazyflie_examples:/home/ubuntuuser/ros2_ws/install/crazyflie:/home/ubuntuuser/ros2_ws/install/crazyflie_interfaces:/opt/ros/jazzy/opt/gz_sim_vendor:/opt/ros/jazzy/opt/gz_sensors_vendor:/opt/ros/jazzy/opt/gz_physics_vendor:/opt/ros/jazzy/opt/sdformat_vendor:/opt/ros/jazzy/opt/gz_gui_vendor:/opt/ros/jazzy/opt/gz_transport_vendor:/opt/ros/jazzy/opt/gz_rendering_vendor:/opt/ros/jazzy/opt/gz_plugin_vendor:/opt/ros/jazzy/opt/gz_fuel_tools_vendor:/opt/ros/jazzy/opt/gz_msgs_vendor:/opt/ros/jazzy/opt/gz_common_vendor:/opt/ros/jazzy/opt/gz_math_vendor:/opt/ros/jazzy/opt/gz_utils_vendor:/opt/ros/jazzy/opt/gz_tools_vendor:/opt/ros/jazzy/opt/gz_ogre_next_vendor:/opt/ros/jazzy/opt/gz_dartsim_vendor:/opt/ros/jazzy/opt/gz_cmake_vendor:/home/ubuntuuser/ros2_ws/install/turtlebot3_trailer:/home/ubuntuuser/ros2_ws/install/r7021e_exploration:/home/ubuntuuser/ros2_ws/install/crazyflie_py:/opt/ros/jazzy DEBUGINFOD_URLS=https://debuginfod.ubuntu.com PS1=(.venv) \[\e]0;\u@\h: \w\a\]${debian_chroot:+($debian_chroot)}\[\033[01;32m\]\u@\h\[\033[00m\]:\[\033[01;34m\]\w\[\033[00m\]\$ VIRTUAL_ENV_PROMPT=(.venv) /usr/bin/cmake --build /home/ubuntuuser/ros2_ws/build/turtlebot3_simulations -- -j4 -l4
[4.951s] DEBUG:colcon.colcon_core.event_handler.log_command:Invoking command in '/home/ubuntuuser/ros2_ws/build/turtlebot3_simulations': CMAKE_PREFIX_PATH=/home/ubuntuuser/ros2_ws/install/turtlebot3_gazebo:/home/ubuntuuser/ros2_ws/install/turtlebot3_fake_node:/home/ubuntuuser/ros2_ws/install/turtlebot3_simulations:/home/ubuntuuser/ros2_ws/install/crazyflie_sim:/home/ubuntuuser/ros2_ws/install/crazyflie_examples:/home/ubuntuuser/ros2_ws/install/crazyflie:/home/ubuntuuser/ros2_ws/install/crazyflie_interfaces:/opt/ros/jazzy/opt/gz_sim_vendor:/opt/ros/jazzy/opt/gz_sensors_vendor:/opt/ros/jazzy/opt/gz_physics_vendor:/opt/ros/jazzy/opt/sdformat_vendor:/opt/ros/jazzy/opt/gz_gui_vendor:/opt/ros/jazzy/opt/gz_transport_vendor:/opt/ros/jazzy/opt/gz_rendering_vendor:/opt/ros/jazzy/opt/gz_plugin_vendor:/opt/ros/jazzy/opt/gz_fuel_tools_vendor:/opt/ros/jazzy/opt/gz_msgs_vendor:/opt/ros/jazzy/opt/gz_common_vendor:/opt/ros/jazzy/opt/gz_math_vendor:/opt/ros/jazzy/opt/gz_utils_vendor:/opt/ros/jazzy/opt/gz_tools_vendor:/opt/ros/jazzy/opt/gz_ogre_next_vendor:/opt/ros/jazzy/opt/gz_dartsim_vendor:/opt/ros/jazzy/opt/gz_cmake_vendor:/home/ubuntuuser/ros2_ws/install/turtlebot3_trailer:/home/ubuntuuser/ros2_ws/install/r7021e_exploration:/home/ubuntuuser/ros2_ws/install/crazyflie_py:/opt/ros/jazzy DEBUGINFOD_URLS=https://debuginfod.ubuntu.com PS1=(.venv) \[\e]0;\u@\h: \w\a\]${debian_chroot:+($debian_chroot)}\[\033[01;32m\]\u@\h\[\033[00m\]:\[\033[01;34m\]\w\[\033[00m\]\$ VIRTUAL_ENV_PROMPT=(.venv) /usr/bin/cmake --install /home/ubuntuuser/ros2_ws/build/turtlebot3_simulations
[5.049s] Level 1:colcon.colcon_core.environment:create_environment_scripts_only(turtlebot3_simulations)
[5.049s] Level 1:colcon.colcon_core.environment:checking '/home/ubuntuuser/ros2_ws/install/turtlebot3_simulations' for CMake module files
[5.050s] Level 1:colcon.colcon_core.environment:checking '/home/ubuntuuser/ros2_ws/install/turtlebot3_simulations' for CMake config files
[5.050s] Level 1:colcon.colcon_core.shell:create_environment_hook('turtlebot3_simulations', 'cmake_prefix_path')
[5.050s] INFO:colcon.colcon_core.shell:Creating environment hook '/home/ubuntuuser/ros2_ws/install/turtlebot3_simulations/share/turtlebot3_simulations/hook/cmake_prefix_path.ps1'
[5.051s] INFO:colcon.colcon_core.shell:Creating environment descriptor '/home/ubuntuuser/ros2_ws/install/turtlebot3_simulations/share/turtlebot3_simulations/hook/cmake_prefix_path.dsv'
[5.056s] DEBUG:colcon.colcon_core.event_handler.log_command:Invoked command in '/home/ubuntuuser/ros2_ws/build/turtlebot3_simulations' returned '0': CMAKE_PREFIX_PATH=/home/ubuntuuser/ros2_ws/install/turtlebot3_gazebo:/home/ubuntuuser/ros2_ws/install/turtlebot3_fake_node:/home/ubuntuuser/ros2_ws/install/turtlebot3_simulations:/home/ubuntuuser/ros2_ws/install/crazyflie_sim:/home/ubuntuuser/ros2_ws/install/crazyflie_examples:/home/ubuntuuser/ros2_ws/install/crazyflie:/home/ubuntuuser/ros2_ws/install/crazyflie_interfaces:/opt/ros/jazzy/opt/gz_sim_vendor:/opt/ros/jazzy/opt/gz_sensors_vendor:/opt/ros/jazzy/opt/gz_physics_vendor:/opt/ros/jazzy/opt/sdformat_vendor:/opt/ros/jazzy/opt/gz_gui_vendor:/opt/ros/jazzy/opt/gz_transport_vendor:/opt/ros/jazzy/opt/gz_rendering_vendor:/opt/ros/jazzy/opt/gz_plugin_vendor:/opt/ros/jazzy/opt/gz_fuel_tools_vendor:/opt/ros/jazzy/opt/gz_msgs_vendor:/opt/ros/jazzy/opt/gz_common_vendor:/opt/ros/jazzy/opt/gz_math_vendor:/opt/ros/jazzy/opt/gz_utils_vendor:/opt/ros/jazzy/opt/gz_tools_vendor:/opt/ros/jazzy/opt/gz_ogre_next_vendor:/opt/ros/jazzy/opt/gz_dartsim_vendor:/opt/ros/jazzy/opt/gz_cmake_vendor:/home/ubuntuuser/ros2_ws/install/turtlebot3_trailer:/home/ubuntuuser/ros2_ws/install/r7021e_exploration:/home/ubuntuuser/ros2_ws/install/crazyflie_py:/opt/ros/jazzy DEBUGINFOD_URLS=https://debuginfod.ubuntu.com PS1=(.venv) \[\e]0;\u@\h: \w\a\]${debian_chroot:+($debian_chroot)}\[\033[01;32m\]\u@\h\[\033[00m\]:\[\033[01;34m\]\w\[\033[00m\]\$ VIRTUAL_ENV_PROMPT=(.venv) /usr/bin/cmake --install /home/ubuntuuser/ros2_ws/build/turtlebot3_simulations
[5.057s] INFO:colcon.colcon_core.shell:Creating environment hook '/home/ubuntuuser/ros2_ws/install/turtlebot3_simulations/share/turtlebot3_simulations/hook/cmake_prefix_path.sh'
[5.061s] Level 1:colcon.colcon_core.environment:checking '/home/ubuntuuser/ros2_ws/install/turtlebot3_simulations/bin'
[5.061s] Level 1:colcon.colcon_core.environment:checking '/home/ubuntuuser/ros2_ws/install/turtlebot3_simulations/lib/pkgconfig/turtlebot3_simulations.pc'
[5.061s] Level 1:colcon.colcon_core.environment:checking '/home/ubuntuuser/ros2_ws/install/turtlebot3_simulations/lib/python3.12/site-packages'
[5.062s] Level 1:colcon.colcon_core.environment:checking '/home/ubuntuuser/ros2_ws/install/turtlebot3_simulations/bin'
[5.062s] INFO:colcon.colcon_core.shell:Creating package script '/home/ubuntuuser/ros2_ws/install/turtlebot3_simulations/share/turtlebot3_simulations/package.ps1'
[5.067s] INFO:colcon.colcon_core.shell:Creating package descriptor '/home/ubuntuuser/ros2_ws/install/turtlebot3_simulations/share/turtlebot3_simulations/package.dsv'
[5.069s] INFO:colcon.colcon_core.shell:Creating package script '/home/ubuntuuser/ros2_ws/install/turtlebot3_simulations/share/turtlebot3_simulations/package.sh'
[5.109s] INFO:colcon.colcon_core.shell:Creating package script '/home/ubuntuuser/ros2_ws/install/turtlebot3_simulations/share/turtlebot3_simulations/package.bash'
[5.114s] INFO:colcon.colcon_core.shell:Creating package script '/home/ubuntuuser/ros2_ws/install/turtlebot3_simulations/share/turtlebot3_simulations/package.zsh'
[5.115s] Level 1:colcon.colcon_core.environment:create_file_with_runtime_dependencies(/home/ubuntuuser/ros2_ws/install/turtlebot3_simulations/share/colcon-core/packages/turtlebot3_simulations)
[5.116s] Level 1:colcon.colcon_core.environment:create_environment_scripts_only(turtlebot3_simulations)
[5.120s] Level 1:colcon.colcon_core.environment:checking '/home/ubuntuuser/ros2_ws/install/turtlebot3_simulations' for CMake module files
[5.121s] Level 1:colcon.colcon_core.environment:checking '/home/ubuntuuser/ros2_ws/install/turtlebot3_simulations' for CMake config files
[5.121s] Level 1:colcon.colcon_core.shell:create_environment_hook('turtlebot3_simulations', 'cmake_prefix_path')
[5.121s] INFO:colcon.colcon_core.shell:Creating environment hook '/home/ubuntuuser/ros2_ws/install/turtlebot3_simulations/share/turtlebot3_simulations/hook/cmake_prefix_path.ps1'
[5.124s] INFO:colcon.colcon_core.shell:Creating environment descriptor '/home/ubuntuuser/ros2_ws/install/turtlebot3_simulations/share/turtlebot3_simulations/hook/cmake_prefix_path.dsv'
[5.125s] INFO:colcon.colcon_core.shell:Creating environment hook '/home/ubuntuuser/ros2_ws/install/turtlebot3_simulations/share/turtlebot3_simulations/hook/cmake_prefix_path.sh'
[5.126s] Level 1:colcon.colcon_core.environment:checking '/home/ubuntuuser/ros2_ws/install/turtlebot3_simulations/bin'
[5.126s] Level 1:colcon.colcon_core.environment:checking '/home/ubuntuuser/ros2_ws/install/turtlebot3_simulations/lib/pkgconfig/turtlebot3_simulations.pc'
[5.130s] Level 1:colcon.colcon_core.environment:checking '/home/ubuntuuser/ros2_ws/install/turtlebot3_simulations/lib/python3.12/site-packages'
[5.130s] Level 1:colcon.colcon_core.environment:checking '/home/ubuntuuser/ros2_ws/install/turtlebot3_simulations/bin'
[5.131s] INFO:colcon.colcon_core.shell:Creating package script '/home/ubuntuuser/ros2_ws/install/turtlebot3_simulations/share/turtlebot3_simulations/package.ps1'
[5.135s] INFO:colcon.colcon_core.shell:Creating package descriptor '/home/ubuntuuser/ros2_ws/install/turtlebot3_simulations/share/turtlebot3_simulations/package.dsv'
[5.136s] INFO:colcon.colcon_core.shell:Creating package script '/home/ubuntuuser/ros2_ws/install/turtlebot3_simulations/share/turtlebot3_simulations/package.sh'
[5.145s] INFO:colcon.colcon_core.shell:Creating package script '/home/ubuntuuser/ros2_ws/install/turtlebot3_simulations/share/turtlebot3_simulations/package.bash'
[5.150s] INFO:colcon.colcon_core.shell:Creating package script '/home/ubuntuuser/ros2_ws/install/turtlebot3_simulations/share/turtlebot3_simulations/package.zsh'
[5.154s] Level 1:colcon.colcon_core.environment:create_file_with_runtime_dependencies(/home/ubuntuuser/ros2_ws/install/turtlebot3_simulations/share/colcon-core/packages/turtlebot3_simulations)
[6.560s] DEBUG:colcon.colcon_core.event_handler.log_command:Invoking command in '/home/ubuntuuser/ros2_ws/src/r7021e_exploration': DEBUGINFOD_URLS=https://debuginfod.ubuntu.com PS1=(.venv) \[\e]0;\u@\h: \w\a\]${debian_chroot:+($debian_chroot)}\[\033[01;32m\]\u@\h\[\033[00m\]:\[\033[01;34m\]\w\[\033[00m\]\$ PYTHONPATH=/home/ubuntuuser/ros2_ws/build/r7021e_exploration/prefix_override:/home/ubuntuuser/ros2_ws/.venv/lib/python3.12/site-packages/colcon_core/task/python/colcon_distutils_commands:/home/ubuntuuser/ros2_ws/install/r7021e_exploration/lib/python3.12/site-packages:${PYTHONPATH} VIRTUAL_ENV_PROMPT=(.venv) /home/ubuntuuser/ros2_ws/.venv/bin/python3 -W ignore:setup.py install is deprecated -W ignore:easy_install command is deprecated setup.py egg_info --egg-base ../../build/r7021e_exploration build --build-base /home/ubuntuuser/ros2_ws/build/r7021e_exploration/build install --record /home/ubuntuuser/ros2_ws/build/r7021e_exploration/install.log --single-version-externally-managed install_data
[7.173s] DEBUG:colcon.colcon_core.event_handler.log_command:Invoked command in '/home/ubuntuuser/ros2_ws/build/crazyflie_interfaces' returned '0': CMAKE_PREFIX_PATH=${CMAKE_PREFIX_PATH}:/home/ubuntuuser/ros2_ws/install/turtlebot3_trailer:/home/ubuntuuser/ros2_ws/install/r7021e_exploration:/home/ubuntuuser/ros2_ws/install/crazyflie_py:/opt/ros/jazzy DEBUGINFOD_URLS=https://debuginfod.ubuntu.com PS1=(.venv) \[\e]0;\u@\h: \w\a\]${debian_chroot:+($debian_chroot)}\[\033[01;32m\]\u@\h\[\033[00m\]:\[\033[01;34m\]\w\[\033[00m\]\$ VIRTUAL_ENV_PROMPT=(.venv) /usr/bin/cmake --build /home/ubuntuuser/ros2_ws/build/crazyflie_interfaces -- -j4 -l4
[7.173s] DEBUG:colcon.colcon_core.event_handler.log_command:Invoking command in '/home/ubuntuuser/ros2_ws/build/crazyflie_interfaces': CMAKE_PREFIX_PATH=${CMAKE_PREFIX_PATH}:/home/ubuntuuser/ros2_ws/install/turtlebot3_trailer:/home/ubuntuuser/ros2_ws/install/r7021e_exploration:/home/ubuntuuser/ros2_ws/install/crazyflie_py:/opt/ros/jazzy DEBUGINFOD_URLS=https://debuginfod.ubuntu.com PS1=(.venv) \[\e]0;\u@\h: \w\a\]${debian_chroot:+($debian_chroot)}\[\033[01;32m\]\u@\h\[\033[00m\]:\[\033[01;34m\]\w\[\033[00m\]\$ VIRTUAL_ENV_PROMPT=(.venv) /usr/bin/cmake --install /home/ubuntuuser/ros2_ws/build/crazyflie_interfaces
[7.810s] DEBUG:colcon.colcon_core.event_handler.log_command:Invoking command in '/home/ubuntuuser/ros2_ws/src/turtlebot3_trailer': DEBUGINFOD_URLS=https://debuginfod.ubuntu.com PS1=(.venv) \[\e]0;\u@\h: \w\a\]${debian_chroot:+($debian_chroot)}\[\033[01;32m\]\u@\h\[\033[00m\]:\[\033[01;34m\]\w\[\033[00m\]\$ PYTHONPATH=/home/ubuntuuser/ros2_ws/build/turtlebot3_trailer/prefix_override:/home/ubuntuuser/ros2_ws/.venv/lib/python3.12/site-packages/colcon_core/task/python/colcon_distutils_commands:/home/ubuntuuser/ros2_ws/install/turtlebot3_trailer/lib/python3.12/site-packages:${PYTHONPATH} VIRTUAL_ENV_PROMPT=(.venv) /home/ubuntuuser/ros2_ws/.venv/bin/python3 -W ignore:setup.py install is deprecated -W ignore:easy_install command is deprecated setup.py egg_info --egg-base ../../build/turtlebot3_trailer build --build-base /home/ubuntuuser/ros2_ws/build/turtlebot3_trailer/build install --record /home/ubuntuuser/ros2_ws/build/turtlebot3_trailer/install.log --single-version-externally-managed install_data
[8.033s] Level 1:colcon.colcon_core.environment:create_environment_scripts_only(crazyflie_interfaces)
[8.034s] Level 1:colcon.colcon_core.environment:checking '/home/ubuntuuser/ros2_ws/install/crazyflie_interfaces' for CMake module files
[8.035s] Level 1:colcon.colcon_core.environment:checking '/home/ubuntuuser/ros2_ws/install/crazyflie_interfaces' for CMake config files
[8.036s] DEBUG:colcon.colcon_core.event_handler.log_command:Invoked command in '/home/ubuntuuser/ros2_ws/build/crazyflie_interfaces' returned '0': CMAKE_PREFIX_PATH=${CMAKE_PREFIX_PATH}:/home/ubuntuuser/ros2_ws/install/turtlebot3_trailer:/home/ubuntuuser/ros2_ws/install/r7021e_exploration:/home/ubuntuuser/ros2_ws/install/crazyflie_py:/opt/ros/jazzy DEBUGINFOD_URLS=https://debuginfod.ubuntu.com PS1=(.venv) \[\e]0;\u@\h: \w\a\]${debian_chroot:+($debian_chroot)}\[\033[01;32m\]\u@\h\[\033[00m\]:\[\033[01;34m\]\w\[\033[00m\]\$ VIRTUAL_ENV_PROMPT=(.venv) /usr/bin/cmake --install /home/ubuntuuser/ros2_ws/build/crazyflie_interfaces
[8.039s] Level 1:colcon.colcon_core.shell:create_environment_hook('crazyflie_interfaces', 'cmake_prefix_path')
[8.040s] INFO:colcon.colcon_core.shell:Creating environment hook '/home/ubuntuuser/ros2_ws/install/crazyflie_interfaces/share/crazyflie_interfaces/hook/cmake_prefix_path.ps1'
[8.046s] INFO:colcon.colcon_core.shell:Creating environment descriptor '/home/ubuntuuser/ros2_ws/install/crazyflie_interfaces/share/crazyflie_interfaces/hook/cmake_prefix_path.dsv'
[8.047s] INFO:colcon.colcon_core.shell:Creating environment hook '/home/ubuntuuser/ros2_ws/install/crazyflie_interfaces/share/crazyflie_interfaces/hook/cmake_prefix_path.sh'
[8.057s] Level 1:colcon.colcon_core.environment:checking '/home/ubuntuuser/ros2_ws/install/crazyflie_interfaces/lib'
[8.060s] Level 1:colcon.colcon_core.shell:create_environment_hook('crazyflie_interfaces', 'ld_library_path_lib')
[8.060s] INFO:colcon.colcon_core.shell:Creating environment hook '/home/ubuntuuser/ros2_ws/install/crazyflie_interfaces/share/crazyflie_interfaces/hook/ld_library_path_lib.ps1'
[8.062s] INFO:colcon.colcon_core.shell:Creating environment descriptor '/home/ubuntuuser/ros2_ws/install/crazyflie_interfaces/share/crazyflie_interfaces/hook/ld_library_path_lib.dsv'
[8.065s] INFO:colcon.colcon_core.shell:Creating environment hook '/home/ubuntuuser/ros2_ws/install/crazyflie_interfaces/share/crazyflie_interfaces/hook/ld_library_path_lib.sh'
[8.068s] Level 1:colcon.colcon_core.environment:checking '/home/ubuntuuser/ros2_ws/install/crazyflie_interfaces/bin'
[8.070s] Level 1:colcon.colcon_core.environment:checking '/home/ubuntuuser/ros2_ws/install/crazyflie_interfaces/lib/pkgconfig/crazyflie_interfaces.pc'
[8.071s] Level 1:colcon.colcon_core.environment:checking '/home/ubuntuuser/ros2_ws/install/crazyflie_interfaces/lib/python3.12/site-packages'
[8.071s] Level 1:colcon.colcon_core.shell:create_environment_hook('crazyflie_interfaces', 'pythonpath')
[8.074s] INFO:colcon.colcon_core.shell:Creating environment hook '/home/ubuntuuser/ros2_ws/install/crazyflie_interfaces/share/crazyflie_interfaces/hook/pythonpath.ps1'
[8.077s] INFO:colcon.colcon_core.shell:Creating environment descriptor '/home/ubuntuuser/ros2_ws/install/crazyflie_interfaces/share/crazyflie_interfaces/hook/pythonpath.dsv'
[8.084s] INFO:colcon.colcon_core.shell:Creating environment hook '/home/ubuntuuser/ros2_ws/install/crazyflie_interfaces/share/crazyflie_interfaces/hook/pythonpath.sh'
[8.087s] Level 1:colcon.colcon_core.environment:checking '/home/ubuntuuser/ros2_ws/install/crazyflie_interfaces/bin'
[8.090s] INFO:colcon.colcon_core.shell:Creating package script '/home/ubuntuuser/ros2_ws/install/crazyflie_interfaces/share/crazyflie_interfaces/package.ps1'
[8.097s] INFO:colcon.colcon_core.shell:Creating package descriptor '/home/ubuntuuser/ros2_ws/install/crazyflie_interfaces/share/crazyflie_interfaces/package.dsv'
[8.100s] INFO:colcon.colcon_core.shell:Creating package script '/home/ubuntuuser/ros2_ws/install/crazyflie_interfaces/share/crazyflie_interfaces/package.sh'
[8.105s] INFO:colcon.colcon_core.shell:Creating package script '/home/ubuntuuser/ros2_ws/install/crazyflie_interfaces/share/crazyflie_interfaces/package.bash'
[8.109s] INFO:colcon.colcon_core.shell:Creating package script '/home/ubuntuuser/ros2_ws/install/crazyflie_interfaces/share/crazyflie_interfaces/package.zsh'
[8.111s] Level 1:colcon.colcon_core.environment:create_file_with_runtime_dependencies(/home/ubuntuuser/ros2_ws/install/crazyflie_interfaces/share/colcon-core/packages/crazyflie_interfaces)
[8.115s] Level 1:colcon.colcon_core.environment:create_environment_scripts_only(crazyflie_interfaces)
[8.116s] Level 1:colcon.colcon_core.environment:checking '/home/ubuntuuser/ros2_ws/install/crazyflie_interfaces' for CMake module files
[8.120s] Level 1:colcon.colcon_core.environment:checking '/home/ubuntuuser/ros2_ws/install/crazyflie_interfaces' for CMake config files
[8.124s] Level 1:colcon.colcon_core.shell:create_environment_hook('crazyflie_interfaces', 'cmake_prefix_path')
[8.125s] INFO:colcon.colcon_core.shell:Creating environment hook '/home/ubuntuuser/ros2_ws/install/crazyflie_interfaces/share/crazyflie_interfaces/hook/cmake_prefix_path.ps1'
[8.128s] INFO:colcon.colcon_core.shell:Creating environment descriptor '/home/ubuntuuser/ros2_ws/install/crazyflie_interfaces/share/crazyflie_interfaces/hook/cmake_prefix_path.dsv'
[8.129s] INFO:colcon.colcon_core.shell:Creating environment hook '/home/ubuntuuser/ros2_ws/install/crazyflie_interfaces/share/crazyflie_interfaces/hook/cmake_prefix_path.sh'
[8.135s] Level 1:colcon.colcon_core.environment:checking '/home/ubuntuuser/ros2_ws/install/crazyflie_interfaces/lib'
[8.138s] Level 1:colcon.colcon_core.shell:create_environment_hook('crazyflie_interfaces', 'ld_library_path_lib')
[8.138s] INFO:colcon.colcon_core.shell:Creating environment hook '/home/ubuntuuser/ros2_ws/install/crazyflie_interfaces/share/crazyflie_interfaces/hook/ld_library_path_lib.ps1'
[8.142s] INFO:colcon.colcon_core.shell:Creating environment descriptor '/home/ubuntuuser/ros2_ws/install/crazyflie_interfaces/share/crazyflie_interfaces/hook/ld_library_path_lib.dsv'
[8.146s] INFO:colcon.colcon_core.shell:Creating environment hook '/home/ubuntuuser/ros2_ws/install/crazyflie_interfaces/share/crazyflie_interfaces/hook/ld_library_path_lib.sh'
[8.147s] Level 1:colcon.colcon_core.environment:checking '/home/ubuntuuser/ros2_ws/install/crazyflie_interfaces/bin'
[8.147s] Level 1:colcon.colcon_core.environment:checking '/home/ubuntuuser/ros2_ws/install/crazyflie_interfaces/lib/pkgconfig/crazyflie_interfaces.pc'
[8.150s] Level 1:colcon.colcon_core.environment:checking '/home/ubuntuuser/ros2_ws/install/crazyflie_interfaces/lib/python3.12/site-packages'
[8.150s] Level 1:colcon.colcon_core.shell:create_environment_hook('crazyflie_interfaces', 'pythonpath')
[8.150s] INFO:colcon.colcon_core.shell:Creating environment hook '/home/ubuntuuser/ros2_ws/install/crazyflie_interfaces/share/crazyflie_interfaces/hook/pythonpath.ps1'
[8.152s] INFO:colcon.colcon_core.shell:Creating environment descriptor '/home/ubuntuuser/ros2_ws/install/crazyflie_interfaces/share/crazyflie_interfaces/hook/pythonpath.dsv'
[8.153s] INFO:colcon.colcon_core.shell:Creating environment hook '/home/ubuntuuser/ros2_ws/install/crazyflie_interfaces/share/crazyflie_interfaces/hook/pythonpath.sh'
[8.157s] Level 1:colcon.colcon_core.environment:checking '/home/ubuntuuser/ros2_ws/install/crazyflie_interfaces/bin'
[8.165s] INFO:colcon.colcon_core.shell:Creating package script '/home/ubuntuuser/ros2_ws/install/crazyflie_interfaces/share/crazyflie_interfaces/package.ps1'
[8.171s] INFO:colcon.colcon_core.shell:Creating package descriptor '/home/ubuntuuser/ros2_ws/install/crazyflie_interfaces/share/crazyflie_interfaces/package.dsv'
[8.176s] INFO:colcon.colcon_core.shell:Creating package script '/home/ubuntuuser/ros2_ws/install/crazyflie_interfaces/share/crazyflie_interfaces/package.sh'
[8.181s] INFO:colcon.colcon_core.shell:Creating package script '/home/ubuntuuser/ros2_ws/install/crazyflie_interfaces/share/crazyflie_interfaces/package.bash'
[8.188s] INFO:colcon.colcon_core.shell:Creating package script '/home/ubuntuuser/ros2_ws/install/crazyflie_interfaces/share/crazyflie_interfaces/package.zsh'
[8.190s] Level 1:colcon.colcon_core.environment:create_file_with_runtime_dependencies(/home/ubuntuuser/ros2_ws/install/crazyflie_interfaces/share/colcon-core/packages/crazyflie_interfaces)
[8.197s] INFO:colcon.colcon_ros.task.ament_python.build:Building ROS package in '/home/ubuntuuser/ros2_ws/src/crazyswarm2/crazyflie_py' with build type 'ament_python'
[8.198s] Level 1:colcon.colcon_core.shell:create_environment_hook('crazyflie_py', 'ament_prefix_path')
[8.199s] INFO:colcon.colcon_core.shell:Creating environment hook '/home/ubuntuuser/ros2_ws/install/crazyflie_py/share/crazyflie_py/hook/ament_prefix_path.ps1'
[8.205s] INFO:colcon.colcon_core.shell:Creating environment descriptor '/home/ubuntuuser/ros2_ws/install/crazyflie_py/share/crazyflie_py/hook/ament_prefix_path.dsv'
[8.210s] INFO:colcon.colcon_core.shell:Creating environment hook '/home/ubuntuuser/ros2_ws/install/crazyflie_py/share/crazyflie_py/hook/ament_prefix_path.sh'
[8.216s] INFO:colcon.colcon_core.shell:Skip shell extension 'powershell' for command environment: Not usable outside of PowerShell
[8.217s] DEBUG:colcon.colcon_core.shell:Skip shell extension 'dsv' for command environment
[8.267s] INFO:colcon.colcon_ros.task.ament_cmake.build:Building ROS package in '/home/ubuntuuser/ros2_ws/src/crazyswarm2/crazyflie' with build type 'ament_cmake'
[8.267s] INFO:colcon.colcon_cmake.task.cmake.build:Building CMake package in '/home/ubuntuuser/ros2_ws/src/crazyswarm2/crazyflie'
[8.267s] INFO:colcon.colcon_core.shell:Skip shell extension 'powershell' for command environment: Not usable outside of PowerShell
[8.278s] DEBUG:colcon.colcon_core.shell:Skip shell extension 'dsv' for command environment
[9.765s] INFO:colcon.colcon_core.task.python.build:Building Python package in '/home/ubuntuuser/ros2_ws/src/crazyswarm2/crazyflie_py'
[9.765s] INFO:colcon.colcon_core.shell:Skip shell extension 'powershell' for command environment: Not usable outside of PowerShell
[9.765s] DEBUG:colcon.colcon_core.shell:Skip shell extension 'dsv' for command environment
[9.807s] DEBUG:colcon.colcon_core.event_handler.log_command:Invoking command in '/home/ubuntuuser/ros2_ws/build/crazyflie': CMAKE_PREFIX_PATH=/home/ubuntuuser/ros2_ws/install/crazyflie_interfaces:/home/ubuntuuser/ros2_ws/install/turtlebot3_simulations:/home/ubuntuuser/ros2_ws/install/turtlebot3_gazebo:/home/ubuntuuser/ros2_ws/install/turtlebot3_fake_node:/home/ubuntuuser/ros2_ws/install/crazyflie_sim:/home/ubuntuuser/ros2_ws/install/crazyflie_examples:/home/ubuntuuser/ros2_ws/install/crazyflie:/opt/ros/jazzy/opt/gz_sim_vendor:/opt/ros/jazzy/opt/gz_sensors_vendor:/opt/ros/jazzy/opt/gz_physics_vendor:/opt/ros/jazzy/opt/sdformat_vendor:/opt/ros/jazzy/opt/gz_gui_vendor:/opt/ros/jazzy/opt/gz_transport_vendor:/opt/ros/jazzy/opt/gz_rendering_vendor:/opt/ros/jazzy/opt/gz_plugin_vendor:/opt/ros/jazzy/opt/gz_fuel_tools_vendor:/opt/ros/jazzy/opt/gz_msgs_vendor:/opt/ros/jazzy/opt/gz_common_vendor:/opt/ros/jazzy/opt/gz_math_vendor:/opt/ros/jazzy/opt/gz_utils_vendor:/opt/ros/jazzy/opt/gz_tools_vendor:/opt/ros/jazzy/opt/gz_ogre_next_vendor:/opt/ros/jazzy/opt/gz_dartsim_vendor:/opt/ros/jazzy/opt/gz_cmake_vendor:/home/ubuntuuser/ros2_ws/install/turtlebot3_trailer:/home/ubuntuuser/ros2_ws/install/r7021e_exploration:/home/ubuntuuser/ros2_ws/install/crazyflie_py:/opt/ros/jazzy DEBUGINFOD_URLS=https://debuginfod.ubuntu.com PS1=(.venv) \[\e]0;\u@\h: \w\a\]${debian_chroot:+($debian_chroot)}\[\033[01;32m\]\u@\h\[\033[00m\]:\[\033[01;34m\]\w\[\033[00m\]\$ PYTHONPATH=/home/ubuntuuser/ros2_ws/install/crazyflie_interfaces/lib/python3.12/site-packages:/home/ubuntuuser/ros2_ws/install/turtlebot3_trailer/lib/python3.12/site-packages:/home/ubuntuuser/ros2_ws/install/r7021e_exploration/lib/python3.12/site-packages:/home/ubuntuuser/ros2_ws/install/crazyflie_sim/lib/python3.12/site-packages:/home/ubuntuuser/ros2_ws/install/crazyflie_examples/lib/python3.12/site-packages:/home/ubuntuuser/ros2_ws/install/crazyflie_py/lib/python3.12/site-packages:/opt/ros/jazzy/lib/python3.12/site-packages VIRTUAL_ENV_PROMPT=(.venv) /usr/bin/cmake --build /home/ubuntuuser/ros2_ws/build/crazyflie -- -j4 -l4
[9.811s] Level 1:colcon.colcon_core.environment:checking '/home/ubuntuuser/ros2_ws/install/r7021e_exploration' for CMake module files
[9.815s] DEBUG:colcon.colcon_core.event_handler.log_command:Invoked command in '/home/ubuntuuser/ros2_ws/src/r7021e_exploration' returned '0': DEBUGINFOD_URLS=https://debuginfod.ubuntu.com PS1=(.venv) \[\e]0;\u@\h: \w\a\]${debian_chroot:+($debian_chroot)}\[\033[01;32m\]\u@\h\[\033[00m\]:\[\033[01;34m\]\w\[\033[00m\]\$ PYTHONPATH=/home/ubuntuuser/ros2_ws/build/r7021e_exploration/prefix_override:/home/ubuntuuser/ros2_ws/.venv/lib/python3.12/site-packages/colcon_core/task/python/colcon_distutils_commands:/home/ubuntuuser/ros2_ws/install/r7021e_exploration/lib/python3.12/site-packages:${PYTHONPATH} VIRTUAL_ENV_PROMPT=(.venv) /home/ubuntuuser/ros2_ws/.venv/bin/python3 -W ignore:setup.py install is deprecated -W ignore:easy_install command is deprecated setup.py egg_info --egg-base ../../build/r7021e_exploration build --build-base /home/ubuntuuser/ros2_ws/build/r7021e_exploration/build install --record /home/ubuntuuser/ros2_ws/build/r7021e_exploration/install.log --single-version-externally-managed install_data
[9.824s] Level 1:colcon.colcon_core.environment:checking '/home/ubuntuuser/ros2_ws/install/r7021e_exploration' for CMake config files
[9.830s] Level 1:colcon.colcon_core.environment:checking '/home/ubuntuuser/ros2_ws/install/r7021e_exploration/lib'
[9.831s] Level 1:colcon.colcon_core.environment:checking '/home/ubuntuuser/ros2_ws/install/r7021e_exploration/bin'
[9.831s] Level 1:colcon.colcon_core.environment:checking '/home/ubuntuuser/ros2_ws/install/r7021e_exploration/lib/pkgconfig/r7021e_exploration.pc'
[9.831s] Level 1:colcon.colcon_core.environment:checking '/home/ubuntuuser/ros2_ws/install/r7021e_exploration/lib/python3.12/site-packages'
[9.831s] Level 1:colcon.colcon_core.shell:create_environment_hook('r7021e_exploration', 'pythonpath')
[9.831s] INFO:colcon.colcon_core.shell:Creating environment hook '/home/ubuntuuser/ros2_ws/install/r7021e_exploration/share/r7021e_exploration/hook/pythonpath.ps1'
[9.832s] INFO:colcon.colcon_core.shell:Creating environment descriptor '/home/ubuntuuser/ros2_ws/install/r7021e_exploration/share/r7021e_exploration/hook/pythonpath.dsv'
[9.842s] INFO:colcon.colcon_core.shell:Creating environment hook '/home/ubuntuuser/ros2_ws/install/r7021e_exploration/share/r7021e_exploration/hook/pythonpath.sh'
[9.847s] Level 1:colcon.colcon_core.environment:checking '/home/ubuntuuser/ros2_ws/install/r7021e_exploration/bin'
[9.847s] Level 1:colcon.colcon_core.environment:create_environment_scripts_only(r7021e_exploration)
[9.850s] INFO:colcon.colcon_core.shell:Creating package script '/home/ubuntuuser/ros2_ws/install/r7021e_exploration/share/r7021e_exploration/package.ps1'
[9.856s] INFO:colcon.colcon_core.shell:Creating package descriptor '/home/ubuntuuser/ros2_ws/install/r7021e_exploration/share/r7021e_exploration/package.dsv'
[9.858s] INFO:colcon.colcon_core.shell:Creating package script '/home/ubuntuuser/ros2_ws/install/r7021e_exploration/share/r7021e_exploration/package.sh'
[9.862s] INFO:colcon.colcon_core.shell:Creating package script '/home/ubuntuuser/ros2_ws/install/r7021e_exploration/share/r7021e_exploration/package.bash'
[9.863s] INFO:colcon.colcon_core.shell:Creating package script '/home/ubuntuuser/ros2_ws/install/r7021e_exploration/share/r7021e_exploration/package.zsh'
[9.868s] Level 1:colcon.colcon_core.environment:create_file_with_runtime_dependencies(/home/ubuntuuser/ros2_ws/install/r7021e_exploration/share/colcon-core/packages/r7021e_exploration)
[9.872s] INFO:colcon.colcon_ros.task.ament_cmake.build:Building ROS package in '/home/ubuntuuser/ros2_ws/src/crazyswarm2/crazyflie_sim' with build type 'ament_cmake'
[9.872s] INFO:colcon.colcon_cmake.task.cmake.build:Building CMake package in '/home/ubuntuuser/ros2_ws/src/crazyswarm2/crazyflie_sim'
[9.874s] INFO:colcon.colcon_core.shell:Skip shell extension 'powershell' for command environment: Not usable outside of PowerShell
[9.875s] DEBUG:colcon.colcon_core.shell:Skip shell extension 'dsv' for command environment
[9.979s] DEBUG:colcon.colcon_core.event_handler.log_command:Invoking command in '/home/ubuntuuser/ros2_ws/build/crazyflie_sim': CMAKE_PREFIX_PATH=/home/ubuntuuser/ros2_ws/install/crazyflie_interfaces:/home/ubuntuuser/ros2_ws/install/turtlebot3_simulations:/home/ubuntuuser/ros2_ws/install/turtlebot3_gazebo:/home/ubuntuuser/ros2_ws/install/turtlebot3_fake_node:/home/ubuntuuser/ros2_ws/install/crazyflie_sim:/home/ubuntuuser/ros2_ws/install/crazyflie_examples:/home/ubuntuuser/ros2_ws/install/crazyflie:/opt/ros/jazzy/opt/gz_sim_vendor:/opt/ros/jazzy/opt/gz_sensors_vendor:/opt/ros/jazzy/opt/gz_physics_vendor:/opt/ros/jazzy/opt/sdformat_vendor:/opt/ros/jazzy/opt/gz_gui_vendor:/opt/ros/jazzy/opt/gz_transport_vendor:/opt/ros/jazzy/opt/gz_rendering_vendor:/opt/ros/jazzy/opt/gz_plugin_vendor:/opt/ros/jazzy/opt/gz_fuel_tools_vendor:/opt/ros/jazzy/opt/gz_msgs_vendor:/opt/ros/jazzy/opt/gz_common_vendor:/opt/ros/jazzy/opt/gz_math_vendor:/opt/ros/jazzy/opt/gz_utils_vendor:/opt/ros/jazzy/opt/gz_tools_vendor:/opt/ros/jazzy/opt/gz_ogre_next_vendor:/opt/ros/jazzy/opt/gz_dartsim_vendor:/opt/ros/jazzy/opt/gz_cmake_vendor:/home/ubuntuuser/ros2_ws/install/turtlebot3_trailer:/home/ubuntuuser/ros2_ws/install/r7021e_exploration:/home/ubuntuuser/ros2_ws/install/crazyflie_py:/opt/ros/jazzy DEBUGINFOD_URLS=https://debuginfod.ubuntu.com PS1=(.venv) \[\e]0;\u@\h: \w\a\]${debian_chroot:+($debian_chroot)}\[\033[01;32m\]\u@\h\[\033[00m\]:\[\033[01;34m\]\w\[\033[00m\]\$ PYTHONPATH=/home/ubuntuuser/ros2_ws/install/crazyflie_interfaces/lib/python3.12/site-packages:/home/ubuntuuser/ros2_ws/install/turtlebot3_trailer/lib/python3.12/site-packages:/home/ubuntuuser/ros2_ws/install/r7021e_exploration/lib/python3.12/site-packages:/home/ubuntuuser/ros2_ws/install/crazyflie_sim/lib/python3.12/site-packages:/home/ubuntuuser/ros2_ws/install/crazyflie_examples/lib/python3.12/site-packages:/home/ubuntuuser/ros2_ws/install/crazyflie_py/lib/python3.12/site-packages:/opt/ros/jazzy/lib/python3.12/site-packages VIRTUAL_ENV_PROMPT=(.venv) /usr/bin/cmake --build /home/ubuntuuser/ros2_ws/build/crazyflie_sim -- -j4 -l4
[9.987s] Level 1:colcon.colcon_core.environment:checking '/home/ubuntuuser/ros2_ws/install/turtlebot3_trailer' for CMake module files
[9.988s] Level 1:colcon.colcon_core.environment:checking '/home/ubuntuuser/ros2_ws/install/turtlebot3_trailer' for CMake config files
[9.988s] DEBUG:colcon.colcon_core.event_handler.log_command:Invoked command in '/home/ubuntuuser/ros2_ws/src/turtlebot3_trailer' returned '0': DEBUGINFOD_URLS=https://debuginfod.ubuntu.com PS1=(.venv) \[\e]0;\u@\h: \w\a\]${debian_chroot:+($debian_chroot)}\[\033[01;32m\]\u@\h\[\033[00m\]:\[\033[01;34m\]\w\[\033[00m\]\$ PYTHONPATH=/home/ubuntuuser/ros2_ws/build/turtlebot3_trailer/prefix_override:/home/ubuntuuser/ros2_ws/.venv/lib/python3.12/site-packages/colcon_core/task/python/colcon_distutils_commands:/home/ubuntuuser/ros2_ws/install/turtlebot3_trailer/lib/python3.12/site-packages:${PYTHONPATH} VIRTUAL_ENV_PROMPT=(.venv) /home/ubuntuuser/ros2_ws/.venv/bin/python3 -W ignore:setup.py install is deprecated -W ignore:easy_install command is deprecated setup.py egg_info --egg-base ../../build/turtlebot3_trailer build --build-base /home/ubuntuuser/ros2_ws/build/turtlebot3_trailer/build install --record /home/ubuntuuser/ros2_ws/build/turtlebot3_trailer/install.log --single-version-externally-managed install_data
[9.997s] Level 1:colcon.colcon_core.environment:checking '/home/ubuntuuser/ros2_ws/install/turtlebot3_trailer/lib'
[10.001s] Level 1:colcon.colcon_core.environment:checking '/home/ubuntuuser/ros2_ws/install/turtlebot3_trailer/bin'
[10.001s] Level 1:colcon.colcon_core.environment:checking '/home/ubuntuuser/ros2_ws/install/turtlebot3_trailer/lib/pkgconfig/turtlebot3_trailer.pc'
[10.003s] Level 1:colcon.colcon_core.environment:checking '/home/ubuntuuser/ros2_ws/install/turtlebot3_trailer/lib/python3.12/site-packages'
[10.004s] Level 1:colcon.colcon_core.shell:create_environment_hook('turtlebot3_trailer', 'pythonpath')
[10.004s] INFO:colcon.colcon_core.shell:Creating environment hook '/home/ubuntuuser/ros2_ws/install/turtlebot3_trailer/share/turtlebot3_trailer/hook/pythonpath.ps1'
[10.022s] INFO:colcon.colcon_core.shell:Creating environment descriptor '/home/ubuntuuser/ros2_ws/install/turtlebot3_trailer/share/turtlebot3_trailer/hook/pythonpath.dsv'
[10.023s] INFO:colcon.colcon_core.shell:Creating environment hook '/home/ubuntuuser/ros2_ws/install/turtlebot3_trailer/share/turtlebot3_trailer/hook/pythonpath.sh'
[10.028s] Level 1:colcon.colcon_core.environment:checking '/home/ubuntuuser/ros2_ws/install/turtlebot3_trailer/bin'
[10.028s] Level 1:colcon.colcon_core.environment:create_environment_scripts_only(turtlebot3_trailer)
[10.029s] INFO:colcon.colcon_core.shell:Creating package script '/home/ubuntuuser/ros2_ws/install/turtlebot3_trailer/share/turtlebot3_trailer/package.ps1'
[10.031s] INFO:colcon.colcon_core.shell:Creating package descriptor '/home/ubuntuuser/ros2_ws/install/turtlebot3_trailer/share/turtlebot3_trailer/package.dsv'
[10.032s] INFO:colcon.colcon_core.shell:Creating package script '/home/ubuntuuser/ros2_ws/install/turtlebot3_trailer/share/turtlebot3_trailer/package.sh'
[10.035s] INFO:colcon.colcon_core.shell:Creating package script '/home/ubuntuuser/ros2_ws/install/turtlebot3_trailer/share/turtlebot3_trailer/package.bash'
[10.036s] INFO:colcon.colcon_core.shell:Creating package script '/home/ubuntuuser/ros2_ws/install/turtlebot3_trailer/share/turtlebot3_trailer/package.zsh'
[10.037s] Level 1:colcon.colcon_core.environment:create_file_with_runtime_dependencies(/home/ubuntuuser/ros2_ws/install/turtlebot3_trailer/share/colcon-core/packages/turtlebot3_trailer)
[12.722s] DEBUG:colcon.colcon_core.event_handler.log_command:Invoking command in '/home/ubuntuuser/ros2_ws/src/crazyswarm2/crazyflie_py': CMAKE_PREFIX_PATH=/home/ubuntuuser/ros2_ws/install/crazyflie_interfaces:/home/ubuntuuser/ros2_ws/install/turtlebot3_simulations:/home/ubuntuuser/ros2_ws/install/turtlebot3_gazebo:/home/ubuntuuser/ros2_ws/install/turtlebot3_fake_node:/home/ubuntuuser/ros2_ws/install/crazyflie_sim:/home/ubuntuuser/ros2_ws/install/crazyflie_examples:/home/ubuntuuser/ros2_ws/install/crazyflie:/opt/ros/jazzy/opt/gz_sim_vendor:/opt/ros/jazzy/opt/gz_sensors_vendor:/opt/ros/jazzy/opt/gz_physics_vendor:/opt/ros/jazzy/opt/sdformat_vendor:/opt/ros/jazzy/opt/gz_gui_vendor:/opt/ros/jazzy/opt/gz_transport_vendor:/opt/ros/jazzy/opt/gz_rendering_vendor:/opt/ros/jazzy/opt/gz_plugin_vendor:/opt/ros/jazzy/opt/gz_fuel_tools_vendor:/opt/ros/jazzy/opt/gz_msgs_vendor:/opt/ros/jazzy/opt/gz_common_vendor:/opt/ros/jazzy/opt/gz_math_vendor:/opt/ros/jazzy/opt/gz_utils_vendor:/opt/ros/jazzy/opt/gz_tools_vendor:/opt/ros/jazzy/opt/gz_ogre_next_vendor:/opt/ros/jazzy/opt/gz_dartsim_vendor:/opt/ros/jazzy/opt/gz_cmake_vendor DEBUGINFOD_URLS=https://debuginfod.ubuntu.com PS1=(.venv) \[\e]0;\u@\h: \w\a\]${debian_chroot:+($debian_chroot)}\[\033[01;32m\]\u@\h\[\033[00m\]:\[\033[01;34m\]\w\[\033[00m\]\$ PYTHONPATH=/home/ubuntuuser/ros2_ws/build/crazyflie_py/prefix_override:/home/ubuntuuser/ros2_ws/.venv/lib/python3.12/site-packages/colcon_core/task/python/colcon_distutils_commands:/home/ubuntuuser/ros2_ws/install/crazyflie_py/lib/python3.12/site-packages:/home/ubuntuuser/ros2_ws/install/crazyflie_interfaces/lib/python3.12/site-packages:/home/ubuntuuser/ros2_ws/install/turtlebot3_trailer/lib/python3.12/site-packages:/home/ubuntuuser/ros2_ws/install/r7021e_exploration/lib/python3.12/site-packages:/home/ubuntuuser/ros2_ws/install/crazyflie_sim/lib/python3.12/site-packages:/home/ubuntuuser/ros2_ws/install/crazyflie_examples/lib/python3.12/site-packages:/home/ubuntuuser/ros2_ws/install/crazyflie_py/lib/python3.12/site-packages:/opt/ros/jazzy/lib/python3.12/site-packages VIRTUAL_ENV_PROMPT=(.venv) /home/ubuntuuser/ros2_ws/.venv/bin/python3 -W ignore:setup.py install is deprecated -W ignore:easy_install command is deprecated setup.py egg_info --egg-base ../../../build/crazyflie_py build --build-base /home/ubuntuuser/ros2_ws/build/crazyflie_py/build install --record /home/ubuntuuser/ros2_ws/build/crazyflie_py/install.log --single-version-externally-managed install_data
[13.732s] DEBUG:colcon.colcon_core.event_handler.log_command:Invoked command in '/home/ubuntuuser/ros2_ws/build/crazyflie' returned '0': CMAKE_PREFIX_PATH=/home/ubuntuuser/ros2_ws/install/crazyflie_interfaces:/home/ubuntuuser/ros2_ws/install/turtlebot3_simulations:/home/ubuntuuser/ros2_ws/install/turtlebot3_gazebo:/home/ubuntuuser/ros2_ws/install/turtlebot3_fake_node:/home/ubuntuuser/ros2_ws/install/crazyflie_sim:/home/ubuntuuser/ros2_ws/install/crazyflie_examples:/home/ubuntuuser/ros2_ws/install/crazyflie:/opt/ros/jazzy/opt/gz_sim_vendor:/opt/ros/jazzy/opt/gz_sensors_vendor:/opt/ros/jazzy/opt/gz_physics_vendor:/opt/ros/jazzy/opt/sdformat_vendor:/opt/ros/jazzy/opt/gz_gui_vendor:/opt/ros/jazzy/opt/gz_transport_vendor:/opt/ros/jazzy/opt/gz_rendering_vendor:/opt/ros/jazzy/opt/gz_plugin_vendor:/opt/ros/jazzy/opt/gz_fuel_tools_vendor:/opt/ros/jazzy/opt/gz_msgs_vendor:/opt/ros/jazzy/opt/gz_common_vendor:/opt/ros/jazzy/opt/gz_math_vendor:/opt/ros/jazzy/opt/gz_utils_vendor:/opt/ros/jazzy/opt/gz_tools_vendor:/opt/ros/jazzy/opt/gz_ogre_next_vendor:/opt/ros/jazzy/opt/gz_dartsim_vendor:/opt/ros/jazzy/opt/gz_cmake_vendor:/home/ubuntuuser/ros2_ws/install/turtlebot3_trailer:/home/ubuntuuser/ros2_ws/install/r7021e_exploration:/home/ubuntuuser/ros2_ws/install/crazyflie_py:/opt/ros/jazzy DEBUGINFOD_URLS=https://debuginfod.ubuntu.com PS1=(.venv) \[\e]0;\u@\h: \w\a\]${debian_chroot:+($debian_chroot)}\[\033[01;32m\]\u@\h\[\033[00m\]:\[\033[01;34m\]\w\[\033[00m\]\$ PYTHONPATH=/home/ubuntuuser/ros2_ws/install/crazyflie_interfaces/lib/python3.12/site-packages:/home/ubuntuuser/ros2_ws/install/turtlebot3_trailer/lib/python3.12/site-packages:/home/ubuntuuser/ros2_ws/install/r7021e_exploration/lib/python3.12/site-packages:/home/ubuntuuser/ros2_ws/install/crazyflie_sim/lib/python3.12/site-packages:/home/ubuntuuser/ros2_ws/install/crazyflie_examples/lib/python3.12/site-packages:/home/ubuntuuser/ros2_ws/install/crazyflie_py/lib/python3.12/site-packages:/opt/ros/jazzy/lib/python3.12/site-packages VIRTUAL_ENV_PROMPT=(.venv) /usr/bin/cmake --build /home/ubuntuuser/ros2_ws/build/crazyflie -- -j4 -l4
[13.741s] DEBUG:colcon.colcon_core.event_handler.log_command:Invoking command in '/home/ubuntuuser/ros2_ws/build/crazyflie': CMAKE_PREFIX_PATH=/home/ubuntuuser/ros2_ws/install/crazyflie_interfaces:/home/ubuntuuser/ros2_ws/install/turtlebot3_simulations:/home/ubuntuuser/ros2_ws/install/turtlebot3_gazebo:/home/ubuntuuser/ros2_ws/install/turtlebot3_fake_node:/home/ubuntuuser/ros2_ws/install/crazyflie_sim:/home/ubuntuuser/ros2_ws/install/crazyflie_examples:/home/ubuntuuser/ros2_ws/install/crazyflie:/opt/ros/jazzy/opt/gz_sim_vendor:/opt/ros/jazzy/opt/gz_sensors_vendor:/opt/ros/jazzy/opt/gz_physics_vendor:/opt/ros/jazzy/opt/sdformat_vendor:/opt/ros/jazzy/opt/gz_gui_vendor:/opt/ros/jazzy/opt/gz_transport_vendor:/opt/ros/jazzy/opt/gz_rendering_vendor:/opt/ros/jazzy/opt/gz_plugin_vendor:/opt/ros/jazzy/opt/gz_fuel_tools_vendor:/opt/ros/jazzy/opt/gz_msgs_vendor:/opt/ros/jazzy/opt/gz_common_vendor:/opt/ros/jazzy/opt/gz_math_vendor:/opt/ros/jazzy/opt/gz_utils_vendor:/opt/ros/jazzy/opt/gz_tools_vendor:/opt/ros/jazzy/opt/gz_ogre_next_vendor:/opt/ros/jazzy/opt/gz_dartsim_vendor:/opt/ros/jazzy/opt/gz_cmake_vendor:/home/ubuntuuser/ros2_ws/install/turtlebot3_trailer:/home/ubuntuuser/ros2_ws/install/r7021e_exploration:/home/ubuntuuser/ros2_ws/install/crazyflie_py:/opt/ros/jazzy DEBUGINFOD_URLS=https://debuginfod.ubuntu.com PS1=(.venv) \[\e]0;\u@\h: \w\a\]${debian_chroot:+($debian_chroot)}\[\033[01;32m\]\u@\h\[\033[00m\]:\[\033[01;34m\]\w\[\033[00m\]\$ PYTHONPATH=/home/ubuntuuser/ros2_ws/install/crazyflie_interfaces/lib/python3.12/site-packages:/home/ubuntuuser/ros2_ws/install/turtlebot3_trailer/lib/python3.12/site-packages:/home/ubuntuuser/ros2_ws/install/r7021e_exploration/lib/python3.12/site-packages:/home/ubuntuuser/ros2_ws/install/crazyflie_sim/lib/python3.12/site-packages:/home/ubuntuuser/ros2_ws/install/crazyflie_examples/lib/python3.12/site-packages:/home/ubuntuuser/ros2_ws/install/crazyflie_py/lib/python3.12/site-packages:/opt/ros/jazzy/lib/python3.12/site-packages VIRTUAL_ENV_PROMPT=(.venv) /usr/bin/cmake --install /home/ubuntuuser/ros2_ws/build/crazyflie
[13.806s] Level 1:colcon.colcon_core.environment:create_environment_scripts_only(crazyflie)
[13.807s] Level 1:colcon.colcon_core.environment:checking '/home/ubuntuuser/ros2_ws/install/crazyflie' for CMake module files
[13.808s] DEBUG:colcon.colcon_core.event_handler.log_command:Invoked command in '/home/ubuntuuser/ros2_ws/build/crazyflie' returned '0': CMAKE_PREFIX_PATH=/home/ubuntuuser/ros2_ws/install/crazyflie_interfaces:/home/ubuntuuser/ros2_ws/install/turtlebot3_simulations:/home/ubuntuuser/ros2_ws/install/turtlebot3_gazebo:/home/ubuntuuser/ros2_ws/install/turtlebot3_fake_node:/home/ubuntuuser/ros2_ws/install/crazyflie_sim:/home/ubuntuuser/ros2_ws/install/crazyflie_examples:/home/ubuntuuser/ros2_ws/install/crazyflie:/opt/ros/jazzy/opt/gz_sim_vendor:/opt/ros/jazzy/opt/gz_sensors_vendor:/opt/ros/jazzy/opt/gz_physics_vendor:/opt/ros/jazzy/opt/sdformat_vendor:/opt/ros/jazzy/opt/gz_gui_vendor:/opt/ros/jazzy/opt/gz_transport_vendor:/opt/ros/jazzy/opt/gz_rendering_vendor:/opt/ros/jazzy/opt/gz_plugin_vendor:/opt/ros/jazzy/opt/gz_fuel_tools_vendor:/opt/ros/jazzy/opt/gz_msgs_vendor:/opt/ros/jazzy/opt/gz_common_vendor:/opt/ros/jazzy/opt/gz_math_vendor:/opt/ros/jazzy/opt/gz_utils_vendor:/opt/ros/jazzy/opt/gz_tools_vendor:/opt/ros/jazzy/opt/gz_ogre_next_vendor:/opt/ros/jazzy/opt/gz_dartsim_vendor:/opt/ros/jazzy/opt/gz_cmake_vendor:/home/ubuntuuser/ros2_ws/install/turtlebot3_trailer:/home/ubuntuuser/ros2_ws/install/r7021e_exploration:/home/ubuntuuser/ros2_ws/install/crazyflie_py:/opt/ros/jazzy DEBUGINFOD_URLS=https://debuginfod.ubuntu.com PS1=(.venv) \[\e]0;\u@\h: \w\a\]${debian_chroot:+($debian_chroot)}\[\033[01;32m\]\u@\h\[\033[00m\]:\[\033[01;34m\]\w\[\033[00m\]\$ PYTHONPATH=/home/ubuntuuser/ros2_ws/install/crazyflie_interfaces/lib/python3.12/site-packages:/home/ubuntuuser/ros2_ws/install/turtlebot3_trailer/lib/python3.12/site-packages:/home/ubuntuuser/ros2_ws/install/r7021e_exploration/lib/python3.12/site-packages:/home/ubuntuuser/ros2_ws/install/crazyflie_sim/lib/python3.12/site-packages:/home/ubuntuuser/ros2_ws/install/crazyflie_examples/lib/python3.12/site-packages:/home/ubuntuuser/ros2_ws/install/crazyflie_py/lib/python3.12/site-packages:/opt/ros/jazzy/lib/python3.12/site-packages VIRTUAL_ENV_PROMPT=(.venv) /usr/bin/cmake --install /home/ubuntuuser/ros2_ws/build/crazyflie
[13.809s] Level 1:colcon.colcon_core.environment:checking '/home/ubuntuuser/ros2_ws/install/crazyflie' for CMake config files
[13.809s] Level 1:colcon.colcon_core.shell:create_environment_hook('crazyflie', 'cmake_prefix_path')
[13.810s] INFO:colcon.colcon_core.shell:Creating environment hook '/home/ubuntuuser/ros2_ws/install/crazyflie/share/crazyflie/hook/cmake_prefix_path.ps1'
[13.812s] INFO:colcon.colcon_core.shell:Creating environment descriptor '/home/ubuntuuser/ros2_ws/install/crazyflie/share/crazyflie/hook/cmake_prefix_path.dsv'
[13.815s] INFO:colcon.colcon_core.shell:Creating environment hook '/home/ubuntuuser/ros2_ws/install/crazyflie/share/crazyflie/hook/cmake_prefix_path.sh'
[13.818s] Level 1:colcon.colcon_core.environment:checking '/home/ubuntuuser/ros2_ws/install/crazyflie/lib'
[13.818s] Level 1:colcon.colcon_core.environment:checking '/home/ubuntuuser/ros2_ws/install/crazyflie/bin'
[13.818s] Level 1:colcon.colcon_core.environment:checking '/home/ubuntuuser/ros2_ws/install/crazyflie/lib/pkgconfig/crazyflie.pc'
[13.818s] Level 1:colcon.colcon_core.environment:checking '/home/ubuntuuser/ros2_ws/install/crazyflie/lib/python3.12/site-packages'
[13.819s] Level 1:colcon.colcon_core.environment:checking '/home/ubuntuuser/ros2_ws/install/crazyflie/bin'
[13.820s] INFO:colcon.colcon_core.shell:Creating package script '/home/ubuntuuser/ros2_ws/install/crazyflie/share/crazyflie/package.ps1'
[13.822s] INFO:colcon.colcon_core.shell:Creating package descriptor '/home/ubuntuuser/ros2_ws/install/crazyflie/share/crazyflie/package.dsv'
[13.824s] INFO:colcon.colcon_core.shell:Creating package script '/home/ubuntuuser/ros2_ws/install/crazyflie/share/crazyflie/package.sh'
[13.825s] INFO:colcon.colcon_core.shell:Creating package script '/home/ubuntuuser/ros2_ws/install/crazyflie/share/crazyflie/package.bash'
[13.827s] INFO:colcon.colcon_core.shell:Creating package script '/home/ubuntuuser/ros2_ws/install/crazyflie/share/crazyflie/package.zsh'
[13.829s] Level 1:colcon.colcon_core.environment:create_file_with_runtime_dependencies(/home/ubuntuuser/ros2_ws/install/crazyflie/share/colcon-core/packages/crazyflie)
[13.831s] Level 1:colcon.colcon_core.environment:create_environment_scripts_only(crazyflie)
[13.831s] Level 1:colcon.colcon_core.environment:checking '/home/ubuntuuser/ros2_ws/install/crazyflie' for CMake module files
[13.834s] Level 1:colcon.colcon_core.environment:checking '/home/ubuntuuser/ros2_ws/install/crazyflie' for CMake config files
[13.834s] Level 1:colcon.colcon_core.shell:create_environment_hook('crazyflie', 'cmake_prefix_path')
[13.836s] INFO:colcon.colcon_core.shell:Creating environment hook '/home/ubuntuuser/ros2_ws/install/crazyflie/share/crazyflie/hook/cmake_prefix_path.ps1'
[13.837s] INFO:colcon.colcon_core.shell:Creating environment descriptor '/home/ubuntuuser/ros2_ws/install/crazyflie/share/crazyflie/hook/cmake_prefix_path.dsv'
[13.838s] INFO:colcon.colcon_core.shell:Creating environment hook '/home/ubuntuuser/ros2_ws/install/crazyflie/share/crazyflie/hook/cmake_prefix_path.sh'
[13.841s] Level 1:colcon.colcon_core.environment:checking '/home/ubuntuuser/ros2_ws/install/crazyflie/lib'
[13.841s] Level 1:colcon.colcon_core.environment:checking '/home/ubuntuuser/ros2_ws/install/crazyflie/bin'
[13.842s] Level 1:colcon.colcon_core.environment:checking '/home/ubuntuuser/ros2_ws/install/crazyflie/lib/pkgconfig/crazyflie.pc'
[13.842s] Level 1:colcon.colcon_core.environment:checking '/home/ubuntuuser/ros2_ws/install/crazyflie/lib/python3.12/site-packages'
[13.843s] Level 1:colcon.colcon_core.environment:checking '/home/ubuntuuser/ros2_ws/install/crazyflie/bin'
[13.844s] INFO:colcon.colcon_core.shell:Creating package script '/home/ubuntuuser/ros2_ws/install/crazyflie/share/crazyflie/package.ps1'
[13.846s] INFO:colcon.colcon_core.shell:Creating package descriptor '/home/ubuntuuser/ros2_ws/install/crazyflie/share/crazyflie/package.dsv'
[13.849s] INFO:colcon.colcon_core.shell:Creating package script '/home/ubuntuuser/ros2_ws/install/crazyflie/share/crazyflie/package.sh'
[13.852s] INFO:colcon.colcon_core.shell:Creating package script '/home/ubuntuuser/ros2_ws/install/crazyflie/share/crazyflie/package.bash'
[13.854s] INFO:colcon.colcon_core.shell:Creating package script '/home/ubuntuuser/ros2_ws/install/crazyflie/share/crazyflie/package.zsh'
[13.856s] Level 1:colcon.colcon_core.environment:create_file_with_runtime_dependencies(/home/ubuntuuser/ros2_ws/install/crazyflie/share/colcon-core/packages/crazyflie)
[15.417s] DEBUG:colcon.colcon_core.event_handler.log_command:Invoked command in '/home/ubuntuuser/ros2_ws/build/crazyflie_sim' returned '0': CMAKE_PREFIX_PATH=/home/ubuntuuser/ros2_ws/install/crazyflie_interfaces:/home/ubuntuuser/ros2_ws/install/turtlebot3_simulations:/home/ubuntuuser/ros2_ws/install/turtlebot3_gazebo:/home/ubuntuuser/ros2_ws/install/turtlebot3_fake_node:/home/ubuntuuser/ros2_ws/install/crazyflie_sim:/home/ubuntuuser/ros2_ws/install/crazyflie_examples:/home/ubuntuuser/ros2_ws/install/crazyflie:/opt/ros/jazzy/opt/gz_sim_vendor:/opt/ros/jazzy/opt/gz_sensors_vendor:/opt/ros/jazzy/opt/gz_physics_vendor:/opt/ros/jazzy/opt/sdformat_vendor:/opt/ros/jazzy/opt/gz_gui_vendor:/opt/ros/jazzy/opt/gz_transport_vendor:/opt/ros/jazzy/opt/gz_rendering_vendor:/opt/ros/jazzy/opt/gz_plugin_vendor:/opt/ros/jazzy/opt/gz_fuel_tools_vendor:/opt/ros/jazzy/opt/gz_msgs_vendor:/opt/ros/jazzy/opt/gz_common_vendor:/opt/ros/jazzy/opt/gz_math_vendor:/opt/ros/jazzy/opt/gz_utils_vendor:/opt/ros/jazzy/opt/gz_tools_vendor:/opt/ros/jazzy/opt/gz_ogre_next_vendor:/opt/ros/jazzy/opt/gz_dartsim_vendor:/opt/ros/jazzy/opt/gz_cmake_vendor:/home/ubuntuuser/ros2_ws/install/turtlebot3_trailer:/home/ubuntuuser/ros2_ws/install/r7021e_exploration:/home/ubuntuuser/ros2_ws/install/crazyflie_py:/opt/ros/jazzy DEBUGINFOD_URLS=https://debuginfod.ubuntu.com PS1=(.venv) \[\e]0;\u@\h: \w\a\]${debian_chroot:+($debian_chroot)}\[\033[01;32m\]\u@\h\[\033[00m\]:\[\033[01;34m\]\w\[\033[00m\]\$ PYTHONPATH=/home/ubuntuuser/ros2_ws/install/crazyflie_interfaces/lib/python3.12/site-packages:/home/ubuntuuser/ros2_ws/install/turtlebot3_trailer/lib/python3.12/site-packages:/home/ubuntuuser/ros2_ws/install/r7021e_exploration/lib/python3.12/site-packages:/home/ubuntuuser/ros2_ws/install/crazyflie_sim/lib/python3.12/site-packages:/home/ubuntuuser/ros2_ws/install/crazyflie_examples/lib/python3.12/site-packages:/home/ubuntuuser/ros2_ws/install/crazyflie_py/lib/python3.12/site-packages:/opt/ros/jazzy/lib/python3.12/site-packages VIRTUAL_ENV_PROMPT=(.venv) /usr/bin/cmake --build /home/ubuntuuser/ros2_ws/build/crazyflie_sim -- -j4 -l4
[15.420s] DEBUG:colcon.colcon_core.event_handler.log_command:Invoking command in '/home/ubuntuuser/ros2_ws/build/crazyflie_sim': CMAKE_PREFIX_PATH=/home/ubuntuuser/ros2_ws/install/crazyflie_interfaces:/home/ubuntuuser/ros2_ws/install/turtlebot3_simulations:/home/ubuntuuser/ros2_ws/install/turtlebot3_gazebo:/home/ubuntuuser/ros2_ws/install/turtlebot3_fake_node:/home/ubuntuuser/ros2_ws/install/crazyflie_sim:/home/ubuntuuser/ros2_ws/install/crazyflie_examples:/home/ubuntuuser/ros2_ws/install/crazyflie:/opt/ros/jazzy/opt/gz_sim_vendor:/opt/ros/jazzy/opt/gz_sensors_vendor:/opt/ros/jazzy/opt/gz_physics_vendor:/opt/ros/jazzy/opt/sdformat_vendor:/opt/ros/jazzy/opt/gz_gui_vendor:/opt/ros/jazzy/opt/gz_transport_vendor:/opt/ros/jazzy/opt/gz_rendering_vendor:/opt/ros/jazzy/opt/gz_plugin_vendor:/opt/ros/jazzy/opt/gz_fuel_tools_vendor:/opt/ros/jazzy/opt/gz_msgs_vendor:/opt/ros/jazzy/opt/gz_common_vendor:/opt/ros/jazzy/opt/gz_math_vendor:/opt/ros/jazzy/opt/gz_utils_vendor:/opt/ros/jazzy/opt/gz_tools_vendor:/opt/ros/jazzy/opt/gz_ogre_next_vendor:/opt/ros/jazzy/opt/gz_dartsim_vendor:/opt/ros/jazzy/opt/gz_cmake_vendor:/home/ubuntuuser/ros2_ws/install/turtlebot3_trailer:/home/ubuntuuser/ros2_ws/install/r7021e_exploration:/home/ubuntuuser/ros2_ws/install/crazyflie_py:/opt/ros/jazzy DEBUGINFOD_URLS=https://debuginfod.ubuntu.com PS1=(.venv) \[\e]0;\u@\h: \w\a\]${debian_chroot:+($debian_chroot)}\[\033[01;32m\]\u@\h\[\033[00m\]:\[\033[01;34m\]\w\[\033[00m\]\$ PYTHONPATH=/home/ubuntuuser/ros2_ws/install/crazyflie_interfaces/lib/python3.12/site-packages:/home/ubuntuuser/ros2_ws/install/turtlebot3_trailer/lib/python3.12/site-packages:/home/ubuntuuser/ros2_ws/install/r7021e_exploration/lib/python3.12/site-packages:/home/ubuntuuser/ros2_ws/install/crazyflie_sim/lib/python3.12/site-packages:/home/ubuntuuser/ros2_ws/install/crazyflie_examples/lib/python3.12/site-packages:/home/ubuntuuser/ros2_ws/install/crazyflie_py/lib/python3.12/site-packages:/opt/ros/jazzy/lib/python3.12/site-packages VIRTUAL_ENV_PROMPT=(.venv) /usr/bin/cmake --install /home/ubuntuuser/ros2_ws/build/crazyflie_sim
[15.574s] Level 1:colcon.colcon_core.environment:create_environment_scripts_only(crazyflie_sim)
[15.575s] Level 1:colcon.colcon_core.environment:checking '/home/ubuntuuser/ros2_ws/install/crazyflie_sim' for CMake module files
[15.576s] Level 1:colcon.colcon_core.environment:checking '/home/ubuntuuser/ros2_ws/install/crazyflie_sim' for CMake config files
[15.576s] Level 1:colcon.colcon_core.shell:create_environment_hook('crazyflie_sim', 'cmake_prefix_path')
[15.575s] DEBUG:colcon.colcon_core.event_handler.log_command:Invoked command in '/home/ubuntuuser/ros2_ws/build/crazyflie_sim' returned '0': CMAKE_PREFIX_PATH=/home/ubuntuuser/ros2_ws/install/crazyflie_interfaces:/home/ubuntuuser/ros2_ws/install/turtlebot3_simulations:/home/ubuntuuser/ros2_ws/install/turtlebot3_gazebo:/home/ubuntuuser/ros2_ws/install/turtlebot3_fake_node:/home/ubuntuuser/ros2_ws/install/crazyflie_sim:/home/ubuntuuser/ros2_ws/install/crazyflie_examples:/home/ubuntuuser/ros2_ws/install/crazyflie:/opt/ros/jazzy/opt/gz_sim_vendor:/opt/ros/jazzy/opt/gz_sensors_vendor:/opt/ros/jazzy/opt/gz_physics_vendor:/opt/ros/jazzy/opt/sdformat_vendor:/opt/ros/jazzy/opt/gz_gui_vendor:/opt/ros/jazzy/opt/gz_transport_vendor:/opt/ros/jazzy/opt/gz_rendering_vendor:/opt/ros/jazzy/opt/gz_plugin_vendor:/opt/ros/jazzy/opt/gz_fuel_tools_vendor:/opt/ros/jazzy/opt/gz_msgs_vendor:/opt/ros/jazzy/opt/gz_common_vendor:/opt/ros/jazzy/opt/gz_math_vendor:/opt/ros/jazzy/opt/gz_utils_vendor:/opt/ros/jazzy/opt/gz_tools_vendor:/opt/ros/jazzy/opt/gz_ogre_next_vendor:/opt/ros/jazzy/opt/gz_dartsim_vendor:/opt/ros/jazzy/opt/gz_cmake_vendor:/home/ubuntuuser/ros2_ws/install/turtlebot3_trailer:/home/ubuntuuser/ros2_ws/install/r7021e_exploration:/home/ubuntuuser/ros2_ws/install/crazyflie_py:/opt/ros/jazzy DEBUGINFOD_URLS=https://debuginfod.ubuntu.com PS1=(.venv) \[\e]0;\u@\h: \w\a\]${debian_chroot:+($debian_chroot)}\[\033[01;32m\]\u@\h\[\033[00m\]:\[\033[01;34m\]\w\[\033[00m\]\$ PYTHONPATH=/home/ubuntuuser/ros2_ws/install/crazyflie_interfaces/lib/python3.12/site-packages:/home/ubuntuuser/ros2_ws/install/turtlebot3_trailer/lib/python3.12/site-packages:/home/ubuntuuser/ros2_ws/install/r7021e_exploration/lib/python3.12/site-packages:/home/ubuntuuser/ros2_ws/install/crazyflie_sim/lib/python3.12/site-packages:/home/ubuntuuser/ros2_ws/install/crazyflie_examples/lib/python3.12/site-packages:/home/ubuntuuser/ros2_ws/install/crazyflie_py/lib/python3.12/site-packages:/opt/ros/jazzy/lib/python3.12/site-packages VIRTUAL_ENV_PROMPT=(.venv) /usr/bin/cmake --install /home/ubuntuuser/ros2_ws/build/crazyflie_sim
[15.577s] INFO:colcon.colcon_core.shell:Creating environment hook '/home/ubuntuuser/ros2_ws/install/crazyflie_sim/share/crazyflie_sim/hook/cmake_prefix_path.ps1'
[15.578s] INFO:colcon.colcon_core.shell:Creating environment descriptor '/home/ubuntuuser/ros2_ws/install/crazyflie_sim/share/crazyflie_sim/hook/cmake_prefix_path.dsv'
[15.579s] INFO:colcon.colcon_core.shell:Creating environment hook '/home/ubuntuuser/ros2_ws/install/crazyflie_sim/share/crazyflie_sim/hook/cmake_prefix_path.sh'
[15.581s] Level 1:colcon.colcon_core.environment:checking '/home/ubuntuuser/ros2_ws/install/crazyflie_sim/lib'
[15.581s] Level 1:colcon.colcon_core.environment:checking '/home/ubuntuuser/ros2_ws/install/crazyflie_sim/bin'
[15.582s] Level 1:colcon.colcon_core.environment:checking '/home/ubuntuuser/ros2_ws/install/crazyflie_sim/lib/pkgconfig/crazyflie_sim.pc'
[15.582s] Level 1:colcon.colcon_core.environment:checking '/home/ubuntuuser/ros2_ws/install/crazyflie_sim/lib/python3.12/site-packages'
[15.582s] Level 1:colcon.colcon_core.shell:create_environment_hook('crazyflie_sim', 'pythonpath')
[15.582s] INFO:colcon.colcon_core.shell:Creating environment hook '/home/ubuntuuser/ros2_ws/install/crazyflie_sim/share/crazyflie_sim/hook/pythonpath.ps1'
[15.583s] INFO:colcon.colcon_core.shell:Creating environment descriptor '/home/ubuntuuser/ros2_ws/install/crazyflie_sim/share/crazyflie_sim/hook/pythonpath.dsv'
[15.584s] INFO:colcon.colcon_core.shell:Creating environment hook '/home/ubuntuuser/ros2_ws/install/crazyflie_sim/share/crazyflie_sim/hook/pythonpath.sh'
[15.586s] Level 1:colcon.colcon_core.environment:checking '/home/ubuntuuser/ros2_ws/install/crazyflie_sim/bin'
[15.587s] INFO:colcon.colcon_core.shell:Creating package script '/home/ubuntuuser/ros2_ws/install/crazyflie_sim/share/crazyflie_sim/package.ps1'
[15.589s] INFO:colcon.colcon_core.shell:Creating package descriptor '/home/ubuntuuser/ros2_ws/install/crazyflie_sim/share/crazyflie_sim/package.dsv'
[15.590s] INFO:colcon.colcon_core.shell:Creating package script '/home/ubuntuuser/ros2_ws/install/crazyflie_sim/share/crazyflie_sim/package.sh'
[15.592s] INFO:colcon.colcon_core.shell:Creating package script '/home/ubuntuuser/ros2_ws/install/crazyflie_sim/share/crazyflie_sim/package.bash'
[15.593s] INFO:colcon.colcon_core.shell:Creating package script '/home/ubuntuuser/ros2_ws/install/crazyflie_sim/share/crazyflie_sim/package.zsh'
[15.594s] Level 1:colcon.colcon_core.environment:create_file_with_runtime_dependencies(/home/ubuntuuser/ros2_ws/install/crazyflie_sim/share/colcon-core/packages/crazyflie_sim)
[15.595s] Level 1:colcon.colcon_core.environment:create_environment_scripts_only(crazyflie_sim)
[15.595s] Level 1:colcon.colcon_core.environment:checking '/home/ubuntuuser/ros2_ws/install/crazyflie_sim' for CMake module files
[15.596s] Level 1:colcon.colcon_core.environment:checking '/home/ubuntuuser/ros2_ws/install/crazyflie_sim' for CMake config files
[15.596s] Level 1:colcon.colcon_core.shell:create_environment_hook('crazyflie_sim', 'cmake_prefix_path')
[15.596s] INFO:colcon.colcon_core.shell:Creating environment hook '/home/ubuntuuser/ros2_ws/install/crazyflie_sim/share/crazyflie_sim/hook/cmake_prefix_path.ps1'
[15.599s] INFO:colcon.colcon_core.shell:Creating environment descriptor '/home/ubuntuuser/ros2_ws/install/crazyflie_sim/share/crazyflie_sim/hook/cmake_prefix_path.dsv'
[15.600s] INFO:colcon.colcon_core.shell:Creating environment hook '/home/ubuntuuser/ros2_ws/install/crazyflie_sim/share/crazyflie_sim/hook/cmake_prefix_path.sh'
[15.601s] Level 1:colcon.colcon_core.environment:checking '/home/ubuntuuser/ros2_ws/install/crazyflie_sim/lib'
[15.602s] Level 1:colcon.colcon_core.environment:checking '/home/ubuntuuser/ros2_ws/install/crazyflie_sim/bin'
[15.602s] Level 1:colcon.colcon_core.environment:checking '/home/ubuntuuser/ros2_ws/install/crazyflie_sim/lib/pkgconfig/crazyflie_sim.pc'
[15.602s] Level 1:colcon.colcon_core.environment:checking '/home/ubuntuuser/ros2_ws/install/crazyflie_sim/lib/python3.12/site-packages'
[15.602s] Level 1:colcon.colcon_core.shell:create_environment_hook('crazyflie_sim', 'pythonpath')
[15.602s] INFO:colcon.colcon_core.shell:Creating environment hook '/home/ubuntuuser/ros2_ws/install/crazyflie_sim/share/crazyflie_sim/hook/pythonpath.ps1'
[15.603s] INFO:colcon.colcon_core.shell:Creating environment descriptor '/home/ubuntuuser/ros2_ws/install/crazyflie_sim/share/crazyflie_sim/hook/pythonpath.dsv'
[15.604s] INFO:colcon.colcon_core.shell:Creating environment hook '/home/ubuntuuser/ros2_ws/install/crazyflie_sim/share/crazyflie_sim/hook/pythonpath.sh'
[15.606s] Level 1:colcon.colcon_core.environment:checking '/home/ubuntuuser/ros2_ws/install/crazyflie_sim/bin'
[15.606s] INFO:colcon.colcon_core.shell:Creating package script '/home/ubuntuuser/ros2_ws/install/crazyflie_sim/share/crazyflie_sim/package.ps1'
[15.608s] INFO:colcon.colcon_core.shell:Creating package descriptor '/home/ubuntuuser/ros2_ws/install/crazyflie_sim/share/crazyflie_sim/package.dsv'
[15.609s] INFO:colcon.colcon_core.shell:Creating package script '/home/ubuntuuser/ros2_ws/install/crazyflie_sim/share/crazyflie_sim/package.sh'
[15.610s] INFO:colcon.colcon_core.shell:Creating package script '/home/ubuntuuser/ros2_ws/install/crazyflie_sim/share/crazyflie_sim/package.bash'
[15.611s] INFO:colcon.colcon_core.shell:Creating package script '/home/ubuntuuser/ros2_ws/install/crazyflie_sim/share/crazyflie_sim/package.zsh'
[15.612s] Level 1:colcon.colcon_core.environment:create_file_with_runtime_dependencies(/home/ubuntuuser/ros2_ws/install/crazyflie_sim/share/colcon-core/packages/crazyflie_sim)
[15.952s] Level 1:colcon.colcon_core.environment:checking '/home/ubuntuuser/ros2_ws/install/crazyflie_py' for CMake module files
[15.953s] Level 1:colcon.colcon_core.environment:checking '/home/ubuntuuser/ros2_ws/install/crazyflie_py' for CMake config files
[15.959s] DEBUG:colcon.colcon_core.event_handler.log_command:Invoked command in '/home/ubuntuuser/ros2_ws/src/crazyswarm2/crazyflie_py' returned '0': CMAKE_PREFIX_PATH=/home/ubuntuuser/ros2_ws/install/crazyflie_interfaces:/home/ubuntuuser/ros2_ws/install/turtlebot3_simulations:/home/ubuntuuser/ros2_ws/install/turtlebot3_gazebo:/home/ubuntuuser/ros2_ws/install/turtlebot3_fake_node:/home/ubuntuuser/ros2_ws/install/crazyflie_sim:/home/ubuntuuser/ros2_ws/install/crazyflie_examples:/home/ubuntuuser/ros2_ws/install/crazyflie:/opt/ros/jazzy/opt/gz_sim_vendor:/opt/ros/jazzy/opt/gz_sensors_vendor:/opt/ros/jazzy/opt/gz_physics_vendor:/opt/ros/jazzy/opt/sdformat_vendor:/opt/ros/jazzy/opt/gz_gui_vendor:/opt/ros/jazzy/opt/gz_transport_vendor:/opt/ros/jazzy/opt/gz_rendering_vendor:/opt/ros/jazzy/opt/gz_plugin_vendor:/opt/ros/jazzy/opt/gz_fuel_tools_vendor:/opt/ros/jazzy/opt/gz_msgs_vendor:/opt/ros/jazzy/opt/gz_common_vendor:/opt/ros/jazzy/opt/gz_math_vendor:/opt/ros/jazzy/opt/gz_utils_vendor:/opt/ros/jazzy/opt/gz_tools_vendor:/opt/ros/jazzy/opt/gz_ogre_next_vendor:/opt/ros/jazzy/opt/gz_dartsim_vendor:/opt/ros/jazzy/opt/gz_cmake_vendor DEBUGINFOD_URLS=https://debuginfod.ubuntu.com PS1=(.venv) \[\e]0;\u@\h: \w\a\]${debian_chroot:+($debian_chroot)}\[\033[01;32m\]\u@\h\[\033[00m\]:\[\033[01;34m\]\w\[\033[00m\]\$ PYTHONPATH=/home/ubuntuuser/ros2_ws/build/crazyflie_py/prefix_override:/home/ubuntuuser/ros2_ws/.venv/lib/python3.12/site-packages/colcon_core/task/python/colcon_distutils_commands:/home/ubuntuuser/ros2_ws/install/crazyflie_py/lib/python3.12/site-packages:/home/ubuntuuser/ros2_ws/install/crazyflie_interfaces/lib/python3.12/site-packages:/home/ubuntuuser/ros2_ws/install/turtlebot3_trailer/lib/python3.12/site-packages:/home/ubuntuuser/ros2_ws/install/r7021e_exploration/lib/python3.12/site-packages:/home/ubuntuuser/ros2_ws/install/crazyflie_sim/lib/python3.12/site-packages:/home/ubuntuuser/ros2_ws/install/crazyflie_examples/lib/python3.12/site-packages:/home/ubuntuuser/ros2_ws/install/crazyflie_py/lib/python3.12/site-packages:/opt/ros/jazzy/lib/python3.12/site-packages VIRTUAL_ENV_PROMPT=(.venv) /home/ubuntuuser/ros2_ws/.venv/bin/python3 -W ignore:setup.py install is deprecated -W ignore:easy_install command is deprecated setup.py egg_info --egg-base ../../../build/crazyflie_py build --build-base /home/ubuntuuser/ros2_ws/build/crazyflie_py/build install --record /home/ubuntuuser/ros2_ws/build/crazyflie_py/install.log --single-version-externally-managed install_data
[15.968s] Level 1:colcon.colcon_core.environment:checking '/home/ubuntuuser/ros2_ws/install/crazyflie_py/lib'
[15.968s] Level 1:colcon.colcon_core.environment:checking '/home/ubuntuuser/ros2_ws/install/crazyflie_py/bin'
[15.968s] Level 1:colcon.colcon_core.environment:checking '/home/ubuntuuser/ros2_ws/install/crazyflie_py/lib/pkgconfig/crazyflie_py.pc'
[15.969s] Level 1:colcon.colcon_core.environment:checking '/home/ubuntuuser/ros2_ws/install/crazyflie_py/lib/python3.12/site-packages'
[15.969s] Level 1:colcon.colcon_core.shell:create_environment_hook('crazyflie_py', 'pythonpath')
[15.969s] INFO:colcon.colcon_core.shell:Creating environment hook '/home/ubuntuuser/ros2_ws/install/crazyflie_py/share/crazyflie_py/hook/pythonpath.ps1'
[15.974s] INFO:colcon.colcon_core.shell:Creating environment descriptor '/home/ubuntuuser/ros2_ws/install/crazyflie_py/share/crazyflie_py/hook/pythonpath.dsv'
[15.975s] INFO:colcon.colcon_core.shell:Creating environment hook '/home/ubuntuuser/ros2_ws/install/crazyflie_py/share/crazyflie_py/hook/pythonpath.sh'
[15.978s] Level 1:colcon.colcon_core.environment:checking '/home/ubuntuuser/ros2_ws/install/crazyflie_py/bin'
[15.978s] Level 1:colcon.colcon_core.environment:create_environment_scripts_only(crazyflie_py)
[15.985s] INFO:colcon.colcon_core.shell:Creating package script '/home/ubuntuuser/ros2_ws/install/crazyflie_py/share/crazyflie_py/package.ps1'
[15.999s] INFO:colcon.colcon_core.shell:Creating package descriptor '/home/ubuntuuser/ros2_ws/install/crazyflie_py/share/crazyflie_py/package.dsv'
[16.005s] INFO:colcon.colcon_core.shell:Creating package script '/home/ubuntuuser/ros2_ws/install/crazyflie_py/share/crazyflie_py/package.sh'
[16.008s] INFO:colcon.colcon_core.shell:Creating package script '/home/ubuntuuser/ros2_ws/install/crazyflie_py/share/crazyflie_py/package.bash'
[16.011s] INFO:colcon.colcon_core.shell:Creating package script '/home/ubuntuuser/ros2_ws/install/crazyflie_py/share/crazyflie_py/package.zsh'
[16.014s] Level 1:colcon.colcon_core.environment:create_file_with_runtime_dependencies(/home/ubuntuuser/ros2_ws/install/crazyflie_py/share/colcon-core/packages/crazyflie_py)
[16.017s] INFO:colcon.colcon_ros.task.ament_cmake.build:Building ROS package in '/home/ubuntuuser/ros2_ws/src/crazyswarm2/crazyflie_examples' with build type 'ament_cmake'
[16.017s] INFO:colcon.colcon_cmake.task.cmake.build:Building CMake package in '/home/ubuntuuser/ros2_ws/src/crazyswarm2/crazyflie_examples'
[16.017s] INFO:colcon.colcon_core.shell:Skip shell extension 'powershell' for command environment: Not usable outside of PowerShell
[16.017s] DEBUG:colcon.colcon_core.shell:Skip shell extension 'dsv' for command environment
[16.087s] DEBUG:colcon.colcon_core.event_handler.log_command:Invoking command in '/home/ubuntuuser/ros2_ws/build/crazyflie_examples': AMENT_PREFIX_PATH=/home/ubuntuuser/ros2_ws/install/crazyflie_py:/home/ubuntuuser/ros2_ws/install/turtlebot3_trailer:/home/ubuntuuser/ros2_ws/install/turtlebot3_simulations:/home/ubuntuuser/ros2_ws/install/turtlebot3_gazebo:/home/ubuntuuser/ros2_ws/install/turtlebot3_fake_node:/home/ubuntuuser/ros2_ws/install/r7021e_exploration:/home/ubuntuuser/ros2_ws/install/crazyflie_sim:/home/ubuntuuser/ros2_ws/install/crazyflie_examples:/home/ubuntuuser/ros2_ws/install/crazyflie:/home/ubuntuuser/ros2_ws/install/crazyflie_interfaces:/opt/ros/jazzy CMAKE_PREFIX_PATH=/home/ubuntuuser/ros2_ws/install/crazyflie_interfaces:/home/ubuntuuser/ros2_ws/install/turtlebot3_simulations:/home/ubuntuuser/ros2_ws/install/turtlebot3_gazebo:/home/ubuntuuser/ros2_ws/install/turtlebot3_fake_node:/home/ubuntuuser/ros2_ws/install/crazyflie_sim:/home/ubuntuuser/ros2_ws/install/crazyflie_examples:/home/ubuntuuser/ros2_ws/install/crazyflie:/opt/ros/jazzy/opt/gz_sim_vendor:/opt/ros/jazzy/opt/gz_sensors_vendor:/opt/ros/jazzy/opt/gz_physics_vendor:/opt/ros/jazzy/opt/sdformat_vendor:/opt/ros/jazzy/opt/gz_gui_vendor:/opt/ros/jazzy/opt/gz_transport_vendor:/opt/ros/jazzy/opt/gz_rendering_vendor:/opt/ros/jazzy/opt/gz_plugin_vendor:/opt/ros/jazzy/opt/gz_fuel_tools_vendor:/opt/ros/jazzy/opt/gz_msgs_vendor:/opt/ros/jazzy/opt/gz_common_vendor:/opt/ros/jazzy/opt/gz_math_vendor:/opt/ros/jazzy/opt/gz_utils_vendor:/opt/ros/jazzy/opt/gz_tools_vendor:/opt/ros/jazzy/opt/gz_ogre_next_vendor:/opt/ros/jazzy/opt/gz_dartsim_vendor:/opt/ros/jazzy/opt/gz_cmake_vendor:/home/ubuntuuser/ros2_ws/install/turtlebot3_trailer:/home/ubuntuuser/ros2_ws/install/r7021e_exploration:/home/ubuntuuser/ros2_ws/install/crazyflie_py:/opt/ros/jazzy DEBUGINFOD_URLS=https://debuginfod.ubuntu.com PS1=(.venv) \[\e]0;\u@\h: \w\a\]${debian_chroot:+($debian_chroot)}\[\033[01;32m\]\u@\h\[\033[00m\]:\[\033[01;34m\]\w\[\033[00m\]\$ PYTHONPATH=/home/ubuntuuser/ros2_ws/install/crazyflie_py/lib/python3.12/site-packages:/home/ubuntuuser/ros2_ws/install/crazyflie_interfaces/lib/python3.12/site-packages:/home/ubuntuuser/ros2_ws/install/turtlebot3_trailer/lib/python3.12/site-packages:/home/ubuntuuser/ros2_ws/install/r7021e_exploration/lib/python3.12/site-packages:/home/ubuntuuser/ros2_ws/install/crazyflie_sim/lib/python3.12/site-packages:/home/ubuntuuser/ros2_ws/install/crazyflie_examples/lib/python3.12/site-packages:/opt/ros/jazzy/lib/python3.12/site-packages VIRTUAL_ENV_PROMPT=(.venv) /usr/bin/cmake --build /home/ubuntuuser/ros2_ws/build/crazyflie_examples -- -j4 -l4
[24.216s] DEBUG:colcon.colcon_core.event_handler.log_command:Invoked command in '/home/ubuntuuser/ros2_ws/build/crazyflie_examples' returned '0': AMENT_PREFIX_PATH=/home/ubuntuuser/ros2_ws/install/crazyflie_py:/home/ubuntuuser/ros2_ws/install/turtlebot3_trailer:/home/ubuntuuser/ros2_ws/install/turtlebot3_simulations:/home/ubuntuuser/ros2_ws/install/turtlebot3_gazebo:/home/ubuntuuser/ros2_ws/install/turtlebot3_fake_node:/home/ubuntuuser/ros2_ws/install/r7021e_exploration:/home/ubuntuuser/ros2_ws/install/crazyflie_sim:/home/ubuntuuser/ros2_ws/install/crazyflie_examples:/home/ubuntuuser/ros2_ws/install/crazyflie:/home/ubuntuuser/ros2_ws/install/crazyflie_interfaces:/opt/ros/jazzy CMAKE_PREFIX_PATH=/home/ubuntuuser/ros2_ws/install/crazyflie_interfaces:/home/ubuntuuser/ros2_ws/install/turtlebot3_simulations:/home/ubuntuuser/ros2_ws/install/turtlebot3_gazebo:/home/ubuntuuser/ros2_ws/install/turtlebot3_fake_node:/home/ubuntuuser/ros2_ws/install/crazyflie_sim:/home/ubuntuuser/ros2_ws/install/crazyflie_examples:/home/ubuntuuser/ros2_ws/install/crazyflie:/opt/ros/jazzy/opt/gz_sim_vendor:/opt/ros/jazzy/opt/gz_sensors_vendor:/opt/ros/jazzy/opt/gz_physics_vendor:/opt/ros/jazzy/opt/sdformat_vendor:/opt/ros/jazzy/opt/gz_gui_vendor:/opt/ros/jazzy/opt/gz_transport_vendor:/opt/ros/jazzy/opt/gz_rendering_vendor:/opt/ros/jazzy/opt/gz_plugin_vendor:/opt/ros/jazzy/opt/gz_fuel_tools_vendor:/opt/ros/jazzy/opt/gz_msgs_vendor:/opt/ros/jazzy/opt/gz_common_vendor:/opt/ros/jazzy/opt/gz_math_vendor:/opt/ros/jazzy/opt/gz_utils_vendor:/opt/ros/jazzy/opt/gz_tools_vendor:/opt/ros/jazzy/opt/gz_ogre_next_vendor:/opt/ros/jazzy/opt/gz_dartsim_vendor:/opt/ros/jazzy/opt/gz_cmake_vendor:/home/ubuntuuser/ros2_ws/install/turtlebot3_trailer:/home/ubuntuuser/ros2_ws/install/r7021e_exploration:/home/ubuntuuser/ros2_ws/install/crazyflie_py:/opt/ros/jazzy DEBUGINFOD_URLS=https://debuginfod.ubuntu.com PS1=(.venv) \[\e]0;\u@\h: \w\a\]${debian_chroot:+($debian_chroot)}\[\033[01;32m\]\u@\h\[\033[00m\]:\[\033[01;34m\]\w\[\033[00m\]\$ PYTHONPATH=/home/ubuntuuser/ros2_ws/install/crazyflie_py/lib/python3.12/site-packages:/home/ubuntuuser/ros2_ws/install/crazyflie_interfaces/lib/python3.12/site-packages:/home/ubuntuuser/ros2_ws/install/turtlebot3_trailer/lib/python3.12/site-packages:/home/ubuntuuser/ros2_ws/install/r7021e_exploration/lib/python3.12/site-packages:/home/ubuntuuser/ros2_ws/install/crazyflie_sim/lib/python3.12/site-packages:/home/ubuntuuser/ros2_ws/install/crazyflie_examples/lib/python3.12/site-packages:/opt/ros/jazzy/lib/python3.12/site-packages VIRTUAL_ENV_PROMPT=(.venv) /usr/bin/cmake --build /home/ubuntuuser/ros2_ws/build/crazyflie_examples -- -j4 -l4
[24.220s] DEBUG:colcon.colcon_core.event_handler.log_command:Invoking command in '/home/ubuntuuser/ros2_ws/build/crazyflie_examples': AMENT_PREFIX_PATH=/home/ubuntuuser/ros2_ws/install/crazyflie_py:/home/ubuntuuser/ros2_ws/install/turtlebot3_trailer:/home/ubuntuuser/ros2_ws/install/turtlebot3_simulations:/home/ubuntuuser/ros2_ws/install/turtlebot3_gazebo:/home/ubuntuuser/ros2_ws/install/turtlebot3_fake_node:/home/ubuntuuser/ros2_ws/install/r7021e_exploration:/home/ubuntuuser/ros2_ws/install/crazyflie_sim:/home/ubuntuuser/ros2_ws/install/crazyflie_examples:/home/ubuntuuser/ros2_ws/install/crazyflie:/home/ubuntuuser/ros2_ws/install/crazyflie_interfaces:/opt/ros/jazzy CMAKE_PREFIX_PATH=/home/ubuntuuser/ros2_ws/install/crazyflie_interfaces:/home/ubuntuuser/ros2_ws/install/turtlebot3_simulations:/home/ubuntuuser/ros2_ws/install/turtlebot3_gazebo:/home/ubuntuuser/ros2_ws/install/turtlebot3_fake_node:/home/ubuntuuser/ros2_ws/install/crazyflie_sim:/home/ubuntuuser/ros2_ws/install/crazyflie_examples:/home/ubuntuuser/ros2_ws/install/crazyflie:/opt/ros/jazzy/opt/gz_sim_vendor:/opt/ros/jazzy/opt/gz_sensors_vendor:/opt/ros/jazzy/opt/gz_physics_vendor:/opt/ros/jazzy/opt/sdformat_vendor:/opt/ros/jazzy/opt/gz_gui_vendor:/opt/ros/jazzy/opt/gz_transport_vendor:/opt/ros/jazzy/opt/gz_rendering_vendor:/opt/ros/jazzy/opt/gz_plugin_vendor:/opt/ros/jazzy/opt/gz_fuel_tools_vendor:/opt/ros/jazzy/opt/gz_msgs_vendor:/opt/ros/jazzy/opt/gz_common_vendor:/opt/ros/jazzy/opt/gz_math_vendor:/opt/ros/jazzy/opt/gz_utils_vendor:/opt/ros/jazzy/opt/gz_tools_vendor:/opt/ros/jazzy/opt/gz_ogre_next_vendor:/opt/ros/jazzy/opt/gz_dartsim_vendor:/opt/ros/jazzy/opt/gz_cmake_vendor:/home/ubuntuuser/ros2_ws/install/turtlebot3_trailer:/home/ubuntuuser/ros2_ws/install/r7021e_exploration:/home/ubuntuuser/ros2_ws/install/crazyflie_py:/opt/ros/jazzy DEBUGINFOD_URLS=https://debuginfod.ubuntu.com PS1=(.venv) \[\e]0;\u@\h: \w\a\]${debian_chroot:+($debian_chroot)}\[\033[01;32m\]\u@\h\[\033[00m\]:\[\033[01;34m\]\w\[\033[00m\]\$ PYTHONPATH=/home/ubuntuuser/ros2_ws/install/crazyflie_py/lib/python3.12/site-packages:/home/ubuntuuser/ros2_ws/install/crazyflie_interfaces/lib/python3.12/site-packages:/home/ubuntuuser/ros2_ws/install/turtlebot3_trailer/lib/python3.12/site-packages:/home/ubuntuuser/ros2_ws/install/r7021e_exploration/lib/python3.12/site-packages:/home/ubuntuuser/ros2_ws/install/crazyflie_sim/lib/python3.12/site-packages:/home/ubuntuuser/ros2_ws/install/crazyflie_examples/lib/python3.12/site-packages:/opt/ros/jazzy/lib/python3.12/site-packages VIRTUAL_ENV_PROMPT=(.venv) /usr/bin/cmake --install /home/ubuntuuser/ros2_ws/build/crazyflie_examples
[24.691s] Level 1:colcon.colcon_core.environment:create_environment_scripts_only(crazyflie_examples)
[24.691s] Level 1:colcon.colcon_core.environment:checking '/home/ubuntuuser/ros2_ws/install/crazyflie_examples' for CMake module files
[24.715s] Level 1:colcon.colcon_core.environment:checking '/home/ubuntuuser/ros2_ws/install/crazyflie_examples' for CMake config files
[24.716s] Level 1:colcon.colcon_core.shell:create_environment_hook('crazyflie_examples', 'cmake_prefix_path')
[24.721s] INFO:colcon.colcon_core.shell:Creating environment hook '/home/ubuntuuser/ros2_ws/install/crazyflie_examples/share/crazyflie_examples/hook/cmake_prefix_path.ps1'
[24.735s] DEBUG:colcon.colcon_core.event_handler.log_command:Invoked command in '/home/ubuntuuser/ros2_ws/build/crazyflie_examples' returned '0': AMENT_PREFIX_PATH=/home/ubuntuuser/ros2_ws/install/crazyflie_py:/home/ubuntuuser/ros2_ws/install/turtlebot3_trailer:/home/ubuntuuser/ros2_ws/install/turtlebot3_simulations:/home/ubuntuuser/ros2_ws/install/turtlebot3_gazebo:/home/ubuntuuser/ros2_ws/install/turtlebot3_fake_node:/home/ubuntuuser/ros2_ws/install/r7021e_exploration:/home/ubuntuuser/ros2_ws/install/crazyflie_sim:/home/ubuntuuser/ros2_ws/install/crazyflie_examples:/home/ubuntuuser/ros2_ws/install/crazyflie:/home/ubuntuuser/ros2_ws/install/crazyflie_interfaces:/opt/ros/jazzy CMAKE_PREFIX_PATH=/home/ubuntuuser/ros2_ws/install/crazyflie_interfaces:/home/ubuntuuser/ros2_ws/install/turtlebot3_simulations:/home/ubuntuuser/ros2_ws/install/turtlebot3_gazebo:/home/ubuntuuser/ros2_ws/install/turtlebot3_fake_node:/home/ubuntuuser/ros2_ws/install/crazyflie_sim:/home/ubuntuuser/ros2_ws/install/crazyflie_examples:/home/ubuntuuser/ros2_ws/install/crazyflie:/opt/ros/jazzy/opt/gz_sim_vendor:/opt/ros/jazzy/opt/gz_sensors_vendor:/opt/ros/jazzy/opt/gz_physics_vendor:/opt/ros/jazzy/opt/sdformat_vendor:/opt/ros/jazzy/opt/gz_gui_vendor:/opt/ros/jazzy/opt/gz_transport_vendor:/opt/ros/jazzy/opt/gz_rendering_vendor:/opt/ros/jazzy/opt/gz_plugin_vendor:/opt/ros/jazzy/opt/gz_fuel_tools_vendor:/opt/ros/jazzy/opt/gz_msgs_vendor:/opt/ros/jazzy/opt/gz_common_vendor:/opt/ros/jazzy/opt/gz_math_vendor:/opt/ros/jazzy/opt/gz_utils_vendor:/opt/ros/jazzy/opt/gz_tools_vendor:/opt/ros/jazzy/opt/gz_ogre_next_vendor:/opt/ros/jazzy/opt/gz_dartsim_vendor:/opt/ros/jazzy/opt/gz_cmake_vendor:/home/ubuntuuser/ros2_ws/install/turtlebot3_trailer:/home/ubuntuuser/ros2_ws/install/r7021e_exploration:/home/ubuntuuser/ros2_ws/install/crazyflie_py:/opt/ros/jazzy DEBUGINFOD_URLS=https://debuginfod.ubuntu.com PS1=(.venv) \[\e]0;\u@\h: \w\a\]${debian_chroot:+($debian_chroot)}\[\033[01;32m\]\u@\h\[\033[00m\]:\[\033[01;34m\]\w\[\033[00m\]\$ PYTHONPATH=/home/ubuntuuser/ros2_ws/install/crazyflie_py/lib/python3.12/site-packages:/home/ubuntuuser/ros2_ws/install/crazyflie_interfaces/lib/python3.12/site-packages:/home/ubuntuuser/ros2_ws/install/turtlebot3_trailer/lib/python3.12/site-packages:/home/ubuntuuser/ros2_ws/install/r7021e_exploration/lib/python3.12/site-packages:/home/ubuntuuser/ros2_ws/install/crazyflie_sim/lib/python3.12/site-packages:/home/ubuntuuser/ros2_ws/install/crazyflie_examples/lib/python3.12/site-packages:/opt/ros/jazzy/lib/python3.12/site-packages VIRTUAL_ENV_PROMPT=(.venv) /usr/bin/cmake --install /home/ubuntuuser/ros2_ws/build/crazyflie_examples
[24.736s] INFO:colcon.colcon_core.shell:Creating environment descriptor '/home/ubuntuuser/ros2_ws/install/crazyflie_examples/share/crazyflie_examples/hook/cmake_prefix_path.dsv'
[24.738s] INFO:colcon.colcon_core.shell:Creating environment hook '/home/ubuntuuser/ros2_ws/install/crazyflie_examples/share/crazyflie_examples/hook/cmake_prefix_path.sh'
[24.753s] Level 1:colcon.colcon_core.environment:checking '/home/ubuntuuser/ros2_ws/install/crazyflie_examples/lib'
[24.753s] Level 1:colcon.colcon_core.environment:checking '/home/ubuntuuser/ros2_ws/install/crazyflie_examples/bin'
[24.760s] Level 1:colcon.colcon_core.environment:checking '/home/ubuntuuser/ros2_ws/install/crazyflie_examples/lib/pkgconfig/crazyflie_examples.pc'
[24.760s] Level 1:colcon.colcon_core.environment:checking '/home/ubuntuuser/ros2_ws/install/crazyflie_examples/lib/python3.12/site-packages'
[24.761s] Level 1:colcon.colcon_core.shell:create_environment_hook('crazyflie_examples', 'pythonpath')
[24.761s] INFO:colcon.colcon_core.shell:Creating environment hook '/home/ubuntuuser/ros2_ws/install/crazyflie_examples/share/crazyflie_examples/hook/pythonpath.ps1'
[24.774s] INFO:colcon.colcon_core.shell:Creating environment descriptor '/home/ubuntuuser/ros2_ws/install/crazyflie_examples/share/crazyflie_examples/hook/pythonpath.dsv'
[24.783s] INFO:colcon.colcon_core.shell:Creating environment hook '/home/ubuntuuser/ros2_ws/install/crazyflie_examples/share/crazyflie_examples/hook/pythonpath.sh'
[24.803s] Level 1:colcon.colcon_core.environment:checking '/home/ubuntuuser/ros2_ws/install/crazyflie_examples/bin'
[24.805s] INFO:colcon.colcon_core.shell:Creating package script '/home/ubuntuuser/ros2_ws/install/crazyflie_examples/share/crazyflie_examples/package.ps1'
[24.816s] INFO:colcon.colcon_core.shell:Creating package descriptor '/home/ubuntuuser/ros2_ws/install/crazyflie_examples/share/crazyflie_examples/package.dsv'
[24.821s] INFO:colcon.colcon_core.shell:Creating package script '/home/ubuntuuser/ros2_ws/install/crazyflie_examples/share/crazyflie_examples/package.sh'
[24.825s] INFO:colcon.colcon_core.shell:Creating package script '/home/ubuntuuser/ros2_ws/install/crazyflie_examples/share/crazyflie_examples/package.bash'
[24.827s] INFO:colcon.colcon_core.shell:Creating package script '/home/ubuntuuser/ros2_ws/install/crazyflie_examples/share/crazyflie_examples/package.zsh'
[24.828s] Level 1:colcon.colcon_core.environment:create_file_with_runtime_dependencies(/home/ubuntuuser/ros2_ws/install/crazyflie_examples/share/colcon-core/packages/crazyflie_examples)
[24.829s] Level 1:colcon.colcon_core.environment:create_environment_scripts_only(crazyflie_examples)
[24.830s] Level 1:colcon.colcon_core.environment:checking '/home/ubuntuuser/ros2_ws/install/crazyflie_examples' for CMake module files
[24.831s] Level 1:colcon.colcon_core.environment:checking '/home/ubuntuuser/ros2_ws/install/crazyflie_examples' for CMake config files
[24.832s] Level 1:colcon.colcon_core.shell:create_environment_hook('crazyflie_examples', 'cmake_prefix_path')
[24.832s] INFO:colcon.colcon_core.shell:Creating environment hook '/home/ubuntuuser/ros2_ws/install/crazyflie_examples/share/crazyflie_examples/hook/cmake_prefix_path.ps1'
[24.834s] INFO:colcon.colcon_core.shell:Creating environment descriptor '/home/ubuntuuser/ros2_ws/install/crazyflie_examples/share/crazyflie_examples/hook/cmake_prefix_path.dsv'
[24.836s] INFO:colcon.colcon_core.shell:Creating environment hook '/home/ubuntuuser/ros2_ws/install/crazyflie_examples/share/crazyflie_examples/hook/cmake_prefix_path.sh'
[24.839s] Level 1:colcon.colcon_core.environment:checking '/home/ubuntuuser/ros2_ws/install/crazyflie_examples/lib'
[24.840s] Level 1:colcon.colcon_core.environment:checking '/home/ubuntuuser/ros2_ws/install/crazyflie_examples/bin'
[24.840s] Level 1:colcon.colcon_core.environment:checking '/home/ubuntuuser/ros2_ws/install/crazyflie_examples/lib/pkgconfig/crazyflie_examples.pc'
[24.841s] Level 1:colcon.colcon_core.environment:checking '/home/ubuntuuser/ros2_ws/install/crazyflie_examples/lib/python3.12/site-packages'
[24.841s] Level 1:colcon.colcon_core.shell:create_environment_hook('crazyflie_examples', 'pythonpath')
[24.842s] INFO:colcon.colcon_core.shell:Creating environment hook '/home/ubuntuuser/ros2_ws/install/crazyflie_examples/share/crazyflie_examples/hook/pythonpath.ps1'
[24.844s] INFO:colcon.colcon_core.shell:Creating environment descriptor '/home/ubuntuuser/ros2_ws/install/crazyflie_examples/share/crazyflie_examples/hook/pythonpath.dsv'
[24.845s] INFO:colcon.colcon_core.shell:Creating environment hook '/home/ubuntuuser/ros2_ws/install/crazyflie_examples/share/crazyflie_examples/hook/pythonpath.sh'
[24.848s] Level 1:colcon.colcon_core.environment:checking '/home/ubuntuuser/ros2_ws/install/crazyflie_examples/bin'
[24.848s] INFO:colcon.colcon_core.shell:Creating package script '/home/ubuntuuser/ros2_ws/install/crazyflie_examples/share/crazyflie_examples/package.ps1'
[24.852s] INFO:colcon.colcon_core.shell:Creating package descriptor '/home/ubuntuuser/ros2_ws/install/crazyflie_examples/share/crazyflie_examples/package.dsv'
[24.854s] INFO:colcon.colcon_core.shell:Creating package script '/home/ubuntuuser/ros2_ws/install/crazyflie_examples/share/crazyflie_examples/package.sh'
[24.857s] INFO:colcon.colcon_core.shell:Creating package script '/home/ubuntuuser/ros2_ws/install/crazyflie_examples/share/crazyflie_examples/package.bash'
[24.861s] INFO:colcon.colcon_core.shell:Creating package script '/home/ubuntuuser/ros2_ws/install/crazyflie_examples/share/crazyflie_examples/package.zsh'
[24.865s] Level 1:colcon.colcon_core.environment:create_file_with_runtime_dependencies(/home/ubuntuuser/ros2_ws/install/crazyflie_examples/share/colcon-core/packages/crazyflie_examples)
[24.866s] DEBUG:colcon.colcon_parallel_executor.executor.parallel:closing loop
[24.869s] DEBUG:colcon.colcon_parallel_executor.executor.parallel:loop closed
[24.869s] DEBUG:colcon.colcon_parallel_executor.executor.parallel:run_until_complete finished with '0'
[24.869s] DEBUG:colcon.colcon_core.event_reactor:joining thread
[24.888s] INFO:colcon.colcon_core.plugin_system:Skipping extension 'colcon_notification.desktop_notification.notify2': 'notify2' not found
[24.889s] INFO:colcon.colcon_core.plugin_system:Skipping extension 'colcon_notification.desktop_notification.terminal_notifier': Not used on non-Darwin systems
[24.889s] INFO:colcon.colcon_core.plugin_system:Skipping extension 'colcon_notification.desktop_notification.win32': Not used on non-Windows systems
[24.890s] INFO:colcon.colcon_notification.desktop_notification:Sending desktop notification using 'notify_send'
[25.117s] DEBUG:colcon.colcon_core.event_reactor:joined thread
[25.118s] INFO:colcon.colcon_core.shell:Creating prefix script '/home/ubuntuuser/ros2_ws/install/local_setup.ps1'
[25.131s] INFO:colcon.colcon_core.shell:Creating prefix util module '/home/ubuntuuser/ros2_ws/install/_local_setup_util_ps1.py'
[25.144s] INFO:colcon.colcon_core.shell:Creating prefix chain script '/home/ubuntuuser/ros2_ws/install/setup.ps1'
[25.157s] INFO:colcon.colcon_core.shell:Creating prefix script '/home/ubuntuuser/ros2_ws/install/local_setup.sh'
[25.162s] INFO:colcon.colcon_core.shell:Creating prefix util module '/home/ubuntuuser/ros2_ws/install/_local_setup_util_sh.py'
[25.171s] INFO:colcon.colcon_core.shell:Creating prefix chain script '/home/ubuntuuser/ros2_ws/install/setup.sh'
[25.188s] INFO:colcon.colcon_core.shell:Creating prefix script '/home/ubuntuuser/ros2_ws/install/local_setup.bash'
[25.191s] INFO:colcon.colcon_core.shell:Creating prefix chain script '/home/ubuntuuser/ros2_ws/install/setup.bash'
[25.199s] INFO:colcon.colcon_core.shell:Creating prefix script '/home/ubuntuuser/ros2_ws/install/local_setup.zsh'
[25.203s] INFO:colcon.colcon_core.shell:Creating prefix chain script '/home/ubuntuuser/ros2_ws/install/setup.zsh'
