[0.235s] DEBUG:colcon:Command line arguments: ['/home/ubuntuuser/ros2_ws/.venv/bin/colcon', 'build']
[0.236s] DEBUG:colcon:Parsed command line arguments: Namespace(log_base=None, log_level=None, verb_name='build', build_base='build', install_base='install', merge_install=False, symlink_install=False, test_result_base=None, continue_on_error=False, executor='parallel', parallel_workers=4, event_handlers=None, ignore_user_meta=False, metas=['./colcon.meta'], base_paths=['.'], packages_ignore=None, packages_ignore_regex=None, paths=None, packages_up_to=None, packages_up_to_regex=None, packages_above=None, packages_above_and_dependencies=None, packages_above_depth=None, packages_select_by_dep=None, packages_skip_by_dep=None, packages_skip_up_to=None, packages_select_build_failed=False, packages_skip_build_finished=False, packages_select_test_failures=False, packages_skip_test_passed=False, packages_select=None, packages_skip=None, packages_select_regex=None, packages_skip_regex=None, packages_start=None, packages_end=None, cmake_args=None, cmake_target=None, cmake_target_skip_unavailable=False, cmake_clean_cache=False, cmake_clean_first=False, cmake_force_configure=False, ament_cmake_args=None, catkin_cmake_args=None, catkin_skip_building_tests=False, verb_parser=<colcon_defaults.argument_parser.defaults.DefaultArgumentsDecorator object at 0x7851475065d0>, verb_extension=<colcon_core.verb.build.BuildVerb object at 0x7851475064e0>, main=<bound method BuildVerb.main of <colcon_core.verb.build.BuildVerb object at 0x7851475064e0>>)
[0.298s] Level 1:colcon.colcon_core.package_discovery:discover_packages(colcon_meta) check parameters
[0.298s] Level 1:colcon.colcon_core.package_discovery:discover_packages(recursive) check parameters
[0.298s] Level 1:colcon.colcon_core.package_discovery:discover_packages(ignore) check parameters
[0.298s] Level 1:colcon.colcon_core.package_discovery:discover_packages(path) check parameters
[0.298s] Level 1:colcon.colcon_core.package_discovery:discover_packages(colcon_meta) discover
[0.298s] Level 1:colcon.colcon_core.package_discovery:discover_packages(recursive) discover
[0.298s] INFO:colcon.colcon_core.package_discovery:Crawling recursively for packages in '/home/ubuntuuser/ros2_ws'
[0.298s] Level 1:colcon.colcon_core.package_identification:_identify(.) by extensions ['ignore', 'ignore_ament_install']
[0.299s] Level 1:colcon.colcon_core.package_identification:_identify(.) by extension 'ignore'
[0.299s] Level 1:colcon.colcon_core.package_identification:_identify(.) by extension 'ignore_ament_install'
[0.299s] Level 1:colcon.colcon_core.package_identification:_identify(.) by extensions ['colcon_pkg']
[0.299s] Level 1:colcon.colcon_core.package_identification:_identify(.) by extension 'colcon_pkg'
[0.299s] Level 1:colcon.colcon_core.package_identification:_identify(.) by extensions ['colcon_meta']
[0.299s] Level 1:colcon.colcon_core.package_identification:_identify(.) by extension 'colcon_meta'
[0.299s] Level 1:colcon.colcon_core.package_identification:_identify(.) by extensions ['ros']
[0.299s] Level 1:colcon.colcon_core.package_identification:_identify(.) by extension 'ros'
[0.340s] Level 1:colcon.colcon_core.package_identification:_identify(.) by extensions ['cmake', 'python']
[0.341s] Level 1:colcon.colcon_core.package_identification:_identify(.) by extension 'cmake'
[0.341s] Level 1:colcon.colcon_core.package_identification:_identify(.) by extension 'python'
[0.341s] Level 1:colcon.colcon_core.package_identification:_identify(.) by extensions ['python_setup_py']
[0.341s] Level 1:colcon.colcon_core.package_identification:_identify(.) by extension 'python_setup_py'
[0.341s] Level 1:colcon.colcon_core.package_identification:_identify(build) by extensions ['ignore', 'ignore_ament_install']
[0.341s] Level 1:colcon.colcon_core.package_identification:_identify(build) by extension 'ignore'
[0.341s] Level 1:colcon.colcon_core.package_identification:_identify(build) ignored
[0.341s] Level 1:colcon.colcon_core.package_identification:_identify(install) by extensions ['ignore', 'ignore_ament_install']
[0.342s] Level 1:colcon.colcon_core.package_identification:_identify(install) by extension 'ignore'
[0.342s] Level 1:colcon.colcon_core.package_identification:_identify(install) ignored
[0.342s] Level 1:colcon.colcon_core.package_identification:_identify(log) by extensions ['ignore', 'ignore_ament_install']
[0.342s] Level 1:colcon.colcon_core.package_identification:_identify(log) by extension 'ignore'
[0.342s] Level 1:colcon.colcon_core.package_identification:_identify(log) ignored
[0.342s] Level 1:colcon.colcon_core.package_identification:_identify(src) by extensions ['ignore', 'ignore_ament_install']
[0.343s] Level 1:colcon.colcon_core.package_identification:_identify(src) by extension 'ignore'
[0.343s] Level 1:colcon.colcon_core.package_identification:_identify(src) by extension 'ignore_ament_install'
[0.343s] Level 1:colcon.colcon_core.package_identification:_identify(src) by extensions ['colcon_pkg']
[0.343s] Level 1:colcon.colcon_core.package_identification:_identify(src) by extension 'colcon_pkg'
[0.343s] Level 1:colcon.colcon_core.package_identification:_identify(src) by extensions ['colcon_meta']
[0.343s] Level 1:colcon.colcon_core.package_identification:_identify(src) by extension 'colcon_meta'
[0.343s] Level 1:colcon.colcon_core.package_identification:_identify(src) by extensions ['ros']
[0.343s] Level 1:colcon.colcon_core.package_identification:_identify(src) by extension 'ros'
[0.343s] Level 1:colcon.colcon_core.package_identification:_identify(src) by extensions ['cmake', 'python']
[0.344s] Level 1:colcon.colcon_core.package_identification:_identify(src) by extension 'cmake'
[0.344s] Level 1:colcon.colcon_core.package_identification:_identify(src) by extension 'python'
[0.344s] Level 1:colcon.colcon_core.package_identification:_identify(src) by extensions ['python_setup_py']
[0.344s] Level 1:colcon.colcon_core.package_identification:_identify(src) by extension 'python_setup_py'
[0.344s] Level 1:colcon.colcon_core.package_identification:_identify(src/build) by extensions ['ignore', 'ignore_ament_install']
[0.344s] Level 1:colcon.colcon_core.package_identification:_identify(src/build) by extension 'ignore'
[0.344s] Level 1:colcon.colcon_core.package_identification:_identify(src/build) ignored
[0.344s] Level 1:colcon.colcon_core.package_identification:_identify(src/crazyswarm2) by extensions ['ignore', 'ignore_ament_install']
[0.345s] Level 1:colcon.colcon_core.package_identification:_identify(src/crazyswarm2) by extension 'ignore'
[0.345s] Level 1:colcon.colcon_core.package_identification:_identify(src/crazyswarm2) by extension 'ignore_ament_install'
[0.345s] Level 1:colcon.colcon_core.package_identification:_identify(src/crazyswarm2) by extensions ['colcon_pkg']
[0.345s] Level 1:colcon.colcon_core.package_identification:_identify(src/crazyswarm2) by extension 'colcon_pkg'
[0.345s] Level 1:colcon.colcon_core.package_identification:_identify(src/crazyswarm2) by extensions ['colcon_meta']
[0.345s] Level 1:colcon.colcon_core.package_identification:_identify(src/crazyswarm2) by extension 'colcon_meta'
[0.345s] Level 1:colcon.colcon_core.package_identification:_identify(src/crazyswarm2) by extensions ['ros']
[0.345s] Level 1:colcon.colcon_core.package_identification:_identify(src/crazyswarm2) by extension 'ros'
[0.345s] Level 1:colcon.colcon_core.package_identification:_identify(src/crazyswarm2) by extensions ['cmake', 'python']
[0.345s] Level 1:colcon.colcon_core.package_identification:_identify(src/crazyswarm2) by extension 'cmake'
[0.345s] Level 1:colcon.colcon_core.package_identification:_identify(src/crazyswarm2) by extension 'python'
[0.345s] Level 1:colcon.colcon_core.package_identification:_identify(src/crazyswarm2) by extensions ['python_setup_py']
[0.346s] Level 1:colcon.colcon_core.package_identification:_identify(src/crazyswarm2) by extension 'python_setup_py'
[0.346s] Level 1:colcon.colcon_core.package_identification:_identify(src/crazyswarm2/crazyflie) by extensions ['ignore', 'ignore_ament_install']
[0.346s] Level 1:colcon.colcon_core.package_identification:_identify(src/crazyswarm2/crazyflie) by extension 'ignore'
[0.346s] Level 1:colcon.colcon_core.package_identification:_identify(src/crazyswarm2/crazyflie) by extension 'ignore_ament_install'
[0.346s] Level 1:colcon.colcon_core.package_identification:_identify(src/crazyswarm2/crazyflie) by extensions ['colcon_pkg']
[0.346s] Level 1:colcon.colcon_core.package_identification:_identify(src/crazyswarm2/crazyflie) by extension 'colcon_pkg'
[0.346s] Level 1:colcon.colcon_core.package_identification:_identify(src/crazyswarm2/crazyflie) by extensions ['colcon_meta']
[0.346s] Level 1:colcon.colcon_core.package_identification:_identify(src/crazyswarm2/crazyflie) by extension 'colcon_meta'
[0.346s] Level 1:colcon.colcon_core.package_identification:_identify(src/crazyswarm2/crazyflie) by extensions ['ros']
[0.346s] Level 1:colcon.colcon_core.package_identification:_identify(src/crazyswarm2/crazyflie) by extension 'ros'
[0.352s] DEBUG:colcon.colcon_core.package_identification:Package 'src/crazyswarm2/crazyflie' with type 'ros.ament_cmake' and name 'crazyflie'
[0.352s] Level 1:colcon.colcon_core.package_identification:_identify(src/crazyswarm2/crazyflie_examples) by extensions ['ignore', 'ignore_ament_install']
[0.353s] Level 1:colcon.colcon_core.package_identification:_identify(src/crazyswarm2/crazyflie_examples) by extension 'ignore'
[0.353s] Level 1:colcon.colcon_core.package_identification:_identify(src/crazyswarm2/crazyflie_examples) by extension 'ignore_ament_install'
[0.353s] Level 1:colcon.colcon_core.package_identification:_identify(src/crazyswarm2/crazyflie_examples) by extensions ['colcon_pkg']
[0.353s] Level 1:colcon.colcon_core.package_identification:_identify(src/crazyswarm2/crazyflie_examples) by extension 'colcon_pkg'
[0.353s] Level 1:colcon.colcon_core.package_identification:_identify(src/crazyswarm2/crazyflie_examples) by extensions ['colcon_meta']
[0.353s] Level 1:colcon.colcon_core.package_identification:_identify(src/crazyswarm2/crazyflie_examples) by extension 'colcon_meta'
[0.353s] Level 1:colcon.colcon_core.package_identification:_identify(src/crazyswarm2/crazyflie_examples) by extensions ['ros']
[0.353s] Level 1:colcon.colcon_core.package_identification:_identify(src/crazyswarm2/crazyflie_examples) by extension 'ros'
[0.354s] DEBUG:colcon.colcon_core.package_identification:Package 'src/crazyswarm2/crazyflie_examples' with type 'ros.ament_cmake' and name 'crazyflie_examples'
[0.354s] Level 1:colcon.colcon_core.package_identification:_identify(src/crazyswarm2/crazyflie_interfaces) by extensions ['ignore', 'ignore_ament_install']
[0.355s] Level 1:colcon.colcon_core.package_identification:_identify(src/crazyswarm2/crazyflie_interfaces) by extension 'ignore'
[0.355s] Level 1:colcon.colcon_core.package_identification:_identify(src/crazyswarm2/crazyflie_interfaces) by extension 'ignore_ament_install'
[0.355s] Level 1:colcon.colcon_core.package_identification:_identify(src/crazyswarm2/crazyflie_interfaces) by extensions ['colcon_pkg']
[0.355s] Level 1:colcon.colcon_core.package_identification:_identify(src/crazyswarm2/crazyflie_interfaces) by extension 'colcon_pkg'
[0.355s] Level 1:colcon.colcon_core.package_identification:_identify(src/crazyswarm2/crazyflie_interfaces) by extensions ['colcon_meta']
[0.355s] Level 1:colcon.colcon_core.package_identification:_identify(src/crazyswarm2/crazyflie_interfaces) by extension 'colcon_meta'
[0.355s] Level 1:colcon.colcon_core.package_identification:_identify(src/crazyswarm2/crazyflie_interfaces) by extensions ['ros']
[0.355s] Level 1:colcon.colcon_core.package_identification:_identify(src/crazyswarm2/crazyflie_interfaces) by extension 'ros'
[0.357s] DEBUG:colcon.colcon_core.package_identification:Package 'src/crazyswarm2/crazyflie_interfaces' with type 'ros.ament_cmake' and name 'crazyflie_interfaces'
[0.357s] Level 1:colcon.colcon_core.package_identification:_identify(src/crazyswarm2/crazyflie_py) by extensions ['ignore', 'ignore_ament_install']
[0.357s] Level 1:colcon.colcon_core.package_identification:_identify(src/crazyswarm2/crazyflie_py) by extension 'ignore'
[0.357s] Level 1:colcon.colcon_core.package_identification:_identify(src/crazyswarm2/crazyflie_py) by extension 'ignore_ament_install'
[0.357s] Level 1:colcon.colcon_core.package_identification:_identify(src/crazyswarm2/crazyflie_py) by extensions ['colcon_pkg']
[0.358s] Level 1:colcon.colcon_core.package_identification:_identify(src/crazyswarm2/crazyflie_py) by extension 'colcon_pkg'
[0.358s] Level 1:colcon.colcon_core.package_identification:_identify(src/crazyswarm2/crazyflie_py) by extensions ['colcon_meta']
[0.358s] Level 1:colcon.colcon_core.package_identification:_identify(src/crazyswarm2/crazyflie_py) by extension 'colcon_meta'
[0.358s] Level 1:colcon.colcon_core.package_identification:_identify(src/crazyswarm2/crazyflie_py) by extensions ['ros']
[0.358s] Level 1:colcon.colcon_core.package_identification:_identify(src/crazyswarm2/crazyflie_py) by extension 'ros'
[0.359s] DEBUG:colcon.colcon_core.package_identification:Package 'src/crazyswarm2/crazyflie_py' with type 'ros.ament_python' and name 'crazyflie_py'
[0.359s] Level 1:colcon.colcon_core.package_identification:_identify(src/crazyswarm2/crazyflie_sim) by extensions ['ignore', 'ignore_ament_install']
[0.359s] Level 1:colcon.colcon_core.package_identification:_identify(src/crazyswarm2/crazyflie_sim) by extension 'ignore'
[0.359s] Level 1:colcon.colcon_core.package_identification:_identify(src/crazyswarm2/crazyflie_sim) by extension 'ignore_ament_install'
[0.359s] Level 1:colcon.colcon_core.package_identification:_identify(src/crazyswarm2/crazyflie_sim) by extensions ['colcon_pkg']
[0.359s] Level 1:colcon.colcon_core.package_identification:_identify(src/crazyswarm2/crazyflie_sim) by extension 'colcon_pkg'
[0.359s] Level 1:colcon.colcon_core.package_identification:_identify(src/crazyswarm2/crazyflie_sim) by extensions ['colcon_meta']
[0.360s] Level 1:colcon.colcon_core.package_identification:_identify(src/crazyswarm2/crazyflie_sim) by extension 'colcon_meta'
[0.360s] Level 1:colcon.colcon_core.package_identification:_identify(src/crazyswarm2/crazyflie_sim) by extensions ['ros']
[0.360s] Level 1:colcon.colcon_core.package_identification:_identify(src/crazyswarm2/crazyflie_sim) by extension 'ros'
[0.361s] DEBUG:colcon.colcon_core.package_identification:Package 'src/crazyswarm2/crazyflie_sim' with type 'ros.ament_cmake' and name 'crazyflie_sim'
[0.361s] Level 1:colcon.colcon_core.package_identification:_identify(src/crazyswarm2/docs) by extensions ['ignore', 'ignore_ament_install']
[0.361s] Level 1:colcon.colcon_core.package_identification:_identify(src/crazyswarm2/docs) by extension 'ignore'
[0.361s] Level 1:colcon.colcon_core.package_identification:_identify(src/crazyswarm2/docs) by extension 'ignore_ament_install'
[0.361s] Level 1:colcon.colcon_core.package_identification:_identify(src/crazyswarm2/docs) by extensions ['colcon_pkg']
[0.361s] Level 1:colcon.colcon_core.package_identification:_identify(src/crazyswarm2/docs) by extension 'colcon_pkg'
[0.361s] Level 1:colcon.colcon_core.package_identification:_identify(src/crazyswarm2/docs) by extensions ['colcon_meta']
[0.361s] Level 1:colcon.colcon_core.package_identification:_identify(src/crazyswarm2/docs) by extension 'colcon_meta'
[0.361s] Level 1:colcon.colcon_core.package_identification:_identify(src/crazyswarm2/docs) by extensions ['ros']
[0.362s] Level 1:colcon.colcon_core.package_identification:_identify(src/crazyswarm2/docs) by extension 'ros'
[0.362s] Level 1:colcon.colcon_core.package_identification:_identify(src/crazyswarm2/docs) by extensions ['cmake', 'python']
[0.362s] Level 1:colcon.colcon_core.package_identification:_identify(src/crazyswarm2/docs) by extension 'cmake'
[0.362s] Level 1:colcon.colcon_core.package_identification:_identify(src/crazyswarm2/docs) by extension 'python'
[0.362s] Level 1:colcon.colcon_core.package_identification:_identify(src/crazyswarm2/docs) by extensions ['python_setup_py']
[0.362s] Level 1:colcon.colcon_core.package_identification:_identify(src/crazyswarm2/docs) by extension 'python_setup_py'
[0.362s] Level 1:colcon.colcon_core.package_identification:_identify(src/crazyswarm2/docs/generated) by extensions ['ignore', 'ignore_ament_install']
[0.362s] Level 1:colcon.colcon_core.package_identification:_identify(src/crazyswarm2/docs/generated) by extension 'ignore'
[0.362s] Level 1:colcon.colcon_core.package_identification:_identify(src/crazyswarm2/docs/generated) by extension 'ignore_ament_install'
[0.363s] Level 1:colcon.colcon_core.package_identification:_identify(src/crazyswarm2/docs/generated) by extensions ['colcon_pkg']
[0.363s] Level 1:colcon.colcon_core.package_identification:_identify(src/crazyswarm2/docs/generated) by extension 'colcon_pkg'
[0.363s] Level 1:colcon.colcon_core.package_identification:_identify(src/crazyswarm2/docs/generated) by extensions ['colcon_meta']
[0.363s] Level 1:colcon.colcon_core.package_identification:_identify(src/crazyswarm2/docs/generated) by extension 'colcon_meta'
[0.363s] Level 1:colcon.colcon_core.package_identification:_identify(src/crazyswarm2/docs/generated) by extensions ['ros']
[0.363s] Level 1:colcon.colcon_core.package_identification:_identify(src/crazyswarm2/docs/generated) by extension 'ros'
[0.363s] Level 1:colcon.colcon_core.package_identification:_identify(src/crazyswarm2/docs/generated) by extensions ['cmake', 'python']
[0.363s] Level 1:colcon.colcon_core.package_identification:_identify(src/crazyswarm2/docs/generated) by extension 'cmake'
[0.363s] Level 1:colcon.colcon_core.package_identification:_identify(src/crazyswarm2/docs/generated) by extension 'python'
[0.363s] Level 1:colcon.colcon_core.package_identification:_identify(src/crazyswarm2/docs/generated) by extensions ['python_setup_py']
[0.363s] Level 1:colcon.colcon_core.package_identification:_identify(src/crazyswarm2/docs/generated) by extension 'python_setup_py'
[0.363s] Level 1:colcon.colcon_core.package_identification:_identify(src/crazyswarm2/docs/howto) by extensions ['ignore', 'ignore_ament_install']
[0.364s] Level 1:colcon.colcon_core.package_identification:_identify(src/crazyswarm2/docs/howto) by extension 'ignore'
[0.364s] Level 1:colcon.colcon_core.package_identification:_identify(src/crazyswarm2/docs/howto) by extension 'ignore_ament_install'
[0.364s] Level 1:colcon.colcon_core.package_identification:_identify(src/crazyswarm2/docs/howto) by extensions ['colcon_pkg']
[0.364s] Level 1:colcon.colcon_core.package_identification:_identify(src/crazyswarm2/docs/howto) by extension 'colcon_pkg'
[0.364s] Level 1:colcon.colcon_core.package_identification:_identify(src/crazyswarm2/docs/howto) by extensions ['colcon_meta']
[0.364s] Level 1:colcon.colcon_core.package_identification:_identify(src/crazyswarm2/docs/howto) by extension 'colcon_meta'
[0.364s] Level 1:colcon.colcon_core.package_identification:_identify(src/crazyswarm2/docs/howto) by extensions ['ros']
[0.364s] Level 1:colcon.colcon_core.package_identification:_identify(src/crazyswarm2/docs/howto) by extension 'ros'
[0.364s] Level 1:colcon.colcon_core.package_identification:_identify(src/crazyswarm2/docs/howto) by extensions ['cmake', 'python']
[0.364s] Level 1:colcon.colcon_core.package_identification:_identify(src/crazyswarm2/docs/howto) by extension 'cmake'
[0.364s] Level 1:colcon.colcon_core.package_identification:_identify(src/crazyswarm2/docs/howto) by extension 'python'
[0.365s] Level 1:colcon.colcon_core.package_identification:_identify(src/crazyswarm2/docs/howto) by extensions ['python_setup_py']
[0.365s] Level 1:colcon.colcon_core.package_identification:_identify(src/crazyswarm2/docs/howto) by extension 'python_setup_py'
[0.365s] Level 1:colcon.colcon_core.package_identification:_identify(src/crazyswarm2/docs/images) by extensions ['ignore', 'ignore_ament_install']
[0.365s] Level 1:colcon.colcon_core.package_identification:_identify(src/crazyswarm2/docs/images) by extension 'ignore'
[0.365s] Level 1:colcon.colcon_core.package_identification:_identify(src/crazyswarm2/docs/images) by extension 'ignore_ament_install'
[0.365s] Level 1:colcon.colcon_core.package_identification:_identify(src/crazyswarm2/docs/images) by extensions ['colcon_pkg']
[0.365s] Level 1:colcon.colcon_core.package_identification:_identify(src/crazyswarm2/docs/images) by extension 'colcon_pkg'
[0.365s] Level 1:colcon.colcon_core.package_identification:_identify(src/crazyswarm2/docs/images) by extensions ['colcon_meta']
[0.365s] Level 1:colcon.colcon_core.package_identification:_identify(src/crazyswarm2/docs/images) by extension 'colcon_meta'
[0.366s] Level 1:colcon.colcon_core.package_identification:_identify(src/crazyswarm2/docs/images) by extensions ['ros']
[0.366s] Level 1:colcon.colcon_core.package_identification:_identify(src/crazyswarm2/docs/images) by extension 'ros'
[0.366s] Level 1:colcon.colcon_core.package_identification:_identify(src/crazyswarm2/docs/images) by extensions ['cmake', 'python']
[0.366s] Level 1:colcon.colcon_core.package_identification:_identify(src/crazyswarm2/docs/images) by extension 'cmake'
[0.366s] Level 1:colcon.colcon_core.package_identification:_identify(src/crazyswarm2/docs/images) by extension 'python'
[0.366s] Level 1:colcon.colcon_core.package_identification:_identify(src/crazyswarm2/docs/images) by extensions ['python_setup_py']
[0.366s] Level 1:colcon.colcon_core.package_identification:_identify(src/crazyswarm2/docs/images) by extension 'python_setup_py'
[0.366s] Level 1:colcon.colcon_core.package_identification:_identify(src/crazyswarm2/docs/tutorials) by extensions ['ignore', 'ignore_ament_install']
[0.366s] Level 1:colcon.colcon_core.package_identification:_identify(src/crazyswarm2/docs/tutorials) by extension 'ignore'
[0.367s] Level 1:colcon.colcon_core.package_identification:_identify(src/crazyswarm2/docs/tutorials) by extension 'ignore_ament_install'
[0.367s] Level 1:colcon.colcon_core.package_identification:_identify(src/crazyswarm2/docs/tutorials) by extensions ['colcon_pkg']
[0.367s] Level 1:colcon.colcon_core.package_identification:_identify(src/crazyswarm2/docs/tutorials) by extension 'colcon_pkg'
[0.367s] Level 1:colcon.colcon_core.package_identification:_identify(src/crazyswarm2/docs/tutorials) by extensions ['colcon_meta']
[0.367s] Level 1:colcon.colcon_core.package_identification:_identify(src/crazyswarm2/docs/tutorials) by extension 'colcon_meta'
[0.367s] Level 1:colcon.colcon_core.package_identification:_identify(src/crazyswarm2/docs/tutorials) by extensions ['ros']
[0.367s] Level 1:colcon.colcon_core.package_identification:_identify(src/crazyswarm2/docs/tutorials) by extension 'ros'
[0.367s] Level 1:colcon.colcon_core.package_identification:_identify(src/crazyswarm2/docs/tutorials) by extensions ['cmake', 'python']
[0.367s] Level 1:colcon.colcon_core.package_identification:_identify(src/crazyswarm2/docs/tutorials) by extension 'cmake'
[0.367s] Level 1:colcon.colcon_core.package_identification:_identify(src/crazyswarm2/docs/tutorials) by extension 'python'
[0.367s] Level 1:colcon.colcon_core.package_identification:_identify(src/crazyswarm2/docs/tutorials) by extensions ['python_setup_py']
[0.368s] Level 1:colcon.colcon_core.package_identification:_identify(src/crazyswarm2/docs/tutorials) by extension 'python_setup_py'
[0.368s] Level 1:colcon.colcon_core.package_identification:_identify(src/crazyswarm2/docs2) by extensions ['ignore', 'ignore_ament_install']
[0.368s] Level 1:colcon.colcon_core.package_identification:_identify(src/crazyswarm2/docs2) by extension 'ignore'
[0.368s] Level 1:colcon.colcon_core.package_identification:_identify(src/crazyswarm2/docs2) by extension 'ignore_ament_install'
[0.368s] Level 1:colcon.colcon_core.package_identification:_identify(src/crazyswarm2/docs2) by extensions ['colcon_pkg']
[0.368s] Level 1:colcon.colcon_core.package_identification:_identify(src/crazyswarm2/docs2) by extension 'colcon_pkg'
[0.368s] Level 1:colcon.colcon_core.package_identification:_identify(src/crazyswarm2/docs2) by extensions ['colcon_meta']
[0.368s] Level 1:colcon.colcon_core.package_identification:_identify(src/crazyswarm2/docs2) by extension 'colcon_meta'
[0.368s] Level 1:colcon.colcon_core.package_identification:_identify(src/crazyswarm2/docs2) by extensions ['ros']
[0.368s] Level 1:colcon.colcon_core.package_identification:_identify(src/crazyswarm2/docs2) by extension 'ros'
[0.369s] Level 1:colcon.colcon_core.package_identification:_identify(src/crazyswarm2/docs2) by extensions ['cmake', 'python']
[0.369s] Level 1:colcon.colcon_core.package_identification:_identify(src/crazyswarm2/docs2) by extension 'cmake'
[0.369s] Level 1:colcon.colcon_core.package_identification:_identify(src/crazyswarm2/docs2) by extension 'python'
[0.369s] Level 1:colcon.colcon_core.package_identification:_identify(src/crazyswarm2/docs2) by extensions ['python_setup_py']
[0.369s] Level 1:colcon.colcon_core.package_identification:_identify(src/crazyswarm2/docs2) by extension 'python_setup_py'
[0.369s] Level 1:colcon.colcon_core.package_identification:_identify(src/crazyswarm2/docs2/images) by extensions ['ignore', 'ignore_ament_install']
[0.369s] Level 1:colcon.colcon_core.package_identification:_identify(src/crazyswarm2/docs2/images) by extension 'ignore'
[0.369s] Level 1:colcon.colcon_core.package_identification:_identify(src/crazyswarm2/docs2/images) by extension 'ignore_ament_install'
[0.369s] Level 1:colcon.colcon_core.package_identification:_identify(src/crazyswarm2/docs2/images) by extensions ['colcon_pkg']
[0.369s] Level 1:colcon.colcon_core.package_identification:_identify(src/crazyswarm2/docs2/images) by extension 'colcon_pkg'
[0.370s] Level 1:colcon.colcon_core.package_identification:_identify(src/crazyswarm2/docs2/images) by extensions ['colcon_meta']
[0.370s] Level 1:colcon.colcon_core.package_identification:_identify(src/crazyswarm2/docs2/images) by extension 'colcon_meta'
[0.370s] Level 1:colcon.colcon_core.package_identification:_identify(src/crazyswarm2/docs2/images) by extensions ['ros']
[0.370s] Level 1:colcon.colcon_core.package_identification:_identify(src/crazyswarm2/docs2/images) by extension 'ros'
[0.370s] Level 1:colcon.colcon_core.package_identification:_identify(src/crazyswarm2/docs2/images) by extensions ['cmake', 'python']
[0.370s] Level 1:colcon.colcon_core.package_identification:_identify(src/crazyswarm2/docs2/images) by extension 'cmake'
[0.370s] Level 1:colcon.colcon_core.package_identification:_identify(src/crazyswarm2/docs2/images) by extension 'python'
[0.370s] Level 1:colcon.colcon_core.package_identification:_identify(src/crazyswarm2/docs2/images) by extensions ['python_setup_py']
[0.370s] Level 1:colcon.colcon_core.package_identification:_identify(src/crazyswarm2/docs2/images) by extension 'python_setup_py'
[0.370s] Level 1:colcon.colcon_core.package_identification:_identify(src/crazyswarm2/prebuilt) by extensions ['ignore', 'ignore_ament_install']
[0.370s] Level 1:colcon.colcon_core.package_identification:_identify(src/crazyswarm2/prebuilt) by extension 'ignore'
[0.371s] Level 1:colcon.colcon_core.package_identification:_identify(src/crazyswarm2/prebuilt) by extension 'ignore_ament_install'
[0.371s] Level 1:colcon.colcon_core.package_identification:_identify(src/crazyswarm2/prebuilt) by extensions ['colcon_pkg']
[0.371s] Level 1:colcon.colcon_core.package_identification:_identify(src/crazyswarm2/prebuilt) by extension 'colcon_pkg'
[0.371s] Level 1:colcon.colcon_core.package_identification:_identify(src/crazyswarm2/prebuilt) by extensions ['colcon_meta']
[0.371s] Level 1:colcon.colcon_core.package_identification:_identify(src/crazyswarm2/prebuilt) by extension 'colcon_meta'
[0.371s] Level 1:colcon.colcon_core.package_identification:_identify(src/crazyswarm2/prebuilt) by extensions ['ros']
[0.371s] Level 1:colcon.colcon_core.package_identification:_identify(src/crazyswarm2/prebuilt) by extension 'ros'
[0.371s] Level 1:colcon.colcon_core.package_identification:_identify(src/crazyswarm2/prebuilt) by extensions ['cmake', 'python']
[0.371s] Level 1:colcon.colcon_core.package_identification:_identify(src/crazyswarm2/prebuilt) by extension 'cmake'
[0.371s] Level 1:colcon.colcon_core.package_identification:_identify(src/crazyswarm2/prebuilt) by extension 'python'
[0.371s] Level 1:colcon.colcon_core.package_identification:_identify(src/crazyswarm2/prebuilt) by extensions ['python_setup_py']
[0.371s] Level 1:colcon.colcon_core.package_identification:_identify(src/crazyswarm2/prebuilt) by extension 'python_setup_py'
[0.371s] Level 1:colcon.colcon_core.package_identification:_identify(src/crazyswarm2/ros_ws) by extensions ['ignore', 'ignore_ament_install']
[0.372s] Level 1:colcon.colcon_core.package_identification:_identify(src/crazyswarm2/ros_ws) by extension 'ignore'
[0.372s] Level 1:colcon.colcon_core.package_identification:_identify(src/crazyswarm2/ros_ws) by extension 'ignore_ament_install'
[0.372s] Level 1:colcon.colcon_core.package_identification:_identify(src/crazyswarm2/ros_ws) by extensions ['colcon_pkg']
[0.372s] Level 1:colcon.colcon_core.package_identification:_identify(src/crazyswarm2/ros_ws) by extension 'colcon_pkg'
[0.372s] Level 1:colcon.colcon_core.package_identification:_identify(src/crazyswarm2/ros_ws) by extensions ['colcon_meta']
[0.372s] Level 1:colcon.colcon_core.package_identification:_identify(src/crazyswarm2/ros_ws) by extension 'colcon_meta'
[0.372s] Level 1:colcon.colcon_core.package_identification:_identify(src/crazyswarm2/ros_ws) by extensions ['ros']
[0.372s] Level 1:colcon.colcon_core.package_identification:_identify(src/crazyswarm2/ros_ws) by extension 'ros'
[0.372s] Level 1:colcon.colcon_core.package_identification:_identify(src/crazyswarm2/ros_ws) by extensions ['cmake', 'python']
[0.372s] Level 1:colcon.colcon_core.package_identification:_identify(src/crazyswarm2/ros_ws) by extension 'cmake'
[0.372s] Level 1:colcon.colcon_core.package_identification:_identify(src/crazyswarm2/ros_ws) by extension 'python'
[0.373s] Level 1:colcon.colcon_core.package_identification:_identify(src/crazyswarm2/ros_ws) by extensions ['python_setup_py']
[0.373s] Level 1:colcon.colcon_core.package_identification:_identify(src/crazyswarm2/ros_ws) by extension 'python_setup_py'
[0.373s] Level 1:colcon.colcon_core.package_identification:_identify(src/crazyswarm2/ros_ws/src) by extensions ['ignore', 'ignore_ament_install']
[0.373s] Level 1:colcon.colcon_core.package_identification:_identify(src/crazyswarm2/ros_ws/src) by extension 'ignore'
[0.373s] Level 1:colcon.colcon_core.package_identification:_identify(src/crazyswarm2/ros_ws/src) by extension 'ignore_ament_install'
[0.373s] Level 1:colcon.colcon_core.package_identification:_identify(src/crazyswarm2/ros_ws/src) by extensions ['colcon_pkg']
[0.373s] Level 1:colcon.colcon_core.package_identification:_identify(src/crazyswarm2/ros_ws/src) by extension 'colcon_pkg'
[0.373s] Level 1:colcon.colcon_core.package_identification:_identify(src/crazyswarm2/ros_ws/src) by extensions ['colcon_meta']
[0.373s] Level 1:colcon.colcon_core.package_identification:_identify(src/crazyswarm2/ros_ws/src) by extension 'colcon_meta'
[0.373s] Level 1:colcon.colcon_core.package_identification:_identify(src/crazyswarm2/ros_ws/src) by extensions ['ros']
[0.373s] Level 1:colcon.colcon_core.package_identification:_identify(src/crazyswarm2/ros_ws/src) by extension 'ros'
[0.374s] Level 1:colcon.colcon_core.package_identification:_identify(src/crazyswarm2/ros_ws/src) by extensions ['cmake', 'python']
[0.374s] Level 1:colcon.colcon_core.package_identification:_identify(src/crazyswarm2/ros_ws/src) by extension 'cmake'
[0.374s] Level 1:colcon.colcon_core.package_identification:_identify(src/crazyswarm2/ros_ws/src) by extension 'python'
[0.374s] Level 1:colcon.colcon_core.package_identification:_identify(src/crazyswarm2/ros_ws/src) by extensions ['python_setup_py']
[0.374s] Level 1:colcon.colcon_core.package_identification:_identify(src/crazyswarm2/ros_ws/src) by extension 'python_setup_py'
[0.374s] Level 1:colcon.colcon_core.package_identification:_identify(src/crazyswarm2/ros_ws/src/crazyswarm) by extensions ['ignore', 'ignore_ament_install']
[0.374s] Level 1:colcon.colcon_core.package_identification:_identify(src/crazyswarm2/ros_ws/src/crazyswarm) by extension 'ignore'
[0.374s] Level 1:colcon.colcon_core.package_identification:_identify(src/crazyswarm2/ros_ws/src/crazyswarm) by extension 'ignore_ament_install'
[0.374s] Level 1:colcon.colcon_core.package_identification:_identify(src/crazyswarm2/ros_ws/src/crazyswarm) by extensions ['colcon_pkg']
[0.374s] Level 1:colcon.colcon_core.package_identification:_identify(src/crazyswarm2/ros_ws/src/crazyswarm) by extension 'colcon_pkg'
[0.375s] Level 1:colcon.colcon_core.package_identification:_identify(src/crazyswarm2/ros_ws/src/crazyswarm) by extensions ['colcon_meta']
[0.375s] Level 1:colcon.colcon_core.package_identification:_identify(src/crazyswarm2/ros_ws/src/crazyswarm) by extension 'colcon_meta'
[0.375s] Level 1:colcon.colcon_core.package_identification:_identify(src/crazyswarm2/ros_ws/src/crazyswarm) by extensions ['ros']
[0.375s] Level 1:colcon.colcon_core.package_identification:_identify(src/crazyswarm2/ros_ws/src/crazyswarm) by extension 'ros'
[0.375s] Level 1:colcon.colcon_core.package_identification:_identify(src/crazyswarm2/ros_ws/src/crazyswarm) by extensions ['cmake', 'python']
[0.375s] Level 1:colcon.colcon_core.package_identification:_identify(src/crazyswarm2/ros_ws/src/crazyswarm) by extension 'cmake'
[0.375s] Level 1:colcon.colcon_core.package_identification:_identify(src/crazyswarm2/ros_ws/src/crazyswarm) by extension 'python'
[0.375s] Level 1:colcon.colcon_core.package_identification:_identify(src/crazyswarm2/ros_ws/src/crazyswarm) by extensions ['python_setup_py']
[0.375s] Level 1:colcon.colcon_core.package_identification:_identify(src/crazyswarm2/ros_ws/src/crazyswarm) by extension 'python_setup_py'
[0.375s] Level 1:colcon.colcon_core.package_identification:_identify(src/crazyswarm2/ros_ws/src/crazyswarm/launch) by extensions ['ignore', 'ignore_ament_install']
[0.375s] Level 1:colcon.colcon_core.package_identification:_identify(src/crazyswarm2/ros_ws/src/crazyswarm/launch) by extension 'ignore'
[0.376s] Level 1:colcon.colcon_core.package_identification:_identify(src/crazyswarm2/ros_ws/src/crazyswarm/launch) by extension 'ignore_ament_install'
[0.376s] Level 1:colcon.colcon_core.package_identification:_identify(src/crazyswarm2/ros_ws/src/crazyswarm/launch) by extensions ['colcon_pkg']
[0.376s] Level 1:colcon.colcon_core.package_identification:_identify(src/crazyswarm2/ros_ws/src/crazyswarm/launch) by extension 'colcon_pkg'
[0.376s] Level 1:colcon.colcon_core.package_identification:_identify(src/crazyswarm2/ros_ws/src/crazyswarm/launch) by extensions ['colcon_meta']
[0.376s] Level 1:colcon.colcon_core.package_identification:_identify(src/crazyswarm2/ros_ws/src/crazyswarm/launch) by extension 'colcon_meta'
[0.376s] Level 1:colcon.colcon_core.package_identification:_identify(src/crazyswarm2/ros_ws/src/crazyswarm/launch) by extensions ['ros']
[0.376s] Level 1:colcon.colcon_core.package_identification:_identify(src/crazyswarm2/ros_ws/src/crazyswarm/launch) by extension 'ros'
[0.376s] Level 1:colcon.colcon_core.package_identification:_identify(src/crazyswarm2/ros_ws/src/crazyswarm/launch) by extensions ['cmake', 'python']
[0.376s] Level 1:colcon.colcon_core.package_identification:_identify(src/crazyswarm2/ros_ws/src/crazyswarm/launch) by extension 'cmake'
[0.376s] Level 1:colcon.colcon_core.package_identification:_identify(src/crazyswarm2/ros_ws/src/crazyswarm/launch) by extension 'python'
[0.376s] Level 1:colcon.colcon_core.package_identification:_identify(src/crazyswarm2/ros_ws/src/crazyswarm/launch) by extensions ['python_setup_py']
[0.376s] Level 1:colcon.colcon_core.package_identification:_identify(src/crazyswarm2/ros_ws/src/crazyswarm/launch) by extension 'python_setup_py'
[0.377s] Level 1:colcon.colcon_core.package_identification:_identify(src/crazyswarm2/ros_ws/src/crazyswarm/scripts) by extensions ['ignore', 'ignore_ament_install']
[0.377s] Level 1:colcon.colcon_core.package_identification:_identify(src/crazyswarm2/ros_ws/src/crazyswarm/scripts) by extension 'ignore'
[0.377s] Level 1:colcon.colcon_core.package_identification:_identify(src/crazyswarm2/ros_ws/src/crazyswarm/scripts) by extension 'ignore_ament_install'
[0.377s] Level 1:colcon.colcon_core.package_identification:_identify(src/crazyswarm2/ros_ws/src/crazyswarm/scripts) by extensions ['colcon_pkg']
[0.377s] Level 1:colcon.colcon_core.package_identification:_identify(src/crazyswarm2/ros_ws/src/crazyswarm/scripts) by extension 'colcon_pkg'
[0.377s] Level 1:colcon.colcon_core.package_identification:_identify(src/crazyswarm2/ros_ws/src/crazyswarm/scripts) by extensions ['colcon_meta']
[0.377s] Level 1:colcon.colcon_core.package_identification:_identify(src/crazyswarm2/ros_ws/src/crazyswarm/scripts) by extension 'colcon_meta'
[0.377s] Level 1:colcon.colcon_core.package_identification:_identify(src/crazyswarm2/ros_ws/src/crazyswarm/scripts) by extensions ['ros']
[0.377s] Level 1:colcon.colcon_core.package_identification:_identify(src/crazyswarm2/ros_ws/src/crazyswarm/scripts) by extension 'ros'
[0.378s] Level 1:colcon.colcon_core.package_identification:_identify(src/crazyswarm2/ros_ws/src/crazyswarm/scripts) by extensions ['cmake', 'python']
[0.378s] Level 1:colcon.colcon_core.package_identification:_identify(src/crazyswarm2/ros_ws/src/crazyswarm/scripts) by extension 'cmake'
[0.378s] Level 1:colcon.colcon_core.package_identification:_identify(src/crazyswarm2/ros_ws/src/crazyswarm/scripts) by extension 'python'
[0.378s] Level 1:colcon.colcon_core.package_identification:_identify(src/crazyswarm2/ros_ws/src/crazyswarm/scripts) by extensions ['python_setup_py']
[0.378s] Level 1:colcon.colcon_core.package_identification:_identify(src/crazyswarm2/ros_ws/src/crazyswarm/scripts) by extension 'python_setup_py'
[0.378s] Level 1:colcon.colcon_core.package_identification:_identify(src/crazyswarm2/ros_ws/src/crazyswarm/scripts/crossing2_pps) by extensions ['ignore', 'ignore_ament_install']
[0.378s] Level 1:colcon.colcon_core.package_identification:_identify(src/crazyswarm2/ros_ws/src/crazyswarm/scripts/crossing2_pps) by extension 'ignore'
[0.378s] Level 1:colcon.colcon_core.package_identification:_identify(src/crazyswarm2/ros_ws/src/crazyswarm/scripts/crossing2_pps) by extension 'ignore_ament_install'
[0.378s] Level 1:colcon.colcon_core.package_identification:_identify(src/crazyswarm2/ros_ws/src/crazyswarm/scripts/crossing2_pps) by extensions ['colcon_pkg']
[0.378s] Level 1:colcon.colcon_core.package_identification:_identify(src/crazyswarm2/ros_ws/src/crazyswarm/scripts/crossing2_pps) by extension 'colcon_pkg'
[0.379s] Level 1:colcon.colcon_core.package_identification:_identify(src/crazyswarm2/ros_ws/src/crazyswarm/scripts/crossing2_pps) by extensions ['colcon_meta']
[0.379s] Level 1:colcon.colcon_core.package_identification:_identify(src/crazyswarm2/ros_ws/src/crazyswarm/scripts/crossing2_pps) by extension 'colcon_meta'
[0.379s] Level 1:colcon.colcon_core.package_identification:_identify(src/crazyswarm2/ros_ws/src/crazyswarm/scripts/crossing2_pps) by extensions ['ros']
[0.379s] Level 1:colcon.colcon_core.package_identification:_identify(src/crazyswarm2/ros_ws/src/crazyswarm/scripts/crossing2_pps) by extension 'ros'
[0.379s] Level 1:colcon.colcon_core.package_identification:_identify(src/crazyswarm2/ros_ws/src/crazyswarm/scripts/crossing2_pps) by extensions ['cmake', 'python']
[0.379s] Level 1:colcon.colcon_core.package_identification:_identify(src/crazyswarm2/ros_ws/src/crazyswarm/scripts/crossing2_pps) by extension 'cmake'
[0.379s] Level 1:colcon.colcon_core.package_identification:_identify(src/crazyswarm2/ros_ws/src/crazyswarm/scripts/crossing2_pps) by extension 'python'
[0.379s] Level 1:colcon.colcon_core.package_identification:_identify(src/crazyswarm2/ros_ws/src/crazyswarm/scripts/crossing2_pps) by extensions ['python_setup_py']
[0.379s] Level 1:colcon.colcon_core.package_identification:_identify(src/crazyswarm2/ros_ws/src/crazyswarm/scripts/crossing2_pps) by extension 'python_setup_py'
[0.379s] Level 1:colcon.colcon_core.package_identification:_identify(src/crazyswarm2/ros_ws/src/crazyswarm/scripts/crossing4_pps) by extensions ['ignore', 'ignore_ament_install']
[0.380s] Level 1:colcon.colcon_core.package_identification:_identify(src/crazyswarm2/ros_ws/src/crazyswarm/scripts/crossing4_pps) by extension 'ignore'
[0.380s] Level 1:colcon.colcon_core.package_identification:_identify(src/crazyswarm2/ros_ws/src/crazyswarm/scripts/crossing4_pps) by extension 'ignore_ament_install'
[0.380s] Level 1:colcon.colcon_core.package_identification:_identify(src/crazyswarm2/ros_ws/src/crazyswarm/scripts/crossing4_pps) by extensions ['colcon_pkg']
[0.380s] Level 1:colcon.colcon_core.package_identification:_identify(src/crazyswarm2/ros_ws/src/crazyswarm/scripts/crossing4_pps) by extension 'colcon_pkg'
[0.380s] Level 1:colcon.colcon_core.package_identification:_identify(src/crazyswarm2/ros_ws/src/crazyswarm/scripts/crossing4_pps) by extensions ['colcon_meta']
[0.380s] Level 1:colcon.colcon_core.package_identification:_identify(src/crazyswarm2/ros_ws/src/crazyswarm/scripts/crossing4_pps) by extension 'colcon_meta'
[0.380s] Level 1:colcon.colcon_core.package_identification:_identify(src/crazyswarm2/ros_ws/src/crazyswarm/scripts/crossing4_pps) by extensions ['ros']
[0.380s] Level 1:colcon.colcon_core.package_identification:_identify(src/crazyswarm2/ros_ws/src/crazyswarm/scripts/crossing4_pps) by extension 'ros'
[0.380s] Level 1:colcon.colcon_core.package_identification:_identify(src/crazyswarm2/ros_ws/src/crazyswarm/scripts/crossing4_pps) by extensions ['cmake', 'python']
[0.380s] Level 1:colcon.colcon_core.package_identification:_identify(src/crazyswarm2/ros_ws/src/crazyswarm/scripts/crossing4_pps) by extension 'cmake'
[0.380s] Level 1:colcon.colcon_core.package_identification:_identify(src/crazyswarm2/ros_ws/src/crazyswarm/scripts/crossing4_pps) by extension 'python'
[0.380s] Level 1:colcon.colcon_core.package_identification:_identify(src/crazyswarm2/ros_ws/src/crazyswarm/scripts/crossing4_pps) by extensions ['python_setup_py']
[0.380s] Level 1:colcon.colcon_core.package_identification:_identify(src/crazyswarm2/ros_ws/src/crazyswarm/scripts/crossing4_pps) by extension 'python_setup_py'
[0.381s] Level 1:colcon.colcon_core.package_identification:_identify(src/crazyswarm2/ros_ws/src/crazyswarm/scripts/sequence_trajectories) by extensions ['ignore', 'ignore_ament_install']
[0.381s] Level 1:colcon.colcon_core.package_identification:_identify(src/crazyswarm2/ros_ws/src/crazyswarm/scripts/sequence_trajectories) by extension 'ignore'
[0.381s] Level 1:colcon.colcon_core.package_identification:_identify(src/crazyswarm2/ros_ws/src/crazyswarm/scripts/sequence_trajectories) by extension 'ignore_ament_install'
[0.381s] Level 1:colcon.colcon_core.package_identification:_identify(src/crazyswarm2/ros_ws/src/crazyswarm/scripts/sequence_trajectories) by extensions ['colcon_pkg']
[0.381s] Level 1:colcon.colcon_core.package_identification:_identify(src/crazyswarm2/ros_ws/src/crazyswarm/scripts/sequence_trajectories) by extension 'colcon_pkg'
[0.381s] Level 1:colcon.colcon_core.package_identification:_identify(src/crazyswarm2/ros_ws/src/crazyswarm/scripts/sequence_trajectories) by extensions ['colcon_meta']
[0.381s] Level 1:colcon.colcon_core.package_identification:_identify(src/crazyswarm2/ros_ws/src/crazyswarm/scripts/sequence_trajectories) by extension 'colcon_meta'
[0.381s] Level 1:colcon.colcon_core.package_identification:_identify(src/crazyswarm2/ros_ws/src/crazyswarm/scripts/sequence_trajectories) by extensions ['ros']
[0.381s] Level 1:colcon.colcon_core.package_identification:_identify(src/crazyswarm2/ros_ws/src/crazyswarm/scripts/sequence_trajectories) by extension 'ros'
[0.382s] Level 1:colcon.colcon_core.package_identification:_identify(src/crazyswarm2/ros_ws/src/crazyswarm/scripts/sequence_trajectories) by extensions ['cmake', 'python']
[0.382s] Level 1:colcon.colcon_core.package_identification:_identify(src/crazyswarm2/ros_ws/src/crazyswarm/scripts/sequence_trajectories) by extension 'cmake'
[0.382s] Level 1:colcon.colcon_core.package_identification:_identify(src/crazyswarm2/ros_ws/src/crazyswarm/scripts/sequence_trajectories) by extension 'python'
[0.382s] Level 1:colcon.colcon_core.package_identification:_identify(src/crazyswarm2/ros_ws/src/crazyswarm/scripts/sequence_trajectories) by extensions ['python_setup_py']
[0.382s] Level 1:colcon.colcon_core.package_identification:_identify(src/crazyswarm2/ros_ws/src/crazyswarm/scripts/sequence_trajectories) by extension 'python_setup_py'
[0.382s] Level 1:colcon.colcon_core.package_identification:_identify(src/crazyswarm2/ros_ws/src/crazyswarm/scripts/sequence_trajectories/1) by extensions ['ignore', 'ignore_ament_install']
[0.382s] Level 1:colcon.colcon_core.package_identification:_identify(src/crazyswarm2/ros_ws/src/crazyswarm/scripts/sequence_trajectories/1) by extension 'ignore'
[0.382s] Level 1:colcon.colcon_core.package_identification:_identify(src/crazyswarm2/ros_ws/src/crazyswarm/scripts/sequence_trajectories/1) by extension 'ignore_ament_install'
[0.382s] Level 1:colcon.colcon_core.package_identification:_identify(src/crazyswarm2/ros_ws/src/crazyswarm/scripts/sequence_trajectories/1) by extensions ['colcon_pkg']
[0.383s] Level 1:colcon.colcon_core.package_identification:_identify(src/crazyswarm2/ros_ws/src/crazyswarm/scripts/sequence_trajectories/1) by extension 'colcon_pkg'
[0.383s] Level 1:colcon.colcon_core.package_identification:_identify(src/crazyswarm2/ros_ws/src/crazyswarm/scripts/sequence_trajectories/1) by extensions ['colcon_meta']
[0.383s] Level 1:colcon.colcon_core.package_identification:_identify(src/crazyswarm2/ros_ws/src/crazyswarm/scripts/sequence_trajectories/1) by extension 'colcon_meta'
[0.383s] Level 1:colcon.colcon_core.package_identification:_identify(src/crazyswarm2/ros_ws/src/crazyswarm/scripts/sequence_trajectories/1) by extensions ['ros']
[0.383s] Level 1:colcon.colcon_core.package_identification:_identify(src/crazyswarm2/ros_ws/src/crazyswarm/scripts/sequence_trajectories/1) by extension 'ros'
[0.383s] Level 1:colcon.colcon_core.package_identification:_identify(src/crazyswarm2/ros_ws/src/crazyswarm/scripts/sequence_trajectories/1) by extensions ['cmake', 'python']
[0.383s] Level 1:colcon.colcon_core.package_identification:_identify(src/crazyswarm2/ros_ws/src/crazyswarm/scripts/sequence_trajectories/1) by extension 'cmake'
[0.383s] Level 1:colcon.colcon_core.package_identification:_identify(src/crazyswarm2/ros_ws/src/crazyswarm/scripts/sequence_trajectories/1) by extension 'python'
[0.383s] Level 1:colcon.colcon_core.package_identification:_identify(src/crazyswarm2/ros_ws/src/crazyswarm/scripts/sequence_trajectories/1) by extensions ['python_setup_py']
[0.383s] Level 1:colcon.colcon_core.package_identification:_identify(src/crazyswarm2/ros_ws/src/crazyswarm/scripts/sequence_trajectories/1) by extension 'python_setup_py'
[0.383s] Level 1:colcon.colcon_core.package_identification:_identify(src/crazyswarm2/ros_ws/src/crazyswarm/scripts/sequence_trajectories/2) by extensions ['ignore', 'ignore_ament_install']
[0.384s] Level 1:colcon.colcon_core.package_identification:_identify(src/crazyswarm2/ros_ws/src/crazyswarm/scripts/sequence_trajectories/2) by extension 'ignore'
[0.384s] Level 1:colcon.colcon_core.package_identification:_identify(src/crazyswarm2/ros_ws/src/crazyswarm/scripts/sequence_trajectories/2) by extension 'ignore_ament_install'
[0.384s] Level 1:colcon.colcon_core.package_identification:_identify(src/crazyswarm2/ros_ws/src/crazyswarm/scripts/sequence_trajectories/2) by extensions ['colcon_pkg']
[0.384s] Level 1:colcon.colcon_core.package_identification:_identify(src/crazyswarm2/ros_ws/src/crazyswarm/scripts/sequence_trajectories/2) by extension 'colcon_pkg'
[0.384s] Level 1:colcon.colcon_core.package_identification:_identify(src/crazyswarm2/ros_ws/src/crazyswarm/scripts/sequence_trajectories/2) by extensions ['colcon_meta']
[0.384s] Level 1:colcon.colcon_core.package_identification:_identify(src/crazyswarm2/ros_ws/src/crazyswarm/scripts/sequence_trajectories/2) by extension 'colcon_meta'
[0.384s] Level 1:colcon.colcon_core.package_identification:_identify(src/crazyswarm2/ros_ws/src/crazyswarm/scripts/sequence_trajectories/2) by extensions ['ros']
[0.384s] Level 1:colcon.colcon_core.package_identification:_identify(src/crazyswarm2/ros_ws/src/crazyswarm/scripts/sequence_trajectories/2) by extension 'ros'
[0.384s] Level 1:colcon.colcon_core.package_identification:_identify(src/crazyswarm2/ros_ws/src/crazyswarm/scripts/sequence_trajectories/2) by extensions ['cmake', 'python']
[0.384s] Level 1:colcon.colcon_core.package_identification:_identify(src/crazyswarm2/ros_ws/src/crazyswarm/scripts/sequence_trajectories/2) by extension 'cmake'
[0.385s] Level 1:colcon.colcon_core.package_identification:_identify(src/crazyswarm2/ros_ws/src/crazyswarm/scripts/sequence_trajectories/2) by extension 'python'
[0.385s] Level 1:colcon.colcon_core.package_identification:_identify(src/crazyswarm2/ros_ws/src/crazyswarm/scripts/sequence_trajectories/2) by extensions ['python_setup_py']
[0.385s] Level 1:colcon.colcon_core.package_identification:_identify(src/crazyswarm2/ros_ws/src/crazyswarm/scripts/sequence_trajectories/2) by extension 'python_setup_py'
[0.385s] Level 1:colcon.colcon_core.package_identification:_identify(src/crazyswarm2/ros_ws/src/crazyswarm/scripts/sequence_trajectories/3) by extensions ['ignore', 'ignore_ament_install']
[0.385s] Level 1:colcon.colcon_core.package_identification:_identify(src/crazyswarm2/ros_ws/src/crazyswarm/scripts/sequence_trajectories/3) by extension 'ignore'
[0.385s] Level 1:colcon.colcon_core.package_identification:_identify(src/crazyswarm2/ros_ws/src/crazyswarm/scripts/sequence_trajectories/3) by extension 'ignore_ament_install'
[0.385s] Level 1:colcon.colcon_core.package_identification:_identify(src/crazyswarm2/ros_ws/src/crazyswarm/scripts/sequence_trajectories/3) by extensions ['colcon_pkg']
[0.385s] Level 1:colcon.colcon_core.package_identification:_identify(src/crazyswarm2/ros_ws/src/crazyswarm/scripts/sequence_trajectories/3) by extension 'colcon_pkg'
[0.385s] Level 1:colcon.colcon_core.package_identification:_identify(src/crazyswarm2/ros_ws/src/crazyswarm/scripts/sequence_trajectories/3) by extensions ['colcon_meta']
[0.385s] Level 1:colcon.colcon_core.package_identification:_identify(src/crazyswarm2/ros_ws/src/crazyswarm/scripts/sequence_trajectories/3) by extension 'colcon_meta'
[0.386s] Level 1:colcon.colcon_core.package_identification:_identify(src/crazyswarm2/ros_ws/src/crazyswarm/scripts/sequence_trajectories/3) by extensions ['ros']
[0.386s] Level 1:colcon.colcon_core.package_identification:_identify(src/crazyswarm2/ros_ws/src/crazyswarm/scripts/sequence_trajectories/3) by extension 'ros'
[0.386s] Level 1:colcon.colcon_core.package_identification:_identify(src/crazyswarm2/ros_ws/src/crazyswarm/scripts/sequence_trajectories/3) by extensions ['cmake', 'python']
[0.386s] Level 1:colcon.colcon_core.package_identification:_identify(src/crazyswarm2/ros_ws/src/crazyswarm/scripts/sequence_trajectories/3) by extension 'cmake'
[0.386s] Level 1:colcon.colcon_core.package_identification:_identify(src/crazyswarm2/ros_ws/src/crazyswarm/scripts/sequence_trajectories/3) by extension 'python'
[0.386s] Level 1:colcon.colcon_core.package_identification:_identify(src/crazyswarm2/ros_ws/src/crazyswarm/scripts/sequence_trajectories/3) by extensions ['python_setup_py']
[0.386s] Level 1:colcon.colcon_core.package_identification:_identify(src/crazyswarm2/ros_ws/src/crazyswarm/scripts/sequence_trajectories/3) by extension 'python_setup_py'
[0.386s] Level 1:colcon.colcon_core.package_identification:_identify(src/crazyswarm2/ros_ws/src/crazyswarm/scripts/sequence_trajectories/4) by extensions ['ignore', 'ignore_ament_install']
[0.386s] Level 1:colcon.colcon_core.package_identification:_identify(src/crazyswarm2/ros_ws/src/crazyswarm/scripts/sequence_trajectories/4) by extension 'ignore'
[0.387s] Level 1:colcon.colcon_core.package_identification:_identify(src/crazyswarm2/ros_ws/src/crazyswarm/scripts/sequence_trajectories/4) by extension 'ignore_ament_install'
[0.387s] Level 1:colcon.colcon_core.package_identification:_identify(src/crazyswarm2/ros_ws/src/crazyswarm/scripts/sequence_trajectories/4) by extensions ['colcon_pkg']
[0.387s] Level 1:colcon.colcon_core.package_identification:_identify(src/crazyswarm2/ros_ws/src/crazyswarm/scripts/sequence_trajectories/4) by extension 'colcon_pkg'
[0.387s] Level 1:colcon.colcon_core.package_identification:_identify(src/crazyswarm2/ros_ws/src/crazyswarm/scripts/sequence_trajectories/4) by extensions ['colcon_meta']
[0.387s] Level 1:colcon.colcon_core.package_identification:_identify(src/crazyswarm2/ros_ws/src/crazyswarm/scripts/sequence_trajectories/4) by extension 'colcon_meta'
[0.387s] Level 1:colcon.colcon_core.package_identification:_identify(src/crazyswarm2/ros_ws/src/crazyswarm/scripts/sequence_trajectories/4) by extensions ['ros']
[0.387s] Level 1:colcon.colcon_core.package_identification:_identify(src/crazyswarm2/ros_ws/src/crazyswarm/scripts/sequence_trajectories/4) by extension 'ros'
[0.387s] Level 1:colcon.colcon_core.package_identification:_identify(src/crazyswarm2/ros_ws/src/crazyswarm/scripts/sequence_trajectories/4) by extensions ['cmake', 'python']
[0.387s] Level 1:colcon.colcon_core.package_identification:_identify(src/crazyswarm2/ros_ws/src/crazyswarm/scripts/sequence_trajectories/4) by extension 'cmake'
[0.387s] Level 1:colcon.colcon_core.package_identification:_identify(src/crazyswarm2/ros_ws/src/crazyswarm/scripts/sequence_trajectories/4) by extension 'python'
[0.387s] Level 1:colcon.colcon_core.package_identification:_identify(src/crazyswarm2/ros_ws/src/crazyswarm/scripts/sequence_trajectories/4) by extensions ['python_setup_py']
[0.387s] Level 1:colcon.colcon_core.package_identification:_identify(src/crazyswarm2/ros_ws/src/crazyswarm/scripts/sequence_trajectories/4) by extension 'python_setup_py'
[0.388s] Level 1:colcon.colcon_core.package_identification:_identify(src/crazyswarm2/ros_ws/src/crazyswarm/scripts/sequence_trajectories/5) by extensions ['ignore', 'ignore_ament_install']
[0.388s] Level 1:colcon.colcon_core.package_identification:_identify(src/crazyswarm2/ros_ws/src/crazyswarm/scripts/sequence_trajectories/5) by extension 'ignore'
[0.388s] Level 1:colcon.colcon_core.package_identification:_identify(src/crazyswarm2/ros_ws/src/crazyswarm/scripts/sequence_trajectories/5) by extension 'ignore_ament_install'
[0.388s] Level 1:colcon.colcon_core.package_identification:_identify(src/crazyswarm2/ros_ws/src/crazyswarm/scripts/sequence_trajectories/5) by extensions ['colcon_pkg']
[0.388s] Level 1:colcon.colcon_core.package_identification:_identify(src/crazyswarm2/ros_ws/src/crazyswarm/scripts/sequence_trajectories/5) by extension 'colcon_pkg'
[0.388s] Level 1:colcon.colcon_core.package_identification:_identify(src/crazyswarm2/ros_ws/src/crazyswarm/scripts/sequence_trajectories/5) by extensions ['colcon_meta']
[0.388s] Level 1:colcon.colcon_core.package_identification:_identify(src/crazyswarm2/ros_ws/src/crazyswarm/scripts/sequence_trajectories/5) by extension 'colcon_meta'
[0.388s] Level 1:colcon.colcon_core.package_identification:_identify(src/crazyswarm2/ros_ws/src/crazyswarm/scripts/sequence_trajectories/5) by extensions ['ros']
[0.388s] Level 1:colcon.colcon_core.package_identification:_identify(src/crazyswarm2/ros_ws/src/crazyswarm/scripts/sequence_trajectories/5) by extension 'ros'
[0.389s] Level 1:colcon.colcon_core.package_identification:_identify(src/crazyswarm2/ros_ws/src/crazyswarm/scripts/sequence_trajectories/5) by extensions ['cmake', 'python']
[0.389s] Level 1:colcon.colcon_core.package_identification:_identify(src/crazyswarm2/ros_ws/src/crazyswarm/scripts/sequence_trajectories/5) by extension 'cmake'
[0.389s] Level 1:colcon.colcon_core.package_identification:_identify(src/crazyswarm2/ros_ws/src/crazyswarm/scripts/sequence_trajectories/5) by extension 'python'
[0.389s] Level 1:colcon.colcon_core.package_identification:_identify(src/crazyswarm2/ros_ws/src/crazyswarm/scripts/sequence_trajectories/5) by extensions ['python_setup_py']
[0.389s] Level 1:colcon.colcon_core.package_identification:_identify(src/crazyswarm2/ros_ws/src/crazyswarm/scripts/sequence_trajectories/5) by extension 'python_setup_py'
[0.389s] Level 1:colcon.colcon_core.package_identification:_identify(src/crazyswarm2/ros_ws/src/crazyswarm/scripts/sequence_trajectories/6) by extensions ['ignore', 'ignore_ament_install']
[0.389s] Level 1:colcon.colcon_core.package_identification:_identify(src/crazyswarm2/ros_ws/src/crazyswarm/scripts/sequence_trajectories/6) by extension 'ignore'
[0.389s] Level 1:colcon.colcon_core.package_identification:_identify(src/crazyswarm2/ros_ws/src/crazyswarm/scripts/sequence_trajectories/6) by extension 'ignore_ament_install'
[0.389s] Level 1:colcon.colcon_core.package_identification:_identify(src/crazyswarm2/ros_ws/src/crazyswarm/scripts/sequence_trajectories/6) by extensions ['colcon_pkg']
[0.389s] Level 1:colcon.colcon_core.package_identification:_identify(src/crazyswarm2/ros_ws/src/crazyswarm/scripts/sequence_trajectories/6) by extension 'colcon_pkg'
[0.390s] Level 1:colcon.colcon_core.package_identification:_identify(src/crazyswarm2/ros_ws/src/crazyswarm/scripts/sequence_trajectories/6) by extensions ['colcon_meta']
[0.390s] Level 1:colcon.colcon_core.package_identification:_identify(src/crazyswarm2/ros_ws/src/crazyswarm/scripts/sequence_trajectories/6) by extension 'colcon_meta'
[0.390s] Level 1:colcon.colcon_core.package_identification:_identify(src/crazyswarm2/ros_ws/src/crazyswarm/scripts/sequence_trajectories/6) by extensions ['ros']
[0.390s] Level 1:colcon.colcon_core.package_identification:_identify(src/crazyswarm2/ros_ws/src/crazyswarm/scripts/sequence_trajectories/6) by extension 'ros'
[0.390s] Level 1:colcon.colcon_core.package_identification:_identify(src/crazyswarm2/ros_ws/src/crazyswarm/scripts/sequence_trajectories/6) by extensions ['cmake', 'python']
[0.390s] Level 1:colcon.colcon_core.package_identification:_identify(src/crazyswarm2/ros_ws/src/crazyswarm/scripts/sequence_trajectories/6) by extension 'cmake'
[0.390s] Level 1:colcon.colcon_core.package_identification:_identify(src/crazyswarm2/ros_ws/src/crazyswarm/scripts/sequence_trajectories/6) by extension 'python'
[0.390s] Level 1:colcon.colcon_core.package_identification:_identify(src/crazyswarm2/ros_ws/src/crazyswarm/scripts/sequence_trajectories/6) by extensions ['python_setup_py']
[0.390s] Level 1:colcon.colcon_core.package_identification:_identify(src/crazyswarm2/ros_ws/src/crazyswarm/scripts/sequence_trajectories/6) by extension 'python_setup_py'
[0.390s] Level 1:colcon.colcon_core.package_identification:_identify(src/crazyswarm2/ros_ws/src/crazyswarm/scripts/sequence_trajectories/7) by extensions ['ignore', 'ignore_ament_install']
[0.391s] Level 1:colcon.colcon_core.package_identification:_identify(src/crazyswarm2/ros_ws/src/crazyswarm/scripts/sequence_trajectories/7) by extension 'ignore'
[0.391s] Level 1:colcon.colcon_core.package_identification:_identify(src/crazyswarm2/ros_ws/src/crazyswarm/scripts/sequence_trajectories/7) by extension 'ignore_ament_install'
[0.391s] Level 1:colcon.colcon_core.package_identification:_identify(src/crazyswarm2/ros_ws/src/crazyswarm/scripts/sequence_trajectories/7) by extensions ['colcon_pkg']
[0.391s] Level 1:colcon.colcon_core.package_identification:_identify(src/crazyswarm2/ros_ws/src/crazyswarm/scripts/sequence_trajectories/7) by extension 'colcon_pkg'
[0.391s] Level 1:colcon.colcon_core.package_identification:_identify(src/crazyswarm2/ros_ws/src/crazyswarm/scripts/sequence_trajectories/7) by extensions ['colcon_meta']
[0.391s] Level 1:colcon.colcon_core.package_identification:_identify(src/crazyswarm2/ros_ws/src/crazyswarm/scripts/sequence_trajectories/7) by extension 'colcon_meta'
[0.391s] Level 1:colcon.colcon_core.package_identification:_identify(src/crazyswarm2/ros_ws/src/crazyswarm/scripts/sequence_trajectories/7) by extensions ['ros']
[0.391s] Level 1:colcon.colcon_core.package_identification:_identify(src/crazyswarm2/ros_ws/src/crazyswarm/scripts/sequence_trajectories/7) by extension 'ros'
[0.391s] Level 1:colcon.colcon_core.package_identification:_identify(src/crazyswarm2/ros_ws/src/crazyswarm/scripts/sequence_trajectories/7) by extensions ['cmake', 'python']
[0.391s] Level 1:colcon.colcon_core.package_identification:_identify(src/crazyswarm2/ros_ws/src/crazyswarm/scripts/sequence_trajectories/7) by extension 'cmake'
[0.391s] Level 1:colcon.colcon_core.package_identification:_identify(src/crazyswarm2/ros_ws/src/crazyswarm/scripts/sequence_trajectories/7) by extension 'python'
[0.391s] Level 1:colcon.colcon_core.package_identification:_identify(src/crazyswarm2/ros_ws/src/crazyswarm/scripts/sequence_trajectories/7) by extensions ['python_setup_py']
[0.392s] Level 1:colcon.colcon_core.package_identification:_identify(src/crazyswarm2/ros_ws/src/crazyswarm/scripts/sequence_trajectories/7) by extension 'python_setup_py'
[0.392s] Level 1:colcon.colcon_core.package_identification:_identify(src/crazyswarm2/ros_ws/src/crazyswarm/scripts/swap6v_pps) by extensions ['ignore', 'ignore_ament_install']
[0.392s] Level 1:colcon.colcon_core.package_identification:_identify(src/crazyswarm2/ros_ws/src/crazyswarm/scripts/swap6v_pps) by extension 'ignore'
[0.392s] Level 1:colcon.colcon_core.package_identification:_identify(src/crazyswarm2/ros_ws/src/crazyswarm/scripts/swap6v_pps) by extension 'ignore_ament_install'
[0.392s] Level 1:colcon.colcon_core.package_identification:_identify(src/crazyswarm2/ros_ws/src/crazyswarm/scripts/swap6v_pps) by extensions ['colcon_pkg']
[0.392s] Level 1:colcon.colcon_core.package_identification:_identify(src/crazyswarm2/ros_ws/src/crazyswarm/scripts/swap6v_pps) by extension 'colcon_pkg'
[0.392s] Level 1:colcon.colcon_core.package_identification:_identify(src/crazyswarm2/ros_ws/src/crazyswarm/scripts/swap6v_pps) by extensions ['colcon_meta']
[0.392s] Level 1:colcon.colcon_core.package_identification:_identify(src/crazyswarm2/ros_ws/src/crazyswarm/scripts/swap6v_pps) by extension 'colcon_meta'
[0.392s] Level 1:colcon.colcon_core.package_identification:_identify(src/crazyswarm2/ros_ws/src/crazyswarm/scripts/swap6v_pps) by extensions ['ros']
[0.392s] Level 1:colcon.colcon_core.package_identification:_identify(src/crazyswarm2/ros_ws/src/crazyswarm/scripts/swap6v_pps) by extension 'ros'
[0.393s] Level 1:colcon.colcon_core.package_identification:_identify(src/crazyswarm2/ros_ws/src/crazyswarm/scripts/swap6v_pps) by extensions ['cmake', 'python']
[0.393s] Level 1:colcon.colcon_core.package_identification:_identify(src/crazyswarm2/ros_ws/src/crazyswarm/scripts/swap6v_pps) by extension 'cmake'
[0.393s] Level 1:colcon.colcon_core.package_identification:_identify(src/crazyswarm2/ros_ws/src/crazyswarm/scripts/swap6v_pps) by extension 'python'
[0.393s] Level 1:colcon.colcon_core.package_identification:_identify(src/crazyswarm2/ros_ws/src/crazyswarm/scripts/swap6v_pps) by extensions ['python_setup_py']
[0.393s] Level 1:colcon.colcon_core.package_identification:_identify(src/crazyswarm2/ros_ws/src/crazyswarm/scripts/swap6v_pps) by extension 'python_setup_py'
[0.393s] Level 1:colcon.colcon_core.package_identification:_identify(src/crazyswarm2/systemtests) by extensions ['ignore', 'ignore_ament_install']
[0.393s] Level 1:colcon.colcon_core.package_identification:_identify(src/crazyswarm2/systemtests) by extension 'ignore'
[0.393s] Level 1:colcon.colcon_core.package_identification:_identify(src/crazyswarm2/systemtests) by extension 'ignore_ament_install'
[0.393s] Level 1:colcon.colcon_core.package_identification:_identify(src/crazyswarm2/systemtests) by extensions ['colcon_pkg']
[0.393s] Level 1:colcon.colcon_core.package_identification:_identify(src/crazyswarm2/systemtests) by extension 'colcon_pkg'
[0.393s] Level 1:colcon.colcon_core.package_identification:_identify(src/crazyswarm2/systemtests) by extensions ['colcon_meta']
[0.394s] Level 1:colcon.colcon_core.package_identification:_identify(src/crazyswarm2/systemtests) by extension 'colcon_meta'
[0.394s] Level 1:colcon.colcon_core.package_identification:_identify(src/crazyswarm2/systemtests) by extensions ['ros']
[0.394s] Level 1:colcon.colcon_core.package_identification:_identify(src/crazyswarm2/systemtests) by extension 'ros'
[0.394s] Level 1:colcon.colcon_core.package_identification:_identify(src/crazyswarm2/systemtests) by extensions ['cmake', 'python']
[0.394s] Level 1:colcon.colcon_core.package_identification:_identify(src/crazyswarm2/systemtests) by extension 'cmake'
[0.394s] Level 1:colcon.colcon_core.package_identification:_identify(src/crazyswarm2/systemtests) by extension 'python'
[0.394s] Level 1:colcon.colcon_core.package_identification:_identify(src/crazyswarm2/systemtests) by extensions ['python_setup_py']
[0.394s] Level 1:colcon.colcon_core.package_identification:_identify(src/crazyswarm2/systemtests) by extension 'python_setup_py'
[0.394s] Level 1:colcon.colcon_core.package_identification:_identify(src/crazyswarm2/systemtests/SDplotting) by extensions ['ignore', 'ignore_ament_install']
[0.394s] Level 1:colcon.colcon_core.package_identification:_identify(src/crazyswarm2/systemtests/SDplotting) by extension 'ignore'
[0.394s] Level 1:colcon.colcon_core.package_identification:_identify(src/crazyswarm2/systemtests/SDplotting) by extension 'ignore_ament_install'
[0.395s] Level 1:colcon.colcon_core.package_identification:_identify(src/crazyswarm2/systemtests/SDplotting) by extensions ['colcon_pkg']
[0.395s] Level 1:colcon.colcon_core.package_identification:_identify(src/crazyswarm2/systemtests/SDplotting) by extension 'colcon_pkg'
[0.395s] Level 1:colcon.colcon_core.package_identification:_identify(src/crazyswarm2/systemtests/SDplotting) by extensions ['colcon_meta']
[0.395s] Level 1:colcon.colcon_core.package_identification:_identify(src/crazyswarm2/systemtests/SDplotting) by extension 'colcon_meta'
[0.395s] Level 1:colcon.colcon_core.package_identification:_identify(src/crazyswarm2/systemtests/SDplotting) by extensions ['ros']
[0.395s] Level 1:colcon.colcon_core.package_identification:_identify(src/crazyswarm2/systemtests/SDplotting) by extension 'ros'
[0.395s] Level 1:colcon.colcon_core.package_identification:_identify(src/crazyswarm2/systemtests/SDplotting) by extensions ['cmake', 'python']
[0.395s] Level 1:colcon.colcon_core.package_identification:_identify(src/crazyswarm2/systemtests/SDplotting) by extension 'cmake'
[0.395s] Level 1:colcon.colcon_core.package_identification:_identify(src/crazyswarm2/systemtests/SDplotting) by extension 'python'
[0.395s] Level 1:colcon.colcon_core.package_identification:_identify(src/crazyswarm2/systemtests/SDplotting) by extensions ['python_setup_py']
[0.395s] Level 1:colcon.colcon_core.package_identification:_identify(src/crazyswarm2/systemtests/SDplotting) by extension 'python_setup_py'
[0.395s] Level 1:colcon.colcon_core.package_identification:_identify(src/install) by extensions ['ignore', 'ignore_ament_install']
[0.396s] Level 1:colcon.colcon_core.package_identification:_identify(src/install) by extension 'ignore'
[0.396s] Level 1:colcon.colcon_core.package_identification:_identify(src/install) ignored
[0.396s] Level 1:colcon.colcon_core.package_identification:_identify(src/log) by extensions ['ignore', 'ignore_ament_install']
[0.396s] Level 1:colcon.colcon_core.package_identification:_identify(src/log) by extension 'ignore'
[0.396s] Level 1:colcon.colcon_core.package_identification:_identify(src/log) ignored
[0.396s] Level 1:colcon.colcon_core.package_identification:_identify(src/r7021e_exploration) by extensions ['ignore', 'ignore_ament_install']
[0.396s] Level 1:colcon.colcon_core.package_identification:_identify(src/r7021e_exploration) by extension 'ignore'
[0.396s] Level 1:colcon.colcon_core.package_identification:_identify(src/r7021e_exploration) by extension 'ignore_ament_install'
[0.396s] Level 1:colcon.colcon_core.package_identification:_identify(src/r7021e_exploration) by extensions ['colcon_pkg']
[0.397s] Level 1:colcon.colcon_core.package_identification:_identify(src/r7021e_exploration) by extension 'colcon_pkg'
[0.397s] Level 1:colcon.colcon_core.package_identification:_identify(src/r7021e_exploration) by extensions ['colcon_meta']
[0.397s] Level 1:colcon.colcon_core.package_identification:_identify(src/r7021e_exploration) by extension 'colcon_meta'
[0.397s] Level 1:colcon.colcon_core.package_identification:_identify(src/r7021e_exploration) by extensions ['ros']
[0.397s] Level 1:colcon.colcon_core.package_identification:_identify(src/r7021e_exploration) by extension 'ros'
[0.398s] DEBUG:colcon.colcon_core.package_identification:Package 'src/r7021e_exploration' with type 'ros.ament_python' and name 'r7021e_exploration'
[0.398s] Level 1:colcon.colcon_core.package_identification:_identify(src/turtlebot3_simulations) by extensions ['ignore', 'ignore_ament_install']
[0.398s] Level 1:colcon.colcon_core.package_identification:_identify(src/turtlebot3_simulations) by extension 'ignore'
[0.398s] Level 1:colcon.colcon_core.package_identification:_identify(src/turtlebot3_simulations) by extension 'ignore_ament_install'
[0.398s] Level 1:colcon.colcon_core.package_identification:_identify(src/turtlebot3_simulations) by extensions ['colcon_pkg']
[0.398s] Level 1:colcon.colcon_core.package_identification:_identify(src/turtlebot3_simulations) by extension 'colcon_pkg'
[0.398s] Level 1:colcon.colcon_core.package_identification:_identify(src/turtlebot3_simulations) by extensions ['colcon_meta']
[0.399s] Level 1:colcon.colcon_core.package_identification:_identify(src/turtlebot3_simulations) by extension 'colcon_meta'
[0.399s] Level 1:colcon.colcon_core.package_identification:_identify(src/turtlebot3_simulations) by extensions ['ros']
[0.399s] Level 1:colcon.colcon_core.package_identification:_identify(src/turtlebot3_simulations) by extension 'ros'
[0.399s] Level 1:colcon.colcon_core.package_identification:_identify(src/turtlebot3_simulations) by extensions ['cmake', 'python']
[0.399s] Level 1:colcon.colcon_core.package_identification:_identify(src/turtlebot3_simulations) by extension 'cmake'
[0.399s] Level 1:colcon.colcon_core.package_identification:_identify(src/turtlebot3_simulations) by extension 'python'
[0.399s] Level 1:colcon.colcon_core.package_identification:_identify(src/turtlebot3_simulations) by extensions ['python_setup_py']
[0.399s] Level 1:colcon.colcon_core.package_identification:_identify(src/turtlebot3_simulations) by extension 'python_setup_py'
[0.399s] Level 1:colcon.colcon_core.package_identification:_identify(src/turtlebot3_simulations/turtlebot3_fake_node) by extensions ['ignore', 'ignore_ament_install']
[0.399s] Level 1:colcon.colcon_core.package_identification:_identify(src/turtlebot3_simulations/turtlebot3_fake_node) by extension 'ignore'
[0.399s] Level 1:colcon.colcon_core.package_identification:_identify(src/turtlebot3_simulations/turtlebot3_fake_node) by extension 'ignore_ament_install'
[0.400s] Level 1:colcon.colcon_core.package_identification:_identify(src/turtlebot3_simulations/turtlebot3_fake_node) by extensions ['colcon_pkg']
[0.400s] Level 1:colcon.colcon_core.package_identification:_identify(src/turtlebot3_simulations/turtlebot3_fake_node) by extension 'colcon_pkg'
[0.400s] Level 1:colcon.colcon_core.package_identification:_identify(src/turtlebot3_simulations/turtlebot3_fake_node) by extensions ['colcon_meta']
[0.400s] Level 1:colcon.colcon_core.package_identification:_identify(src/turtlebot3_simulations/turtlebot3_fake_node) by extension 'colcon_meta'
[0.400s] Level 1:colcon.colcon_core.package_identification:_identify(src/turtlebot3_simulations/turtlebot3_fake_node) by extensions ['ros']
[0.400s] Level 1:colcon.colcon_core.package_identification:_identify(src/turtlebot3_simulations/turtlebot3_fake_node) by extension 'ros'
[0.401s] DEBUG:colcon.colcon_core.package_identification:Package 'src/turtlebot3_simulations/turtlebot3_fake_node' with type 'ros.ament_cmake' and name 'turtlebot3_fake_node'
[0.402s] Level 1:colcon.colcon_core.package_identification:_identify(src/turtlebot3_simulations/turtlebot3_gazebo) by extensions ['ignore', 'ignore_ament_install']
[0.402s] Level 1:colcon.colcon_core.package_identification:_identify(src/turtlebot3_simulations/turtlebot3_gazebo) by extension 'ignore'
[0.402s] Level 1:colcon.colcon_core.package_identification:_identify(src/turtlebot3_simulations/turtlebot3_gazebo) by extension 'ignore_ament_install'
[0.402s] Level 1:colcon.colcon_core.package_identification:_identify(src/turtlebot3_simulations/turtlebot3_gazebo) by extensions ['colcon_pkg']
[0.402s] Level 1:colcon.colcon_core.package_identification:_identify(src/turtlebot3_simulations/turtlebot3_gazebo) by extension 'colcon_pkg'
[0.402s] Level 1:colcon.colcon_core.package_identification:_identify(src/turtlebot3_simulations/turtlebot3_gazebo) by extensions ['colcon_meta']
[0.402s] Level 1:colcon.colcon_core.package_identification:_identify(src/turtlebot3_simulations/turtlebot3_gazebo) by extension 'colcon_meta'
[0.402s] Level 1:colcon.colcon_core.package_identification:_identify(src/turtlebot3_simulations/turtlebot3_gazebo) by extensions ['ros']
[0.402s] Level 1:colcon.colcon_core.package_identification:_identify(src/turtlebot3_simulations/turtlebot3_gazebo) by extension 'ros'
[0.404s] DEBUG:colcon.colcon_core.package_identification:Package 'src/turtlebot3_simulations/turtlebot3_gazebo' with type 'ros.ament_cmake' and name 'turtlebot3_gazebo'
[0.404s] Level 1:colcon.colcon_core.package_identification:_identify(src/turtlebot3_simulations/turtlebot3_simulations) by extensions ['ignore', 'ignore_ament_install']
[0.404s] Level 1:colcon.colcon_core.package_identification:_identify(src/turtlebot3_simulations/turtlebot3_simulations) by extension 'ignore'
[0.404s] Level 1:colcon.colcon_core.package_identification:_identify(src/turtlebot3_simulations/turtlebot3_simulations) by extension 'ignore_ament_install'
[0.404s] Level 1:colcon.colcon_core.package_identification:_identify(src/turtlebot3_simulations/turtlebot3_simulations) by extensions ['colcon_pkg']
[0.404s] Level 1:colcon.colcon_core.package_identification:_identify(src/turtlebot3_simulations/turtlebot3_simulations) by extension 'colcon_pkg'
[0.405s] Level 1:colcon.colcon_core.package_identification:_identify(src/turtlebot3_simulations/turtlebot3_simulations) by extensions ['colcon_meta']
[0.405s] Level 1:colcon.colcon_core.package_identification:_identify(src/turtlebot3_simulations/turtlebot3_simulations) by extension 'colcon_meta'
[0.405s] Level 1:colcon.colcon_core.package_identification:_identify(src/turtlebot3_simulations/turtlebot3_simulations) by extensions ['ros']
[0.405s] Level 1:colcon.colcon_core.package_identification:_identify(src/turtlebot3_simulations/turtlebot3_simulations) by extension 'ros'
[0.406s] DEBUG:colcon.colcon_core.package_identification:Package 'src/turtlebot3_simulations/turtlebot3_simulations' with type 'ros.ament_cmake' and name 'turtlebot3_simulations'
[0.406s] Level 1:colcon.colcon_core.package_identification:_identify(src/turtlebot3_trailer) by extensions ['ignore', 'ignore_ament_install']
[0.406s] Level 1:colcon.colcon_core.package_identification:_identify(src/turtlebot3_trailer) by extension 'ignore'
[0.406s] Level 1:colcon.colcon_core.package_identification:_identify(src/turtlebot3_trailer) by extension 'ignore_ament_install'
[0.406s] Level 1:colcon.colcon_core.package_identification:_identify(src/turtlebot3_trailer) by extensions ['colcon_pkg']
[0.406s] Level 1:colcon.colcon_core.package_identification:_identify(src/turtlebot3_trailer) by extension 'colcon_pkg'
[0.406s] Level 1:colcon.colcon_core.package_identification:_identify(src/turtlebot3_trailer) by extensions ['colcon_meta']
[0.406s] Level 1:colcon.colcon_core.package_identification:_identify(src/turtlebot3_trailer) by extension 'colcon_meta'
[0.406s] Level 1:colcon.colcon_core.package_identification:_identify(src/turtlebot3_trailer) by extensions ['ros']
[0.406s] Level 1:colcon.colcon_core.package_identification:_identify(src/turtlebot3_trailer) by extension 'ros'
[0.407s] DEBUG:colcon.colcon_core.package_identification:Package 'src/turtlebot3_trailer' with type 'ros.ament_python' and name 'turtlebot3_trailer'
[0.407s] Level 1:colcon.colcon_core.package_discovery:discover_packages(recursive) using defaults
[0.407s] Level 1:colcon.colcon_core.package_discovery:discover_packages(ignore) discover
[0.407s] Level 1:colcon.colcon_core.package_discovery:discover_packages(ignore) using defaults
[0.407s] Level 1:colcon.colcon_core.package_discovery:discover_packages(path) discover
[0.407s] Level 1:colcon.colcon_core.package_discovery:discover_packages(path) using defaults
[0.436s] Level 5:colcon.colcon_core.verb:set package 'crazyflie_interfaces' build argument 'cmake_args' from command line to 'None'
[0.436s] Level 5:colcon.colcon_core.verb:set package 'crazyflie_interfaces' build argument 'cmake_target' from command line to 'None'
[0.436s] Level 5:colcon.colcon_core.verb:set package 'crazyflie_interfaces' build argument 'cmake_target_skip_unavailable' from command line to 'False'
[0.436s] Level 5:colcon.colcon_core.verb:set package 'crazyflie_interfaces' build argument 'cmake_clean_cache' from command line to 'False'
[0.436s] Level 5:colcon.colcon_core.verb:set package 'crazyflie_interfaces' build argument 'cmake_clean_first' from command line to 'False'
[0.436s] Level 5:colcon.colcon_core.verb:set package 'crazyflie_interfaces' build argument 'cmake_force_configure' from command line to 'False'
[0.436s] Level 5:colcon.colcon_core.verb:set package 'crazyflie_interfaces' build argument 'ament_cmake_args' from command line to 'None'
[0.436s] Level 5:colcon.colcon_core.verb:set package 'crazyflie_interfaces' build argument 'catkin_cmake_args' from command line to 'None'
[0.436s] Level 5:colcon.colcon_core.verb:set package 'crazyflie_interfaces' build argument 'catkin_skip_building_tests' from command line to 'False'
[0.437s] DEBUG:colcon.colcon_core.verb:Building package 'crazyflie_interfaces' with the following arguments: {'ament_cmake_args': None, 'build_base': '/home/ubuntuuser/ros2_ws/build/crazyflie_interfaces', 'catkin_cmake_args': None, 'catkin_skip_building_tests': False, 'cmake_args': None, 'cmake_clean_cache': False, 'cmake_clean_first': False, 'cmake_force_configure': False, 'cmake_target': None, 'cmake_target_skip_unavailable': False, 'install_base': '/home/ubuntuuser/ros2_ws/install/crazyflie_interfaces', 'merge_install': False, 'path': '/home/ubuntuuser/ros2_ws/src/crazyswarm2/crazyflie_interfaces', 'symlink_install': False, 'test_result_base': None}
[0.437s] Level 5:colcon.colcon_core.verb:set package 'r7021e_exploration' build argument 'cmake_args' from command line to 'None'
[0.437s] Level 5:colcon.colcon_core.verb:set package 'r7021e_exploration' build argument 'cmake_target' from command line to 'None'
[0.437s] Level 5:colcon.colcon_core.verb:set package 'r7021e_exploration' build argument 'cmake_target_skip_unavailable' from command line to 'False'
[0.437s] Level 5:colcon.colcon_core.verb:set package 'r7021e_exploration' build argument 'cmake_clean_cache' from command line to 'False'
[0.437s] Level 5:colcon.colcon_core.verb:set package 'r7021e_exploration' build argument 'cmake_clean_first' from command line to 'False'
[0.437s] Level 5:colcon.colcon_core.verb:set package 'r7021e_exploration' build argument 'cmake_force_configure' from command line to 'False'
[0.437s] Level 5:colcon.colcon_core.verb:set package 'r7021e_exploration' build argument 'ament_cmake_args' from command line to 'None'
[0.437s] Level 5:colcon.colcon_core.verb:set package 'r7021e_exploration' build argument 'catkin_cmake_args' from command line to 'None'
[0.437s] Level 5:colcon.colcon_core.verb:set package 'r7021e_exploration' build argument 'catkin_skip_building_tests' from command line to 'False'
[0.437s] DEBUG:colcon.colcon_core.verb:Building package 'r7021e_exploration' with the following arguments: {'ament_cmake_args': None, 'build_base': '/home/ubuntuuser/ros2_ws/build/r7021e_exploration', 'catkin_cmake_args': None, 'catkin_skip_building_tests': False, 'cmake_args': None, 'cmake_clean_cache': False, 'cmake_clean_first': False, 'cmake_force_configure': False, 'cmake_target': None, 'cmake_target_skip_unavailable': False, 'install_base': '/home/ubuntuuser/ros2_ws/install/r7021e_exploration', 'merge_install': False, 'path': '/home/ubuntuuser/ros2_ws/src/r7021e_exploration', 'symlink_install': False, 'test_result_base': None}
[0.438s] Level 5:colcon.colcon_core.verb:set package 'turtlebot3_fake_node' build argument 'cmake_args' from command line to 'None'
[0.438s] Level 5:colcon.colcon_core.verb:set package 'turtlebot3_fake_node' build argument 'cmake_target' from command line to 'None'
[0.438s] Level 5:colcon.colcon_core.verb:set package 'turtlebot3_fake_node' build argument 'cmake_target_skip_unavailable' from command line to 'False'
[0.438s] Level 5:colcon.colcon_core.verb:set package 'turtlebot3_fake_node' build argument 'cmake_clean_cache' from command line to 'False'
[0.438s] Level 5:colcon.colcon_core.verb:set package 'turtlebot3_fake_node' build argument 'cmake_clean_first' from command line to 'False'
[0.438s] Level 5:colcon.colcon_core.verb:set package 'turtlebot3_fake_node' build argument 'cmake_force_configure' from command line to 'False'
[0.438s] Level 5:colcon.colcon_core.verb:set package 'turtlebot3_fake_node' build argument 'ament_cmake_args' from command line to 'None'
[0.438s] Level 5:colcon.colcon_core.verb:set package 'turtlebot3_fake_node' build argument 'catkin_cmake_args' from command line to 'None'
[0.438s] Level 5:colcon.colcon_core.verb:set package 'turtlebot3_fake_node' build argument 'catkin_skip_building_tests' from command line to 'False'
[0.438s] DEBUG:colcon.colcon_core.verb:Building package 'turtlebot3_fake_node' with the following arguments: {'ament_cmake_args': None, 'build_base': '/home/ubuntuuser/ros2_ws/build/turtlebot3_fake_node', 'catkin_cmake_args': None, 'catkin_skip_building_tests': False, 'cmake_args': None, 'cmake_clean_cache': False, 'cmake_clean_first': False, 'cmake_force_configure': False, 'cmake_target': None, 'cmake_target_skip_unavailable': False, 'install_base': '/home/ubuntuuser/ros2_ws/install/turtlebot3_fake_node', 'merge_install': False, 'path': '/home/ubuntuuser/ros2_ws/src/turtlebot3_simulations/turtlebot3_fake_node', 'symlink_install': False, 'test_result_base': None}
[0.439s] Level 5:colcon.colcon_core.verb:set package 'turtlebot3_gazebo' build argument 'cmake_args' from command line to 'None'
[0.439s] Level 5:colcon.colcon_core.verb:set package 'turtlebot3_gazebo' build argument 'cmake_target' from command line to 'None'
[0.439s] Level 5:colcon.colcon_core.verb:set package 'turtlebot3_gazebo' build argument 'cmake_target_skip_unavailable' from command line to 'False'
[0.439s] Level 5:colcon.colcon_core.verb:set package 'turtlebot3_gazebo' build argument 'cmake_clean_cache' from command line to 'False'
[0.439s] Level 5:colcon.colcon_core.verb:set package 'turtlebot3_gazebo' build argument 'cmake_clean_first' from command line to 'False'
[0.439s] Level 5:colcon.colcon_core.verb:set package 'turtlebot3_gazebo' build argument 'cmake_force_configure' from command line to 'False'
[0.439s] Level 5:colcon.colcon_core.verb:set package 'turtlebot3_gazebo' build argument 'ament_cmake_args' from command line to 'None'
[0.439s] Level 5:colcon.colcon_core.verb:set package 'turtlebot3_gazebo' build argument 'catkin_cmake_args' from command line to 'None'
[0.439s] Level 5:colcon.colcon_core.verb:set package 'turtlebot3_gazebo' build argument 'catkin_skip_building_tests' from command line to 'False'
[0.439s] DEBUG:colcon.colcon_core.verb:Building package 'turtlebot3_gazebo' with the following arguments: {'ament_cmake_args': None, 'build_base': '/home/ubuntuuser/ros2_ws/build/turtlebot3_gazebo', 'catkin_cmake_args': None, 'catkin_skip_building_tests': False, 'cmake_args': None, 'cmake_clean_cache': False, 'cmake_clean_first': False, 'cmake_force_configure': False, 'cmake_target': None, 'cmake_target_skip_unavailable': False, 'install_base': '/home/ubuntuuser/ros2_ws/install/turtlebot3_gazebo', 'merge_install': False, 'path': '/home/ubuntuuser/ros2_ws/src/turtlebot3_simulations/turtlebot3_gazebo', 'symlink_install': False, 'test_result_base': None}
[0.439s] Level 5:colcon.colcon_core.verb:set package 'turtlebot3_trailer' build argument 'cmake_args' from command line to 'None'
[0.439s] Level 5:colcon.colcon_core.verb:set package 'turtlebot3_trailer' build argument 'cmake_target' from command line to 'None'
[0.439s] Level 5:colcon.colcon_core.verb:set package 'turtlebot3_trailer' build argument 'cmake_target_skip_unavailable' from command line to 'False'
[0.439s] Level 5:colcon.colcon_core.verb:set package 'turtlebot3_trailer' build argument 'cmake_clean_cache' from command line to 'False'
[0.440s] Level 5:colcon.colcon_core.verb:set package 'turtlebot3_trailer' build argument 'cmake_clean_first' from command line to 'False'
[0.440s] Level 5:colcon.colcon_core.verb:set package 'turtlebot3_trailer' build argument 'cmake_force_configure' from command line to 'False'
[0.440s] Level 5:colcon.colcon_core.verb:set package 'turtlebot3_trailer' build argument 'ament_cmake_args' from command line to 'None'
[0.440s] Level 5:colcon.colcon_core.verb:set package 'turtlebot3_trailer' build argument 'catkin_cmake_args' from command line to 'None'
[0.440s] Level 5:colcon.colcon_core.verb:set package 'turtlebot3_trailer' build argument 'catkin_skip_building_tests' from command line to 'False'
[0.440s] DEBUG:colcon.colcon_core.verb:Building package 'turtlebot3_trailer' with the following arguments: {'ament_cmake_args': None, 'build_base': '/home/ubuntuuser/ros2_ws/build/turtlebot3_trailer', 'catkin_cmake_args': None, 'catkin_skip_building_tests': False, 'cmake_args': None, 'cmake_clean_cache': False, 'cmake_clean_first': False, 'cmake_force_configure': False, 'cmake_target': None, 'cmake_target_skip_unavailable': False, 'install_base': '/home/ubuntuuser/ros2_ws/install/turtlebot3_trailer', 'merge_install': False, 'path': '/home/ubuntuuser/ros2_ws/src/turtlebot3_trailer', 'symlink_install': False, 'test_result_base': None}
[0.440s] Level 5:colcon.colcon_core.verb:set package 'crazyflie' build argument 'cmake_args' from command line to 'None'
[0.440s] Level 5:colcon.colcon_core.verb:set package 'crazyflie' build argument 'cmake_target' from command line to 'None'
[0.440s] Level 5:colcon.colcon_core.verb:set package 'crazyflie' build argument 'cmake_target_skip_unavailable' from command line to 'False'
[0.440s] Level 5:colcon.colcon_core.verb:set package 'crazyflie' build argument 'cmake_clean_cache' from command line to 'False'
[0.440s] Level 5:colcon.colcon_core.verb:set package 'crazyflie' build argument 'cmake_clean_first' from command line to 'False'
[0.440s] Level 5:colcon.colcon_core.verb:set package 'crazyflie' build argument 'cmake_force_configure' from command line to 'False'
[0.440s] Level 5:colcon.colcon_core.verb:set package 'crazyflie' build argument 'ament_cmake_args' from command line to 'None'
[0.440s] Level 5:colcon.colcon_core.verb:set package 'crazyflie' build argument 'catkin_cmake_args' from command line to 'None'
[0.440s] Level 5:colcon.colcon_core.verb:set package 'crazyflie' build argument 'catkin_skip_building_tests' from command line to 'False'
[0.441s] DEBUG:colcon.colcon_core.verb:Building package 'crazyflie' with the following arguments: {'ament_cmake_args': None, 'build_base': '/home/ubuntuuser/ros2_ws/build/crazyflie', 'catkin_cmake_args': None, 'catkin_skip_building_tests': False, 'cmake_args': None, 'cmake_clean_cache': False, 'cmake_clean_first': False, 'cmake_force_configure': False, 'cmake_target': None, 'cmake_target_skip_unavailable': False, 'install_base': '/home/ubuntuuser/ros2_ws/install/crazyflie', 'merge_install': False, 'path': '/home/ubuntuuser/ros2_ws/src/crazyswarm2/crazyflie', 'symlink_install': False, 'test_result_base': None}
[0.441s] Level 5:colcon.colcon_core.verb:set package 'crazyflie_py' build argument 'cmake_args' from command line to 'None'
[0.441s] Level 5:colcon.colcon_core.verb:set package 'crazyflie_py' build argument 'cmake_target' from command line to 'None'
[0.441s] Level 5:colcon.colcon_core.verb:set package 'crazyflie_py' build argument 'cmake_target_skip_unavailable' from command line to 'False'
[0.441s] Level 5:colcon.colcon_core.verb:set package 'crazyflie_py' build argument 'cmake_clean_cache' from command line to 'False'
[0.441s] Level 5:colcon.colcon_core.verb:set package 'crazyflie_py' build argument 'cmake_clean_first' from command line to 'False'
[0.441s] Level 5:colcon.colcon_core.verb:set package 'crazyflie_py' build argument 'cmake_force_configure' from command line to 'False'
[0.441s] Level 5:colcon.colcon_core.verb:set package 'crazyflie_py' build argument 'ament_cmake_args' from command line to 'None'
[0.441s] Level 5:colcon.colcon_core.verb:set package 'crazyflie_py' build argument 'catkin_cmake_args' from command line to 'None'
[0.441s] Level 5:colcon.colcon_core.verb:set package 'crazyflie_py' build argument 'catkin_skip_building_tests' from command line to 'False'
[0.441s] DEBUG:colcon.colcon_core.verb:Building package 'crazyflie_py' with the following arguments: {'ament_cmake_args': None, 'build_base': '/home/ubuntuuser/ros2_ws/build/crazyflie_py', 'catkin_cmake_args': None, 'catkin_skip_building_tests': False, 'cmake_args': None, 'cmake_clean_cache': False, 'cmake_clean_first': False, 'cmake_force_configure': False, 'cmake_target': None, 'cmake_target_skip_unavailable': False, 'install_base': '/home/ubuntuuser/ros2_ws/install/crazyflie_py', 'merge_install': False, 'path': '/home/ubuntuuser/ros2_ws/src/crazyswarm2/crazyflie_py', 'symlink_install': False, 'test_result_base': None}
[0.442s] Level 5:colcon.colcon_core.verb:set package 'crazyflie_sim' build argument 'cmake_args' from command line to 'None'
[0.442s] Level 5:colcon.colcon_core.verb:set package 'crazyflie_sim' build argument 'cmake_target' from command line to 'None'
[0.442s] Level 5:colcon.colcon_core.verb:set package 'crazyflie_sim' build argument 'cmake_target_skip_unavailable' from command line to 'False'
[0.442s] Level 5:colcon.colcon_core.verb:set package 'crazyflie_sim' build argument 'cmake_clean_cache' from command line to 'False'
[0.442s] Level 5:colcon.colcon_core.verb:set package 'crazyflie_sim' build argument 'cmake_clean_first' from command line to 'False'
[0.442s] Level 5:colcon.colcon_core.verb:set package 'crazyflie_sim' build argument 'cmake_force_configure' from command line to 'False'
[0.442s] Level 5:colcon.colcon_core.verb:set package 'crazyflie_sim' build argument 'ament_cmake_args' from command line to 'None'
[0.442s] Level 5:colcon.colcon_core.verb:set package 'crazyflie_sim' build argument 'catkin_cmake_args' from command line to 'None'
[0.442s] Level 5:colcon.colcon_core.verb:set package 'crazyflie_sim' build argument 'catkin_skip_building_tests' from command line to 'False'
[0.442s] DEBUG:colcon.colcon_core.verb:Building package 'crazyflie_sim' with the following arguments: {'ament_cmake_args': None, 'build_base': '/home/ubuntuuser/ros2_ws/build/crazyflie_sim', 'catkin_cmake_args': None, 'catkin_skip_building_tests': False, 'cmake_args': None, 'cmake_clean_cache': False, 'cmake_clean_first': False, 'cmake_force_configure': False, 'cmake_target': None, 'cmake_target_skip_unavailable': False, 'install_base': '/home/ubuntuuser/ros2_ws/install/crazyflie_sim', 'merge_install': False, 'path': '/home/ubuntuuser/ros2_ws/src/crazyswarm2/crazyflie_sim', 'symlink_install': False, 'test_result_base': None}
[0.442s] Level 5:colcon.colcon_core.verb:set package 'turtlebot3_simulations' build argument 'cmake_args' from command line to 'None'
[0.443s] Level 5:colcon.colcon_core.verb:set package 'turtlebot3_simulations' build argument 'cmake_target' from command line to 'None'
[0.443s] Level 5:colcon.colcon_core.verb:set package 'turtlebot3_simulations' build argument 'cmake_target_skip_unavailable' from command line to 'False'
[0.443s] Level 5:colcon.colcon_core.verb:set package 'turtlebot3_simulations' build argument 'cmake_clean_cache' from command line to 'False'
[0.443s] Level 5:colcon.colcon_core.verb:set package 'turtlebot3_simulations' build argument 'cmake_clean_first' from command line to 'False'
[0.443s] Level 5:colcon.colcon_core.verb:set package 'turtlebot3_simulations' build argument 'cmake_force_configure' from command line to 'False'
[0.443s] Level 5:colcon.colcon_core.verb:set package 'turtlebot3_simulations' build argument 'ament_cmake_args' from command line to 'None'
[0.443s] Level 5:colcon.colcon_core.verb:set package 'turtlebot3_simulations' build argument 'catkin_cmake_args' from command line to 'None'
[0.443s] Level 5:colcon.colcon_core.verb:set package 'turtlebot3_simulations' build argument 'catkin_skip_building_tests' from command line to 'False'
[0.443s] DEBUG:colcon.colcon_core.verb:Building package 'turtlebot3_simulations' with the following arguments: {'ament_cmake_args': None, 'build_base': '/home/ubuntuuser/ros2_ws/build/turtlebot3_simulations', 'catkin_cmake_args': None, 'catkin_skip_building_tests': False, 'cmake_args': None, 'cmake_clean_cache': False, 'cmake_clean_first': False, 'cmake_force_configure': False, 'cmake_target': None, 'cmake_target_skip_unavailable': False, 'install_base': '/home/ubuntuuser/ros2_ws/install/turtlebot3_simulations', 'merge_install': False, 'path': '/home/ubuntuuser/ros2_ws/src/turtlebot3_simulations/turtlebot3_simulations', 'symlink_install': False, 'test_result_base': None}
[0.443s] Level 5:colcon.colcon_core.verb:set package 'crazyflie_examples' build argument 'cmake_args' from command line to 'None'
[0.443s] Level 5:colcon.colcon_core.verb:set package 'crazyflie_examples' build argument 'cmake_target' from command line to 'None'
[0.443s] Level 5:colcon.colcon_core.verb:set package 'crazyflie_examples' build argument 'cmake_target_skip_unavailable' from command line to 'False'
[0.443s] Level 5:colcon.colcon_core.verb:set package 'crazyflie_examples' build argument 'cmake_clean_cache' from command line to 'False'
[0.443s] Level 5:colcon.colcon_core.verb:set package 'crazyflie_examples' build argument 'cmake_clean_first' from command line to 'False'
[0.443s] Level 5:colcon.colcon_core.verb:set package 'crazyflie_examples' build argument 'cmake_force_configure' from command line to 'False'
[0.443s] Level 5:colcon.colcon_core.verb:set package 'crazyflie_examples' build argument 'ament_cmake_args' from command line to 'None'
[0.444s] Level 5:colcon.colcon_core.verb:set package 'crazyflie_examples' build argument 'catkin_cmake_args' from command line to 'None'
[0.444s] Level 5:colcon.colcon_core.verb:set package 'crazyflie_examples' build argument 'catkin_skip_building_tests' from command line to 'False'
[0.444s] DEBUG:colcon.colcon_core.verb:Building package 'crazyflie_examples' with the following arguments: {'ament_cmake_args': None, 'build_base': '/home/ubuntuuser/ros2_ws/build/crazyflie_examples', 'catkin_cmake_args': None, 'catkin_skip_building_tests': False, 'cmake_args': None, 'cmake_clean_cache': False, 'cmake_clean_first': False, 'cmake_force_configure': False, 'cmake_target': None, 'cmake_target_skip_unavailable': False, 'install_base': '/home/ubuntuuser/ros2_ws/install/crazyflie_examples', 'merge_install': False, 'path': '/home/ubuntuuser/ros2_ws/src/crazyswarm2/crazyflie_examples', 'symlink_install': False, 'test_result_base': None}
[0.444s] INFO:colcon.colcon_core.executor:Executing jobs using 'parallel' executor
[0.445s] DEBUG:colcon.colcon_parallel_executor.executor.parallel:run_until_complete
[0.446s] INFO:colcon.colcon_ros.task.ament_cmake.build:Building ROS package in '/home/ubuntuuser/ros2_ws/src/crazyswarm2/crazyflie_interfaces' with build type 'ament_cmake'
[0.446s] INFO:colcon.colcon_cmake.task.cmake.build:Building CMake package in '/home/ubuntuuser/ros2_ws/src/crazyswarm2/crazyflie_interfaces'
[0.451s] INFO:colcon.colcon_core.plugin_system:Skipping extension 'colcon_core.shell.bat': Not used on non-Windows systems
[0.451s] INFO:colcon.colcon_core.shell:Skip shell extension 'powershell' for command environment: Not usable outside of PowerShell
[0.451s] DEBUG:colcon.colcon_core.shell:Skip shell extension 'dsv' for command environment
[0.463s] INFO:colcon.colcon_ros.task.ament_cmake.build:Building ROS package in '/home/ubuntuuser/ros2_ws/src/turtlebot3_simulations/turtlebot3_fake_node' with build type 'ament_cmake'
[0.463s] INFO:colcon.colcon_cmake.task.cmake.build:Building CMake package in '/home/ubuntuuser/ros2_ws/src/turtlebot3_simulations/turtlebot3_fake_node'
[0.464s] INFO:colcon.colcon_core.shell:Skip shell extension 'powershell' for command environment: Not usable outside of PowerShell
[0.464s] DEBUG:colcon.colcon_core.shell:Skip shell extension 'dsv' for command environment
[0.471s] INFO:colcon.colcon_ros.task.ament_cmake.build:Building ROS package in '/home/ubuntuuser/ros2_ws/src/turtlebot3_simulations/turtlebot3_gazebo' with build type 'ament_cmake'
[0.472s] INFO:colcon.colcon_cmake.task.cmake.build:Building CMake package in '/home/ubuntuuser/ros2_ws/src/turtlebot3_simulations/turtlebot3_gazebo'
[0.472s] INFO:colcon.colcon_core.shell:Skip shell extension 'powershell' for command environment: Not usable outside of PowerShell
[0.472s] DEBUG:colcon.colcon_core.shell:Skip shell extension 'dsv' for command environment
[0.483s] INFO:colcon.colcon_ros.task.ament_python.build:Building ROS package in '/home/ubuntuuser/ros2_ws/src/r7021e_exploration' with build type 'ament_python'
[0.483s] Level 1:colcon.colcon_core.shell:create_environment_hook('r7021e_exploration', 'ament_prefix_path')
[0.484s] INFO:colcon.colcon_core.shell:Creating environment hook '/home/ubuntuuser/ros2_ws/install/r7021e_exploration/share/r7021e_exploration/hook/ament_prefix_path.ps1'
[0.485s] INFO:colcon.colcon_core.shell:Creating environment descriptor '/home/ubuntuuser/ros2_ws/install/r7021e_exploration/share/r7021e_exploration/hook/ament_prefix_path.dsv'
[0.488s] INFO:colcon.colcon_core.shell:Creating environment hook '/home/ubuntuuser/ros2_ws/install/r7021e_exploration/share/r7021e_exploration/hook/ament_prefix_path.sh'
[0.491s] INFO:colcon.colcon_core.shell:Skip shell extension 'powershell' for command environment: Not usable outside of PowerShell
[0.491s] DEBUG:colcon.colcon_core.shell:Skip shell extension 'dsv' for command environment
[0.514s] DEBUG:colcon.colcon_core.event_handler.log_command:Invoking command in '/home/ubuntuuser/ros2_ws/build/crazyflie_interfaces': CMAKE_PREFIX_PATH=${CMAKE_PREFIX_PATH}:/home/ubuntuuser/ros2_ws/install/turtlebot3_trailer:/home/ubuntuuser/ros2_ws/install/r7021e_exploration:/home/ubuntuuser/ros2_ws/install/crazyflie_py:/opt/ros/jazzy DEBUGINFOD_URLS=https://debuginfod.ubuntu.com PS1=(.venv) \[\e]0;\u@\h: \w\a\]${debian_chroot:+($debian_chroot)}\[\033[01;32m\]\u@\h\[\033[00m\]:\[\033[01;34m\]\w\[\033[00m\]\$ VIRTUAL_ENV_PROMPT=(.venv) /usr/bin/cmake --build /home/ubuntuuser/ros2_ws/build/crazyflie_interfaces -- -j4 -l4
[0.520s] DEBUG:colcon.colcon_core.event_handler.log_command:Invoking command in '/home/ubuntuuser/ros2_ws/build/turtlebot3_fake_node': CMAKE_PREFIX_PATH=${CMAKE_PREFIX_PATH}:/home/ubuntuuser/ros2_ws/install/turtlebot3_trailer:/home/ubuntuuser/ros2_ws/install/r7021e_exploration:/home/ubuntuuser/ros2_ws/install/crazyflie_py:/opt/ros/jazzy DEBUGINFOD_URLS=https://debuginfod.ubuntu.com PS1=(.venv) \[\e]0;\u@\h: \w\a\]${debian_chroot:+($debian_chroot)}\[\033[01;32m\]\u@\h\[\033[00m\]:\[\033[01;34m\]\w\[\033[00m\]\$ VIRTUAL_ENV_PROMPT=(.venv) /usr/bin/cmake --build /home/ubuntuuser/ros2_ws/build/turtlebot3_fake_node -- -j4 -l4
[0.526s] DEBUG:colcon.colcon_core.event_handler.log_command:Invoking command in '/home/ubuntuuser/ros2_ws/build/turtlebot3_gazebo': CMAKE_PREFIX_PATH=${CMAKE_PREFIX_PATH}:/home/ubuntuuser/ros2_ws/install/turtlebot3_trailer:/home/ubuntuuser/ros2_ws/install/r7021e_exploration:/home/ubuntuuser/ros2_ws/install/crazyflie_py:/opt/ros/jazzy DEBUGINFOD_URLS=https://debuginfod.ubuntu.com PS1=(.venv) \[\e]0;\u@\h: \w\a\]${debian_chroot:+($debian_chroot)}\[\033[01;32m\]\u@\h\[\033[00m\]:\[\033[01;34m\]\w\[\033[00m\]\$ VIRTUAL_ENV_PROMPT=(.venv) /usr/bin/cmake --build /home/ubuntuuser/ros2_ws/build/turtlebot3_gazebo -- -j4 -l4
[1.177s] INFO:colcon.colcon_core.task.python.build:Building Python package in '/home/ubuntuuser/ros2_ws/src/r7021e_exploration'
[1.178s] INFO:colcon.colcon_core.shell:Skip shell extension 'powershell' for command environment: Not usable outside of PowerShell
[1.178s] DEBUG:colcon.colcon_core.shell:Skip shell extension 'dsv' for command environment
[1.191s] DEBUG:colcon.colcon_core.event_handler.log_command:Invoked command in '/home/ubuntuuser/ros2_ws/build/turtlebot3_gazebo' returned '0': CMAKE_PREFIX_PATH=${CMAKE_PREFIX_PATH}:/home/ubuntuuser/ros2_ws/install/turtlebot3_trailer:/home/ubuntuuser/ros2_ws/install/r7021e_exploration:/home/ubuntuuser/ros2_ws/install/crazyflie_py:/opt/ros/jazzy DEBUGINFOD_URLS=https://debuginfod.ubuntu.com PS1=(.venv) \[\e]0;\u@\h: \w\a\]${debian_chroot:+($debian_chroot)}\[\033[01;32m\]\u@\h\[\033[00m\]:\[\033[01;34m\]\w\[\033[00m\]\$ VIRTUAL_ENV_PROMPT=(.venv) /usr/bin/cmake --build /home/ubuntuuser/ros2_ws/build/turtlebot3_gazebo -- -j4 -l4
[1.227s] DEBUG:colcon.colcon_core.event_handler.log_command:Invoking command in '/home/ubuntuuser/ros2_ws/build/turtlebot3_gazebo': CMAKE_PREFIX_PATH=${CMAKE_PREFIX_PATH}:/home/ubuntuuser/ros2_ws/install/turtlebot3_trailer:/home/ubuntuuser/ros2_ws/install/r7021e_exploration:/home/ubuntuuser/ros2_ws/install/crazyflie_py:/opt/ros/jazzy DEBUGINFOD_URLS=https://debuginfod.ubuntu.com PS1=(.venv) \[\e]0;\u@\h: \w\a\]${debian_chroot:+($debian_chroot)}\[\033[01;32m\]\u@\h\[\033[00m\]:\[\033[01;34m\]\w\[\033[00m\]\$ VIRTUAL_ENV_PROMPT=(.venv) /usr/bin/cmake --install /home/ubuntuuser/ros2_ws/build/turtlebot3_gazebo
[1.228s] DEBUG:colcon.colcon_core.event_handler.log_command:Invoked command in '/home/ubuntuuser/ros2_ws/build/turtlebot3_fake_node' returned '0': CMAKE_PREFIX_PATH=${CMAKE_PREFIX_PATH}:/home/ubuntuuser/ros2_ws/install/turtlebot3_trailer:/home/ubuntuuser/ros2_ws/install/r7021e_exploration:/home/ubuntuuser/ros2_ws/install/crazyflie_py:/opt/ros/jazzy DEBUGINFOD_URLS=https://debuginfod.ubuntu.com PS1=(.venv) \[\e]0;\u@\h: \w\a\]${debian_chroot:+($debian_chroot)}\[\033[01;32m\]\u@\h\[\033[00m\]:\[\033[01;34m\]\w\[\033[00m\]\$ VIRTUAL_ENV_PROMPT=(.venv) /usr/bin/cmake --build /home/ubuntuuser/ros2_ws/build/turtlebot3_fake_node -- -j4 -l4
[1.230s] DEBUG:colcon.colcon_core.event_handler.log_command:Invoking command in '/home/ubuntuuser/ros2_ws/build/turtlebot3_fake_node': CMAKE_PREFIX_PATH=${CMAKE_PREFIX_PATH}:/home/ubuntuuser/ros2_ws/install/turtlebot3_trailer:/home/ubuntuuser/ros2_ws/install/r7021e_exploration:/home/ubuntuuser/ros2_ws/install/crazyflie_py:/opt/ros/jazzy DEBUGINFOD_URLS=https://debuginfod.ubuntu.com PS1=(.venv) \[\e]0;\u@\h: \w\a\]${debian_chroot:+($debian_chroot)}\[\033[01;32m\]\u@\h\[\033[00m\]:\[\033[01;34m\]\w\[\033[00m\]\$ VIRTUAL_ENV_PROMPT=(.venv) /usr/bin/cmake --install /home/ubuntuuser/ros2_ws/build/turtlebot3_fake_node
[1.285s] Level 1:colcon.colcon_core.environment:create_environment_scripts_only(turtlebot3_fake_node)
[1.311s] Level 1:colcon.colcon_core.environment:checking '/home/ubuntuuser/ros2_ws/install/turtlebot3_fake_node' for CMake module files
[1.317s] DEBUG:colcon.colcon_core.event_handler.log_command:Invoked command in '/home/ubuntuuser/ros2_ws/build/turtlebot3_fake_node' returned '0': CMAKE_PREFIX_PATH=${CMAKE_PREFIX_PATH}:/home/ubuntuuser/ros2_ws/install/turtlebot3_trailer:/home/ubuntuuser/ros2_ws/install/r7021e_exploration:/home/ubuntuuser/ros2_ws/install/crazyflie_py:/opt/ros/jazzy DEBUGINFOD_URLS=https://debuginfod.ubuntu.com PS1=(.venv) \[\e]0;\u@\h: \w\a\]${debian_chroot:+($debian_chroot)}\[\033[01;32m\]\u@\h\[\033[00m\]:\[\033[01;34m\]\w\[\033[00m\]\$ VIRTUAL_ENV_PROMPT=(.venv) /usr/bin/cmake --install /home/ubuntuuser/ros2_ws/build/turtlebot3_fake_node
[1.320s] Level 1:colcon.colcon_core.environment:checking '/home/ubuntuuser/ros2_ws/install/turtlebot3_fake_node' for CMake config files
[1.321s] Level 1:colcon.colcon_core.shell:create_environment_hook('turtlebot3_fake_node', 'cmake_prefix_path')
[1.321s] INFO:colcon.colcon_core.shell:Creating environment hook '/home/ubuntuuser/ros2_ws/install/turtlebot3_fake_node/share/turtlebot3_fake_node/hook/cmake_prefix_path.ps1'
[1.322s] INFO:colcon.colcon_core.shell:Creating environment descriptor '/home/ubuntuuser/ros2_ws/install/turtlebot3_fake_node/share/turtlebot3_fake_node/hook/cmake_prefix_path.dsv'
[1.326s] INFO:colcon.colcon_core.shell:Creating environment hook '/home/ubuntuuser/ros2_ws/install/turtlebot3_fake_node/share/turtlebot3_fake_node/hook/cmake_prefix_path.sh'
[1.328s] Level 1:colcon.colcon_core.environment:checking '/home/ubuntuuser/ros2_ws/install/turtlebot3_fake_node/lib'
[1.331s] Level 1:colcon.colcon_core.environment:checking '/home/ubuntuuser/ros2_ws/install/turtlebot3_fake_node/bin'
[1.332s] Level 1:colcon.colcon_core.environment:checking '/home/ubuntuuser/ros2_ws/install/turtlebot3_fake_node/lib/pkgconfig/turtlebot3_fake_node.pc'
[1.332s] Level 1:colcon.colcon_core.environment:checking '/home/ubuntuuser/ros2_ws/install/turtlebot3_fake_node/lib/python3.12/site-packages'
[1.333s] Level 1:colcon.colcon_core.environment:checking '/home/ubuntuuser/ros2_ws/install/turtlebot3_fake_node/bin'
[1.333s] INFO:colcon.colcon_core.shell:Creating package script '/home/ubuntuuser/ros2_ws/install/turtlebot3_fake_node/share/turtlebot3_fake_node/package.ps1'
[1.338s] INFO:colcon.colcon_core.shell:Creating package descriptor '/home/ubuntuuser/ros2_ws/install/turtlebot3_fake_node/share/turtlebot3_fake_node/package.dsv'
[1.343s] INFO:colcon.colcon_core.shell:Creating package script '/home/ubuntuuser/ros2_ws/install/turtlebot3_fake_node/share/turtlebot3_fake_node/package.sh'
[1.344s] INFO:colcon.colcon_core.shell:Creating package script '/home/ubuntuuser/ros2_ws/install/turtlebot3_fake_node/share/turtlebot3_fake_node/package.bash'
[1.349s] INFO:colcon.colcon_core.shell:Creating package script '/home/ubuntuuser/ros2_ws/install/turtlebot3_fake_node/share/turtlebot3_fake_node/package.zsh'
[1.351s] Level 1:colcon.colcon_core.environment:create_file_with_runtime_dependencies(/home/ubuntuuser/ros2_ws/install/turtlebot3_fake_node/share/colcon-core/packages/turtlebot3_fake_node)
[1.353s] Level 1:colcon.colcon_core.environment:create_environment_scripts_only(turtlebot3_fake_node)
[1.353s] Level 1:colcon.colcon_core.environment:checking '/home/ubuntuuser/ros2_ws/install/turtlebot3_fake_node' for CMake module files
[1.355s] Level 1:colcon.colcon_core.environment:checking '/home/ubuntuuser/ros2_ws/install/turtlebot3_fake_node' for CMake config files
[1.355s] Level 1:colcon.colcon_core.shell:create_environment_hook('turtlebot3_fake_node', 'cmake_prefix_path')
[1.358s] INFO:colcon.colcon_core.shell:Creating environment hook '/home/ubuntuuser/ros2_ws/install/turtlebot3_fake_node/share/turtlebot3_fake_node/hook/cmake_prefix_path.ps1'
[1.363s] INFO:colcon.colcon_core.shell:Creating environment descriptor '/home/ubuntuuser/ros2_ws/install/turtlebot3_fake_node/share/turtlebot3_fake_node/hook/cmake_prefix_path.dsv'
[1.365s] INFO:colcon.colcon_core.shell:Creating environment hook '/home/ubuntuuser/ros2_ws/install/turtlebot3_fake_node/share/turtlebot3_fake_node/hook/cmake_prefix_path.sh'
[1.370s] Level 1:colcon.colcon_core.environment:checking '/home/ubuntuuser/ros2_ws/install/turtlebot3_fake_node/lib'
[1.370s] Level 1:colcon.colcon_core.environment:checking '/home/ubuntuuser/ros2_ws/install/turtlebot3_fake_node/bin'
[1.370s] Level 1:colcon.colcon_core.environment:checking '/home/ubuntuuser/ros2_ws/install/turtlebot3_fake_node/lib/pkgconfig/turtlebot3_fake_node.pc'
[1.371s] Level 1:colcon.colcon_core.environment:checking '/home/ubuntuuser/ros2_ws/install/turtlebot3_fake_node/lib/python3.12/site-packages'
[1.373s] Level 1:colcon.colcon_core.environment:checking '/home/ubuntuuser/ros2_ws/install/turtlebot3_fake_node/bin'
[1.374s] INFO:colcon.colcon_core.shell:Creating package script '/home/ubuntuuser/ros2_ws/install/turtlebot3_fake_node/share/turtlebot3_fake_node/package.ps1'
[1.383s] INFO:colcon.colcon_core.shell:Creating package descriptor '/home/ubuntuuser/ros2_ws/install/turtlebot3_fake_node/share/turtlebot3_fake_node/package.dsv'
[1.388s] INFO:colcon.colcon_core.shell:Creating package script '/home/ubuntuuser/ros2_ws/install/turtlebot3_fake_node/share/turtlebot3_fake_node/package.sh'
[1.389s] INFO:colcon.colcon_core.shell:Creating package script '/home/ubuntuuser/ros2_ws/install/turtlebot3_fake_node/share/turtlebot3_fake_node/package.bash'
[1.390s] INFO:colcon.colcon_core.shell:Creating package script '/home/ubuntuuser/ros2_ws/install/turtlebot3_fake_node/share/turtlebot3_fake_node/package.zsh'
[1.395s] Level 1:colcon.colcon_core.environment:create_file_with_runtime_dependencies(/home/ubuntuuser/ros2_ws/install/turtlebot3_fake_node/share/colcon-core/packages/turtlebot3_fake_node)
[1.397s] INFO:colcon.colcon_ros.task.ament_python.build:Building ROS package in '/home/ubuntuuser/ros2_ws/src/turtlebot3_trailer' with build type 'ament_python'
[1.400s] Level 1:colcon.colcon_core.shell:create_environment_hook('turtlebot3_trailer', 'ament_prefix_path')
[1.401s] INFO:colcon.colcon_core.shell:Creating environment hook '/home/ubuntuuser/ros2_ws/install/turtlebot3_trailer/share/turtlebot3_trailer/hook/ament_prefix_path.ps1'
[1.402s] INFO:colcon.colcon_core.shell:Creating environment descriptor '/home/ubuntuuser/ros2_ws/install/turtlebot3_trailer/share/turtlebot3_trailer/hook/ament_prefix_path.dsv'
[1.406s] INFO:colcon.colcon_core.shell:Creating environment hook '/home/ubuntuuser/ros2_ws/install/turtlebot3_trailer/share/turtlebot3_trailer/hook/ament_prefix_path.sh'
[1.409s] INFO:colcon.colcon_core.shell:Skip shell extension 'powershell' for command environment: Not usable outside of PowerShell
[1.409s] DEBUG:colcon.colcon_core.shell:Skip shell extension 'dsv' for command environment
[1.432s] Level 1:colcon.colcon_core.environment:create_environment_scripts_only(turtlebot3_gazebo)
[1.433s] Level 1:colcon.colcon_core.environment:checking '/home/ubuntuuser/ros2_ws/install/turtlebot3_gazebo' for CMake module files
[1.434s] Level 1:colcon.colcon_core.environment:checking '/home/ubuntuuser/ros2_ws/install/turtlebot3_gazebo' for CMake config files
[1.435s] DEBUG:colcon.colcon_core.event_handler.log_command:Invoked command in '/home/ubuntuuser/ros2_ws/build/turtlebot3_gazebo' returned '0': CMAKE_PREFIX_PATH=${CMAKE_PREFIX_PATH}:/home/ubuntuuser/ros2_ws/install/turtlebot3_trailer:/home/ubuntuuser/ros2_ws/install/r7021e_exploration:/home/ubuntuuser/ros2_ws/install/crazyflie_py:/opt/ros/jazzy DEBUGINFOD_URLS=https://debuginfod.ubuntu.com PS1=(.venv) \[\e]0;\u@\h: \w\a\]${debian_chroot:+($debian_chroot)}\[\033[01;32m\]\u@\h\[\033[00m\]:\[\033[01;34m\]\w\[\033[00m\]\$ VIRTUAL_ENV_PROMPT=(.venv) /usr/bin/cmake --install /home/ubuntuuser/ros2_ws/build/turtlebot3_gazebo
[1.436s] Level 1:colcon.colcon_core.shell:create_environment_hook('turtlebot3_gazebo', 'cmake_prefix_path')
[1.438s] INFO:colcon.colcon_core.shell:Creating environment hook '/home/ubuntuuser/ros2_ws/install/turtlebot3_gazebo/share/turtlebot3_gazebo/hook/cmake_prefix_path.ps1'
[1.440s] INFO:colcon.colcon_core.shell:Creating environment descriptor '/home/ubuntuuser/ros2_ws/install/turtlebot3_gazebo/share/turtlebot3_gazebo/hook/cmake_prefix_path.dsv'
[1.447s] INFO:colcon.colcon_core.shell:Creating environment hook '/home/ubuntuuser/ros2_ws/install/turtlebot3_gazebo/share/turtlebot3_gazebo/hook/cmake_prefix_path.sh'
[1.449s] Level 1:colcon.colcon_core.environment:checking '/home/ubuntuuser/ros2_ws/install/turtlebot3_gazebo/lib'
[1.449s] Level 1:colcon.colcon_core.environment:checking '/home/ubuntuuser/ros2_ws/install/turtlebot3_gazebo/bin'
[1.449s] Level 1:colcon.colcon_core.environment:checking '/home/ubuntuuser/ros2_ws/install/turtlebot3_gazebo/lib/pkgconfig/turtlebot3_gazebo.pc'
[1.452s] Level 1:colcon.colcon_core.environment:checking '/home/ubuntuuser/ros2_ws/install/turtlebot3_gazebo/lib/python3.12/site-packages'
[1.453s] Level 1:colcon.colcon_core.environment:checking '/home/ubuntuuser/ros2_ws/install/turtlebot3_gazebo/bin'
[1.453s] INFO:colcon.colcon_core.shell:Creating package script '/home/ubuntuuser/ros2_ws/install/turtlebot3_gazebo/share/turtlebot3_gazebo/package.ps1'
[1.454s] INFO:colcon.colcon_core.shell:Creating package descriptor '/home/ubuntuuser/ros2_ws/install/turtlebot3_gazebo/share/turtlebot3_gazebo/package.dsv'
[1.459s] INFO:colcon.colcon_core.shell:Creating package script '/home/ubuntuuser/ros2_ws/install/turtlebot3_gazebo/share/turtlebot3_gazebo/package.sh'
[1.461s] INFO:colcon.colcon_core.shell:Creating package script '/home/ubuntuuser/ros2_ws/install/turtlebot3_gazebo/share/turtlebot3_gazebo/package.bash'
[1.464s] INFO:colcon.colcon_core.shell:Creating package script '/home/ubuntuuser/ros2_ws/install/turtlebot3_gazebo/share/turtlebot3_gazebo/package.zsh'
[1.466s] Level 1:colcon.colcon_core.environment:create_file_with_runtime_dependencies(/home/ubuntuuser/ros2_ws/install/turtlebot3_gazebo/share/colcon-core/packages/turtlebot3_gazebo)
[1.468s] Level 1:colcon.colcon_core.environment:create_environment_scripts_only(turtlebot3_gazebo)
[1.469s] Level 1:colcon.colcon_core.environment:checking '/home/ubuntuuser/ros2_ws/install/turtlebot3_gazebo' for CMake module files
[1.471s] Level 1:colcon.colcon_core.environment:checking '/home/ubuntuuser/ros2_ws/install/turtlebot3_gazebo' for CMake config files
[1.472s] Level 1:colcon.colcon_core.shell:create_environment_hook('turtlebot3_gazebo', 'cmake_prefix_path')
[1.473s] INFO:colcon.colcon_core.shell:Creating environment hook '/home/ubuntuuser/ros2_ws/install/turtlebot3_gazebo/share/turtlebot3_gazebo/hook/cmake_prefix_path.ps1'
[1.475s] INFO:colcon.colcon_core.shell:Creating environment descriptor '/home/ubuntuuser/ros2_ws/install/turtlebot3_gazebo/share/turtlebot3_gazebo/hook/cmake_prefix_path.dsv'
[1.476s] INFO:colcon.colcon_core.shell:Creating environment hook '/home/ubuntuuser/ros2_ws/install/turtlebot3_gazebo/share/turtlebot3_gazebo/hook/cmake_prefix_path.sh'
[1.479s] Level 1:colcon.colcon_core.environment:checking '/home/ubuntuuser/ros2_ws/install/turtlebot3_gazebo/lib'
[1.479s] Level 1:colcon.colcon_core.environment:checking '/home/ubuntuuser/ros2_ws/install/turtlebot3_gazebo/bin'
[1.480s] Level 1:colcon.colcon_core.environment:checking '/home/ubuntuuser/ros2_ws/install/turtlebot3_gazebo/lib/pkgconfig/turtlebot3_gazebo.pc'
[1.480s] Level 1:colcon.colcon_core.environment:checking '/home/ubuntuuser/ros2_ws/install/turtlebot3_gazebo/lib/python3.12/site-packages'
[1.494s] Level 1:colcon.colcon_core.environment:checking '/home/ubuntuuser/ros2_ws/install/turtlebot3_gazebo/bin'
[1.495s] INFO:colcon.colcon_core.shell:Creating package script '/home/ubuntuuser/ros2_ws/install/turtlebot3_gazebo/share/turtlebot3_gazebo/package.ps1'
[1.499s] INFO:colcon.colcon_core.shell:Creating package descriptor '/home/ubuntuuser/ros2_ws/install/turtlebot3_gazebo/share/turtlebot3_gazebo/package.dsv'
[1.501s] INFO:colcon.colcon_core.shell:Creating package script '/home/ubuntuuser/ros2_ws/install/turtlebot3_gazebo/share/turtlebot3_gazebo/package.sh'
[1.503s] INFO:colcon.colcon_core.shell:Creating package script '/home/ubuntuuser/ros2_ws/install/turtlebot3_gazebo/share/turtlebot3_gazebo/package.bash'
[1.505s] INFO:colcon.colcon_core.shell:Creating package script '/home/ubuntuuser/ros2_ws/install/turtlebot3_gazebo/share/turtlebot3_gazebo/package.zsh'
[1.506s] Level 1:colcon.colcon_core.environment:create_file_with_runtime_dependencies(/home/ubuntuuser/ros2_ws/install/turtlebot3_gazebo/share/colcon-core/packages/turtlebot3_gazebo)
[1.508s] INFO:colcon.colcon_ros.task.ament_cmake.build:Building ROS package in '/home/ubuntuuser/ros2_ws/src/turtlebot3_simulations/turtlebot3_simulations' with build type 'ament_cmake'
[1.508s] INFO:colcon.colcon_cmake.task.cmake.build:Building CMake package in '/home/ubuntuuser/ros2_ws/src/turtlebot3_simulations/turtlebot3_simulations'
[1.509s] INFO:colcon.colcon_core.shell:Skip shell extension 'powershell' for command environment: Not usable outside of PowerShell
[1.509s] DEBUG:colcon.colcon_core.shell:Skip shell extension 'dsv' for command environment
[2.118s] INFO:colcon.colcon_core.task.python.build:Building Python package in '/home/ubuntuuser/ros2_ws/src/turtlebot3_trailer'
[2.119s] INFO:colcon.colcon_core.shell:Skip shell extension 'powershell' for command environment: Not usable outside of PowerShell
[2.119s] DEBUG:colcon.colcon_core.shell:Skip shell extension 'dsv' for command environment
[2.145s] DEBUG:colcon.colcon_core.event_handler.log_command:Invoking command in '/home/ubuntuuser/ros2_ws/build/turtlebot3_simulations': CMAKE_PREFIX_PATH=/home/ubuntuuser/ros2_ws/install/turtlebot3_gazebo:/home/ubuntuuser/ros2_ws/install/turtlebot3_fake_node:/home/ubuntuuser/ros2_ws/install/turtlebot3_simulations:/home/ubuntuuser/ros2_ws/install/crazyflie_sim:/home/ubuntuuser/ros2_ws/install/crazyflie_examples:/home/ubuntuuser/ros2_ws/install/crazyflie:/home/ubuntuuser/ros2_ws/install/crazyflie_interfaces:/opt/ros/jazzy/opt/gz_sim_vendor:/opt/ros/jazzy/opt/gz_sensors_vendor:/opt/ros/jazzy/opt/gz_physics_vendor:/opt/ros/jazzy/opt/sdformat_vendor:/opt/ros/jazzy/opt/gz_gui_vendor:/opt/ros/jazzy/opt/gz_transport_vendor:/opt/ros/jazzy/opt/gz_rendering_vendor:/opt/ros/jazzy/opt/gz_plugin_vendor:/opt/ros/jazzy/opt/gz_fuel_tools_vendor:/opt/ros/jazzy/opt/gz_msgs_vendor:/opt/ros/jazzy/opt/gz_common_vendor:/opt/ros/jazzy/opt/gz_math_vendor:/opt/ros/jazzy/opt/gz_utils_vendor:/opt/ros/jazzy/opt/gz_tools_vendor:/opt/ros/jazzy/opt/gz_ogre_next_vendor:/opt/ros/jazzy/opt/gz_dartsim_vendor:/opt/ros/jazzy/opt/gz_cmake_vendor:/home/ubuntuuser/ros2_ws/install/turtlebot3_trailer:/home/ubuntuuser/ros2_ws/install/r7021e_exploration:/home/ubuntuuser/ros2_ws/install/crazyflie_py:/opt/ros/jazzy DEBUGINFOD_URLS=https://debuginfod.ubuntu.com PS1=(.venv) \[\e]0;\u@\h: \w\a\]${debian_chroot:+($debian_chroot)}\[\033[01;32m\]\u@\h\[\033[00m\]:\[\033[01;34m\]\w\[\033[00m\]\$ VIRTUAL_ENV_PROMPT=(.venv) /usr/bin/cmake --build /home/ubuntuuser/ros2_ws/build/turtlebot3_simulations -- -j4 -l4
[2.151s] DEBUG:colcon.colcon_core.event_handler.log_command:Invoked command in '/home/ubuntuuser/ros2_ws/build/crazyflie_interfaces' returned '0': CMAKE_PREFIX_PATH=${CMAKE_PREFIX_PATH}:/home/ubuntuuser/ros2_ws/install/turtlebot3_trailer:/home/ubuntuuser/ros2_ws/install/r7021e_exploration:/home/ubuntuuser/ros2_ws/install/crazyflie_py:/opt/ros/jazzy DEBUGINFOD_URLS=https://debuginfod.ubuntu.com PS1=(.venv) \[\e]0;\u@\h: \w\a\]${debian_chroot:+($debian_chroot)}\[\033[01;32m\]\u@\h\[\033[00m\]:\[\033[01;34m\]\w\[\033[00m\]\$ VIRTUAL_ENV_PROMPT=(.venv) /usr/bin/cmake --build /home/ubuntuuser/ros2_ws/build/crazyflie_interfaces -- -j4 -l4
[2.153s] DEBUG:colcon.colcon_core.event_handler.log_command:Invoking command in '/home/ubuntuuser/ros2_ws/build/crazyflie_interfaces': CMAKE_PREFIX_PATH=${CMAKE_PREFIX_PATH}:/home/ubuntuuser/ros2_ws/install/turtlebot3_trailer:/home/ubuntuuser/ros2_ws/install/r7021e_exploration:/home/ubuntuuser/ros2_ws/install/crazyflie_py:/opt/ros/jazzy DEBUGINFOD_URLS=https://debuginfod.ubuntu.com PS1=(.venv) \[\e]0;\u@\h: \w\a\]${debian_chroot:+($debian_chroot)}\[\033[01;32m\]\u@\h\[\033[00m\]:\[\033[01;34m\]\w\[\033[00m\]\$ VIRTUAL_ENV_PROMPT=(.venv) /usr/bin/cmake --install /home/ubuntuuser/ros2_ws/build/crazyflie_interfaces
[2.396s] DEBUG:colcon.colcon_core.event_handler.log_command:Invoked command in '/home/ubuntuuser/ros2_ws/build/turtlebot3_simulations' returned '0': CMAKE_PREFIX_PATH=/home/ubuntuuser/ros2_ws/install/turtlebot3_gazebo:/home/ubuntuuser/ros2_ws/install/turtlebot3_fake_node:/home/ubuntuuser/ros2_ws/install/turtlebot3_simulations:/home/ubuntuuser/ros2_ws/install/crazyflie_sim:/home/ubuntuuser/ros2_ws/install/crazyflie_examples:/home/ubuntuuser/ros2_ws/install/crazyflie:/home/ubuntuuser/ros2_ws/install/crazyflie_interfaces:/opt/ros/jazzy/opt/gz_sim_vendor:/opt/ros/jazzy/opt/gz_sensors_vendor:/opt/ros/jazzy/opt/gz_physics_vendor:/opt/ros/jazzy/opt/sdformat_vendor:/opt/ros/jazzy/opt/gz_gui_vendor:/opt/ros/jazzy/opt/gz_transport_vendor:/opt/ros/jazzy/opt/gz_rendering_vendor:/opt/ros/jazzy/opt/gz_plugin_vendor:/opt/ros/jazzy/opt/gz_fuel_tools_vendor:/opt/ros/jazzy/opt/gz_msgs_vendor:/opt/ros/jazzy/opt/gz_common_vendor:/opt/ros/jazzy/opt/gz_math_vendor:/opt/ros/jazzy/opt/gz_utils_vendor:/opt/ros/jazzy/opt/gz_tools_vendor:/opt/ros/jazzy/opt/gz_ogre_next_vendor:/opt/ros/jazzy/opt/gz_dartsim_vendor:/opt/ros/jazzy/opt/gz_cmake_vendor:/home/ubuntuuser/ros2_ws/install/turtlebot3_trailer:/home/ubuntuuser/ros2_ws/install/r7021e_exploration:/home/ubuntuuser/ros2_ws/install/crazyflie_py:/opt/ros/jazzy DEBUGINFOD_URLS=https://debuginfod.ubuntu.com PS1=(.venv) \[\e]0;\u@\h: \w\a\]${debian_chroot:+($debian_chroot)}\[\033[01;32m\]\u@\h\[\033[00m\]:\[\033[01;34m\]\w\[\033[00m\]\$ VIRTUAL_ENV_PROMPT=(.venv) /usr/bin/cmake --build /home/ubuntuuser/ros2_ws/build/turtlebot3_simulations -- -j4 -l4
[2.397s] DEBUG:colcon.colcon_core.event_handler.log_command:Invoking command in '/home/ubuntuuser/ros2_ws/build/turtlebot3_simulations': CMAKE_PREFIX_PATH=/home/ubuntuuser/ros2_ws/install/turtlebot3_gazebo:/home/ubuntuuser/ros2_ws/install/turtlebot3_fake_node:/home/ubuntuuser/ros2_ws/install/turtlebot3_simulations:/home/ubuntuuser/ros2_ws/install/crazyflie_sim:/home/ubuntuuser/ros2_ws/install/crazyflie_examples:/home/ubuntuuser/ros2_ws/install/crazyflie:/home/ubuntuuser/ros2_ws/install/crazyflie_interfaces:/opt/ros/jazzy/opt/gz_sim_vendor:/opt/ros/jazzy/opt/gz_sensors_vendor:/opt/ros/jazzy/opt/gz_physics_vendor:/opt/ros/jazzy/opt/sdformat_vendor:/opt/ros/jazzy/opt/gz_gui_vendor:/opt/ros/jazzy/opt/gz_transport_vendor:/opt/ros/jazzy/opt/gz_rendering_vendor:/opt/ros/jazzy/opt/gz_plugin_vendor:/opt/ros/jazzy/opt/gz_fuel_tools_vendor:/opt/ros/jazzy/opt/gz_msgs_vendor:/opt/ros/jazzy/opt/gz_common_vendor:/opt/ros/jazzy/opt/gz_math_vendor:/opt/ros/jazzy/opt/gz_utils_vendor:/opt/ros/jazzy/opt/gz_tools_vendor:/opt/ros/jazzy/opt/gz_ogre_next_vendor:/opt/ros/jazzy/opt/gz_dartsim_vendor:/opt/ros/jazzy/opt/gz_cmake_vendor:/home/ubuntuuser/ros2_ws/install/turtlebot3_trailer:/home/ubuntuuser/ros2_ws/install/r7021e_exploration:/home/ubuntuuser/ros2_ws/install/crazyflie_py:/opt/ros/jazzy DEBUGINFOD_URLS=https://debuginfod.ubuntu.com PS1=(.venv) \[\e]0;\u@\h: \w\a\]${debian_chroot:+($debian_chroot)}\[\033[01;32m\]\u@\h\[\033[00m\]:\[\033[01;34m\]\w\[\033[00m\]\$ VIRTUAL_ENV_PROMPT=(.venv) /usr/bin/cmake --install /home/ubuntuuser/ros2_ws/build/turtlebot3_simulations
[2.426s] Level 1:colcon.colcon_core.environment:create_environment_scripts_only(turtlebot3_simulations)
[2.427s] Level 1:colcon.colcon_core.environment:checking '/home/ubuntuuser/ros2_ws/install/turtlebot3_simulations' for CMake module files
[2.431s] Level 1:colcon.colcon_core.environment:checking '/home/ubuntuuser/ros2_ws/install/turtlebot3_simulations' for CMake config files
[2.431s] Level 1:colcon.colcon_core.shell:create_environment_hook('turtlebot3_simulations', 'cmake_prefix_path')
[2.432s] INFO:colcon.colcon_core.shell:Creating environment hook '/home/ubuntuuser/ros2_ws/install/turtlebot3_simulations/share/turtlebot3_simulations/hook/cmake_prefix_path.ps1'
[2.451s] INFO:colcon.colcon_core.shell:Creating environment descriptor '/home/ubuntuuser/ros2_ws/install/turtlebot3_simulations/share/turtlebot3_simulations/hook/cmake_prefix_path.dsv'
[2.452s] INFO:colcon.colcon_core.shell:Creating environment hook '/home/ubuntuuser/ros2_ws/install/turtlebot3_simulations/share/turtlebot3_simulations/hook/cmake_prefix_path.sh'
[2.463s] DEBUG:colcon.colcon_core.event_handler.log_command:Invoked command in '/home/ubuntuuser/ros2_ws/build/turtlebot3_simulations' returned '0': CMAKE_PREFIX_PATH=/home/ubuntuuser/ros2_ws/install/turtlebot3_gazebo:/home/ubuntuuser/ros2_ws/install/turtlebot3_fake_node:/home/ubuntuuser/ros2_ws/install/turtlebot3_simulations:/home/ubuntuuser/ros2_ws/install/crazyflie_sim:/home/ubuntuuser/ros2_ws/install/crazyflie_examples:/home/ubuntuuser/ros2_ws/install/crazyflie:/home/ubuntuuser/ros2_ws/install/crazyflie_interfaces:/opt/ros/jazzy/opt/gz_sim_vendor:/opt/ros/jazzy/opt/gz_sensors_vendor:/opt/ros/jazzy/opt/gz_physics_vendor:/opt/ros/jazzy/opt/sdformat_vendor:/opt/ros/jazzy/opt/gz_gui_vendor:/opt/ros/jazzy/opt/gz_transport_vendor:/opt/ros/jazzy/opt/gz_rendering_vendor:/opt/ros/jazzy/opt/gz_plugin_vendor:/opt/ros/jazzy/opt/gz_fuel_tools_vendor:/opt/ros/jazzy/opt/gz_msgs_vendor:/opt/ros/jazzy/opt/gz_common_vendor:/opt/ros/jazzy/opt/gz_math_vendor:/opt/ros/jazzy/opt/gz_utils_vendor:/opt/ros/jazzy/opt/gz_tools_vendor:/opt/ros/jazzy/opt/gz_ogre_next_vendor:/opt/ros/jazzy/opt/gz_dartsim_vendor:/opt/ros/jazzy/opt/gz_cmake_vendor:/home/ubuntuuser/ros2_ws/install/turtlebot3_trailer:/home/ubuntuuser/ros2_ws/install/r7021e_exploration:/home/ubuntuuser/ros2_ws/install/crazyflie_py:/opt/ros/jazzy DEBUGINFOD_URLS=https://debuginfod.ubuntu.com PS1=(.venv) \[\e]0;\u@\h: \w\a\]${debian_chroot:+($debian_chroot)}\[\033[01;32m\]\u@\h\[\033[00m\]:\[\033[01;34m\]\w\[\033[00m\]\$ VIRTUAL_ENV_PROMPT=(.venv) /usr/bin/cmake --install /home/ubuntuuser/ros2_ws/build/turtlebot3_simulations
[2.464s] Level 1:colcon.colcon_core.environment:checking '/home/ubuntuuser/ros2_ws/install/turtlebot3_simulations/bin'
[2.465s] Level 1:colcon.colcon_core.environment:checking '/home/ubuntuuser/ros2_ws/install/turtlebot3_simulations/lib/pkgconfig/turtlebot3_simulations.pc'
[2.466s] Level 1:colcon.colcon_core.environment:checking '/home/ubuntuuser/ros2_ws/install/turtlebot3_simulations/lib/python3.12/site-packages'
[2.467s] Level 1:colcon.colcon_core.environment:checking '/home/ubuntuuser/ros2_ws/install/turtlebot3_simulations/bin'
[2.467s] INFO:colcon.colcon_core.shell:Creating package script '/home/ubuntuuser/ros2_ws/install/turtlebot3_simulations/share/turtlebot3_simulations/package.ps1'
[2.472s] INFO:colcon.colcon_core.shell:Creating package descriptor '/home/ubuntuuser/ros2_ws/install/turtlebot3_simulations/share/turtlebot3_simulations/package.dsv'
[2.474s] INFO:colcon.colcon_core.shell:Creating package script '/home/ubuntuuser/ros2_ws/install/turtlebot3_simulations/share/turtlebot3_simulations/package.sh'
[2.477s] INFO:colcon.colcon_core.shell:Creating package script '/home/ubuntuuser/ros2_ws/install/turtlebot3_simulations/share/turtlebot3_simulations/package.bash'
[2.478s] INFO:colcon.colcon_core.shell:Creating package script '/home/ubuntuuser/ros2_ws/install/turtlebot3_simulations/share/turtlebot3_simulations/package.zsh'
[2.483s] Level 1:colcon.colcon_core.environment:create_file_with_runtime_dependencies(/home/ubuntuuser/ros2_ws/install/turtlebot3_simulations/share/colcon-core/packages/turtlebot3_simulations)
[2.484s] Level 1:colcon.colcon_core.environment:create_environment_scripts_only(turtlebot3_simulations)
[2.485s] Level 1:colcon.colcon_core.environment:checking '/home/ubuntuuser/ros2_ws/install/turtlebot3_simulations' for CMake module files
[2.486s] Level 1:colcon.colcon_core.environment:checking '/home/ubuntuuser/ros2_ws/install/turtlebot3_simulations' for CMake config files
[2.486s] Level 1:colcon.colcon_core.shell:create_environment_hook('turtlebot3_simulations', 'cmake_prefix_path')
[2.489s] INFO:colcon.colcon_core.shell:Creating environment hook '/home/ubuntuuser/ros2_ws/install/turtlebot3_simulations/share/turtlebot3_simulations/hook/cmake_prefix_path.ps1'
[2.491s] INFO:colcon.colcon_core.shell:Creating environment descriptor '/home/ubuntuuser/ros2_ws/install/turtlebot3_simulations/share/turtlebot3_simulations/hook/cmake_prefix_path.dsv'
[2.492s] INFO:colcon.colcon_core.shell:Creating environment hook '/home/ubuntuuser/ros2_ws/install/turtlebot3_simulations/share/turtlebot3_simulations/hook/cmake_prefix_path.sh'
[2.502s] Level 1:colcon.colcon_core.environment:checking '/home/ubuntuuser/ros2_ws/install/turtlebot3_simulations/bin'
[2.502s] Level 1:colcon.colcon_core.environment:checking '/home/ubuntuuser/ros2_ws/install/turtlebot3_simulations/lib/pkgconfig/turtlebot3_simulations.pc'
[2.502s] Level 1:colcon.colcon_core.environment:checking '/home/ubuntuuser/ros2_ws/install/turtlebot3_simulations/lib/python3.12/site-packages'
[2.508s] Level 1:colcon.colcon_core.environment:checking '/home/ubuntuuser/ros2_ws/install/turtlebot3_simulations/bin'
[2.509s] INFO:colcon.colcon_core.shell:Creating package script '/home/ubuntuuser/ros2_ws/install/turtlebot3_simulations/share/turtlebot3_simulations/package.ps1'
[2.514s] INFO:colcon.colcon_core.shell:Creating package descriptor '/home/ubuntuuser/ros2_ws/install/turtlebot3_simulations/share/turtlebot3_simulations/package.dsv'
[2.516s] INFO:colcon.colcon_core.shell:Creating package script '/home/ubuntuuser/ros2_ws/install/turtlebot3_simulations/share/turtlebot3_simulations/package.sh'
[2.520s] INFO:colcon.colcon_core.shell:Creating package script '/home/ubuntuuser/ros2_ws/install/turtlebot3_simulations/share/turtlebot3_simulations/package.bash'
[2.522s] INFO:colcon.colcon_core.shell:Creating package script '/home/ubuntuuser/ros2_ws/install/turtlebot3_simulations/share/turtlebot3_simulations/package.zsh'
[2.523s] Level 1:colcon.colcon_core.environment:create_file_with_runtime_dependencies(/home/ubuntuuser/ros2_ws/install/turtlebot3_simulations/share/colcon-core/packages/turtlebot3_simulations)
[2.671s] Level 1:colcon.colcon_core.environment:create_environment_scripts_only(crazyflie_interfaces)
[2.671s] Level 1:colcon.colcon_core.environment:checking '/home/ubuntuuser/ros2_ws/install/crazyflie_interfaces' for CMake module files
[2.673s] Level 1:colcon.colcon_core.environment:checking '/home/ubuntuuser/ros2_ws/install/crazyflie_interfaces' for CMake config files
[2.674s] DEBUG:colcon.colcon_core.event_handler.log_command:Invoked command in '/home/ubuntuuser/ros2_ws/build/crazyflie_interfaces' returned '0': CMAKE_PREFIX_PATH=${CMAKE_PREFIX_PATH}:/home/ubuntuuser/ros2_ws/install/turtlebot3_trailer:/home/ubuntuuser/ros2_ws/install/r7021e_exploration:/home/ubuntuuser/ros2_ws/install/crazyflie_py:/opt/ros/jazzy DEBUGINFOD_URLS=https://debuginfod.ubuntu.com PS1=(.venv) \[\e]0;\u@\h: \w\a\]${debian_chroot:+($debian_chroot)}\[\033[01;32m\]\u@\h\[\033[00m\]:\[\033[01;34m\]\w\[\033[00m\]\$ VIRTUAL_ENV_PROMPT=(.venv) /usr/bin/cmake --install /home/ubuntuuser/ros2_ws/build/crazyflie_interfaces
[2.676s] Level 1:colcon.colcon_core.shell:create_environment_hook('crazyflie_interfaces', 'cmake_prefix_path')
[2.677s] INFO:colcon.colcon_core.shell:Creating environment hook '/home/ubuntuuser/ros2_ws/install/crazyflie_interfaces/share/crazyflie_interfaces/hook/cmake_prefix_path.ps1'
[2.678s] INFO:colcon.colcon_core.shell:Creating environment descriptor '/home/ubuntuuser/ros2_ws/install/crazyflie_interfaces/share/crazyflie_interfaces/hook/cmake_prefix_path.dsv'
[2.679s] INFO:colcon.colcon_core.shell:Creating environment hook '/home/ubuntuuser/ros2_ws/install/crazyflie_interfaces/share/crazyflie_interfaces/hook/cmake_prefix_path.sh'
[2.684s] Level 1:colcon.colcon_core.environment:checking '/home/ubuntuuser/ros2_ws/install/crazyflie_interfaces/lib'
[2.684s] Level 1:colcon.colcon_core.shell:create_environment_hook('crazyflie_interfaces', 'ld_library_path_lib')
[2.685s] INFO:colcon.colcon_core.shell:Creating environment hook '/home/ubuntuuser/ros2_ws/install/crazyflie_interfaces/share/crazyflie_interfaces/hook/ld_library_path_lib.ps1'
[2.689s] INFO:colcon.colcon_core.shell:Creating environment descriptor '/home/ubuntuuser/ros2_ws/install/crazyflie_interfaces/share/crazyflie_interfaces/hook/ld_library_path_lib.dsv'
[2.690s] INFO:colcon.colcon_core.shell:Creating environment hook '/home/ubuntuuser/ros2_ws/install/crazyflie_interfaces/share/crazyflie_interfaces/hook/ld_library_path_lib.sh'
[2.691s] Level 1:colcon.colcon_core.environment:checking '/home/ubuntuuser/ros2_ws/install/crazyflie_interfaces/bin'
[2.694s] Level 1:colcon.colcon_core.environment:checking '/home/ubuntuuser/ros2_ws/install/crazyflie_interfaces/lib/pkgconfig/crazyflie_interfaces.pc'
[2.695s] Level 1:colcon.colcon_core.environment:checking '/home/ubuntuuser/ros2_ws/install/crazyflie_interfaces/lib/python3.12/site-packages'
[2.696s] Level 1:colcon.colcon_core.shell:create_environment_hook('crazyflie_interfaces', 'pythonpath')
[2.696s] INFO:colcon.colcon_core.shell:Creating environment hook '/home/ubuntuuser/ros2_ws/install/crazyflie_interfaces/share/crazyflie_interfaces/hook/pythonpath.ps1'
[2.701s] INFO:colcon.colcon_core.shell:Creating environment descriptor '/home/ubuntuuser/ros2_ws/install/crazyflie_interfaces/share/crazyflie_interfaces/hook/pythonpath.dsv'
[2.706s] INFO:colcon.colcon_core.shell:Creating environment hook '/home/ubuntuuser/ros2_ws/install/crazyflie_interfaces/share/crazyflie_interfaces/hook/pythonpath.sh'
[2.710s] Level 1:colcon.colcon_core.environment:checking '/home/ubuntuuser/ros2_ws/install/crazyflie_interfaces/bin'
[2.711s] INFO:colcon.colcon_core.shell:Creating package script '/home/ubuntuuser/ros2_ws/install/crazyflie_interfaces/share/crazyflie_interfaces/package.ps1'
[2.716s] INFO:colcon.colcon_core.shell:Creating package descriptor '/home/ubuntuuser/ros2_ws/install/crazyflie_interfaces/share/crazyflie_interfaces/package.dsv'
[2.717s] INFO:colcon.colcon_core.shell:Creating package script '/home/ubuntuuser/ros2_ws/install/crazyflie_interfaces/share/crazyflie_interfaces/package.sh'
[2.722s] INFO:colcon.colcon_core.shell:Creating package script '/home/ubuntuuser/ros2_ws/install/crazyflie_interfaces/share/crazyflie_interfaces/package.bash'
[2.723s] INFO:colcon.colcon_core.shell:Creating package script '/home/ubuntuuser/ros2_ws/install/crazyflie_interfaces/share/crazyflie_interfaces/package.zsh'
[2.729s] Level 1:colcon.colcon_core.environment:create_file_with_runtime_dependencies(/home/ubuntuuser/ros2_ws/install/crazyflie_interfaces/share/colcon-core/packages/crazyflie_interfaces)
[2.734s] Level 1:colcon.colcon_core.environment:create_environment_scripts_only(crazyflie_interfaces)
[2.735s] Level 1:colcon.colcon_core.environment:checking '/home/ubuntuuser/ros2_ws/install/crazyflie_interfaces' for CMake module files
[2.736s] Level 1:colcon.colcon_core.environment:checking '/home/ubuntuuser/ros2_ws/install/crazyflie_interfaces' for CMake config files
[2.739s] Level 1:colcon.colcon_core.shell:create_environment_hook('crazyflie_interfaces', 'cmake_prefix_path')
[2.739s] INFO:colcon.colcon_core.shell:Creating environment hook '/home/ubuntuuser/ros2_ws/install/crazyflie_interfaces/share/crazyflie_interfaces/hook/cmake_prefix_path.ps1'
[2.741s] INFO:colcon.colcon_core.shell:Creating environment descriptor '/home/ubuntuuser/ros2_ws/install/crazyflie_interfaces/share/crazyflie_interfaces/hook/cmake_prefix_path.dsv'
[2.745s] INFO:colcon.colcon_core.shell:Creating environment hook '/home/ubuntuuser/ros2_ws/install/crazyflie_interfaces/share/crazyflie_interfaces/hook/cmake_prefix_path.sh'
[2.746s] Level 1:colcon.colcon_core.environment:checking '/home/ubuntuuser/ros2_ws/install/crazyflie_interfaces/lib'
[2.747s] Level 1:colcon.colcon_core.shell:create_environment_hook('crazyflie_interfaces', 'ld_library_path_lib')
[2.747s] INFO:colcon.colcon_core.shell:Creating environment hook '/home/ubuntuuser/ros2_ws/install/crazyflie_interfaces/share/crazyflie_interfaces/hook/ld_library_path_lib.ps1'
[2.752s] INFO:colcon.colcon_core.shell:Creating environment descriptor '/home/ubuntuuser/ros2_ws/install/crazyflie_interfaces/share/crazyflie_interfaces/hook/ld_library_path_lib.dsv'
[2.753s] INFO:colcon.colcon_core.shell:Creating environment hook '/home/ubuntuuser/ros2_ws/install/crazyflie_interfaces/share/crazyflie_interfaces/hook/ld_library_path_lib.sh'
[2.758s] Level 1:colcon.colcon_core.environment:checking '/home/ubuntuuser/ros2_ws/install/crazyflie_interfaces/bin'
[2.758s] Level 1:colcon.colcon_core.environment:checking '/home/ubuntuuser/ros2_ws/install/crazyflie_interfaces/lib/pkgconfig/crazyflie_interfaces.pc'
[2.758s] Level 1:colcon.colcon_core.environment:checking '/home/ubuntuuser/ros2_ws/install/crazyflie_interfaces/lib/python3.12/site-packages'
[2.759s] Level 1:colcon.colcon_core.shell:create_environment_hook('crazyflie_interfaces', 'pythonpath')
[2.759s] INFO:colcon.colcon_core.shell:Creating environment hook '/home/ubuntuuser/ros2_ws/install/crazyflie_interfaces/share/crazyflie_interfaces/hook/pythonpath.ps1'
[2.763s] INFO:colcon.colcon_core.shell:Creating environment descriptor '/home/ubuntuuser/ros2_ws/install/crazyflie_interfaces/share/crazyflie_interfaces/hook/pythonpath.dsv'
[2.764s] INFO:colcon.colcon_core.shell:Creating environment hook '/home/ubuntuuser/ros2_ws/install/crazyflie_interfaces/share/crazyflie_interfaces/hook/pythonpath.sh'
[2.769s] Level 1:colcon.colcon_core.environment:checking '/home/ubuntuuser/ros2_ws/install/crazyflie_interfaces/bin'
[2.769s] INFO:colcon.colcon_core.shell:Creating package script '/home/ubuntuuser/ros2_ws/install/crazyflie_interfaces/share/crazyflie_interfaces/package.ps1'
[2.774s] INFO:colcon.colcon_core.shell:Creating package descriptor '/home/ubuntuuser/ros2_ws/install/crazyflie_interfaces/share/crazyflie_interfaces/package.dsv'
[2.776s] INFO:colcon.colcon_core.shell:Creating package script '/home/ubuntuuser/ros2_ws/install/crazyflie_interfaces/share/crazyflie_interfaces/package.sh'
[2.780s] INFO:colcon.colcon_core.shell:Creating package script '/home/ubuntuuser/ros2_ws/install/crazyflie_interfaces/share/crazyflie_interfaces/package.bash'
[2.785s] INFO:colcon.colcon_core.shell:Creating package script '/home/ubuntuuser/ros2_ws/install/crazyflie_interfaces/share/crazyflie_interfaces/package.zsh'
[2.786s] Level 1:colcon.colcon_core.environment:create_file_with_runtime_dependencies(/home/ubuntuuser/ros2_ws/install/crazyflie_interfaces/share/colcon-core/packages/crazyflie_interfaces)
[2.787s] INFO:colcon.colcon_ros.task.ament_python.build:Building ROS package in '/home/ubuntuuser/ros2_ws/src/crazyswarm2/crazyflie_py' with build type 'ament_python'
[2.788s] Level 1:colcon.colcon_core.shell:create_environment_hook('crazyflie_py', 'ament_prefix_path')
[2.788s] INFO:colcon.colcon_core.shell:Creating environment hook '/home/ubuntuuser/ros2_ws/install/crazyflie_py/share/crazyflie_py/hook/ament_prefix_path.ps1'
[2.793s] INFO:colcon.colcon_core.shell:Creating environment descriptor '/home/ubuntuuser/ros2_ws/install/crazyflie_py/share/crazyflie_py/hook/ament_prefix_path.dsv'
[2.797s] INFO:colcon.colcon_core.shell:Creating environment hook '/home/ubuntuuser/ros2_ws/install/crazyflie_py/share/crazyflie_py/hook/ament_prefix_path.sh'
[2.799s] INFO:colcon.colcon_core.shell:Skip shell extension 'powershell' for command environment: Not usable outside of PowerShell
[2.799s] DEBUG:colcon.colcon_core.shell:Skip shell extension 'dsv' for command environment
[2.812s] INFO:colcon.colcon_ros.task.ament_cmake.build:Building ROS package in '/home/ubuntuuser/ros2_ws/src/crazyswarm2/crazyflie' with build type 'ament_cmake'
[2.813s] INFO:colcon.colcon_cmake.task.cmake.build:Building CMake package in '/home/ubuntuuser/ros2_ws/src/crazyswarm2/crazyflie'
[2.815s] INFO:colcon.colcon_core.shell:Skip shell extension 'powershell' for command environment: Not usable outside of PowerShell
[2.815s] DEBUG:colcon.colcon_core.shell:Skip shell extension 'dsv' for command environment
[2.847s] DEBUG:colcon.colcon_core.event_handler.log_command:Invoking command in '/home/ubuntuuser/ros2_ws/src/r7021e_exploration': DEBUGINFOD_URLS=https://debuginfod.ubuntu.com PS1=(.venv) \[\e]0;\u@\h: \w\a\]${debian_chroot:+($debian_chroot)}\[\033[01;32m\]\u@\h\[\033[00m\]:\[\033[01;34m\]\w\[\033[00m\]\$ PYTHONPATH=/home/ubuntuuser/ros2_ws/build/r7021e_exploration/prefix_override:/home/ubuntuuser/ros2_ws/.venv/lib/python3.12/site-packages/colcon_core/task/python/colcon_distutils_commands:/home/ubuntuuser/ros2_ws/install/r7021e_exploration/lib/python3.12/site-packages:${PYTHONPATH} VIRTUAL_ENV_PROMPT=(.venv) /home/ubuntuuser/ros2_ws/.venv/bin/python3 -W ignore:setup.py install is deprecated -W ignore:easy_install command is deprecated setup.py egg_info --egg-base ../../build/r7021e_exploration build --build-base /home/ubuntuuser/ros2_ws/build/r7021e_exploration/build install --record /home/ubuntuuser/ros2_ws/build/r7021e_exploration/install.log --single-version-externally-managed install_data
[3.548s] INFO:colcon.colcon_core.task.python.build:Building Python package in '/home/ubuntuuser/ros2_ws/src/crazyswarm2/crazyflie_py'
[3.548s] INFO:colcon.colcon_core.shell:Skip shell extension 'powershell' for command environment: Not usable outside of PowerShell
[3.549s] DEBUG:colcon.colcon_core.shell:Skip shell extension 'dsv' for command environment
[3.588s] DEBUG:colcon.colcon_core.event_handler.log_command:Invoking command in '/home/ubuntuuser/ros2_ws/build/crazyflie': CMAKE_PREFIX_PATH=/home/ubuntuuser/ros2_ws/install/crazyflie_interfaces:/home/ubuntuuser/ros2_ws/install/turtlebot3_simulations:/home/ubuntuuser/ros2_ws/install/turtlebot3_gazebo:/home/ubuntuuser/ros2_ws/install/turtlebot3_fake_node:/home/ubuntuuser/ros2_ws/install/crazyflie_sim:/home/ubuntuuser/ros2_ws/install/crazyflie_examples:/home/ubuntuuser/ros2_ws/install/crazyflie:/opt/ros/jazzy/opt/gz_sim_vendor:/opt/ros/jazzy/opt/gz_sensors_vendor:/opt/ros/jazzy/opt/gz_physics_vendor:/opt/ros/jazzy/opt/sdformat_vendor:/opt/ros/jazzy/opt/gz_gui_vendor:/opt/ros/jazzy/opt/gz_transport_vendor:/opt/ros/jazzy/opt/gz_rendering_vendor:/opt/ros/jazzy/opt/gz_plugin_vendor:/opt/ros/jazzy/opt/gz_fuel_tools_vendor:/opt/ros/jazzy/opt/gz_msgs_vendor:/opt/ros/jazzy/opt/gz_common_vendor:/opt/ros/jazzy/opt/gz_math_vendor:/opt/ros/jazzy/opt/gz_utils_vendor:/opt/ros/jazzy/opt/gz_tools_vendor:/opt/ros/jazzy/opt/gz_ogre_next_vendor:/opt/ros/jazzy/opt/gz_dartsim_vendor:/opt/ros/jazzy/opt/gz_cmake_vendor:/home/ubuntuuser/ros2_ws/install/turtlebot3_trailer:/home/ubuntuuser/ros2_ws/install/r7021e_exploration:/home/ubuntuuser/ros2_ws/install/crazyflie_py:/opt/ros/jazzy DEBUGINFOD_URLS=https://debuginfod.ubuntu.com PS1=(.venv) \[\e]0;\u@\h: \w\a\]${debian_chroot:+($debian_chroot)}\[\033[01;32m\]\u@\h\[\033[00m\]:\[\033[01;34m\]\w\[\033[00m\]\$ PYTHONPATH=/home/ubuntuuser/ros2_ws/install/crazyflie_interfaces/lib/python3.12/site-packages:/home/ubuntuuser/ros2_ws/install/turtlebot3_trailer/lib/python3.12/site-packages:/home/ubuntuuser/ros2_ws/install/r7021e_exploration/lib/python3.12/site-packages:/home/ubuntuuser/ros2_ws/install/crazyflie_sim/lib/python3.12/site-packages:/home/ubuntuuser/ros2_ws/install/crazyflie_examples/lib/python3.12/site-packages:/home/ubuntuuser/ros2_ws/install/crazyflie_py/lib/python3.12/site-packages:/opt/ros/jazzy/lib/python3.12/site-packages VIRTUAL_ENV_PROMPT=(.venv) /usr/bin/cmake --build /home/ubuntuuser/ros2_ws/build/crazyflie -- -j4 -l4
[4.241s] DEBUG:colcon.colcon_core.event_handler.log_command:Invoking command in '/home/ubuntuuser/ros2_ws/src/turtlebot3_trailer': DEBUGINFOD_URLS=https://debuginfod.ubuntu.com PS1=(.venv) \[\e]0;\u@\h: \w\a\]${debian_chroot:+($debian_chroot)}\[\033[01;32m\]\u@\h\[\033[00m\]:\[\033[01;34m\]\w\[\033[00m\]\$ PYTHONPATH=/home/ubuntuuser/ros2_ws/build/turtlebot3_trailer/prefix_override:/home/ubuntuuser/ros2_ws/.venv/lib/python3.12/site-packages/colcon_core/task/python/colcon_distutils_commands:/home/ubuntuuser/ros2_ws/install/turtlebot3_trailer/lib/python3.12/site-packages:${PYTHONPATH} VIRTUAL_ENV_PROMPT=(.venv) /home/ubuntuuser/ros2_ws/.venv/bin/python3 -W ignore:setup.py install is deprecated -W ignore:easy_install command is deprecated setup.py egg_info --egg-base ../../build/turtlebot3_trailer build --build-base /home/ubuntuuser/ros2_ws/build/turtlebot3_trailer/build install --record /home/ubuntuuser/ros2_ws/build/turtlebot3_trailer/install.log --single-version-externally-managed install_data
[5.063s] DEBUG:colcon.colcon_core.event_handler.log_command:Invoked command in '/home/ubuntuuser/ros2_ws/build/crazyflie' returned '0': CMAKE_PREFIX_PATH=/home/ubuntuuser/ros2_ws/install/crazyflie_interfaces:/home/ubuntuuser/ros2_ws/install/turtlebot3_simulations:/home/ubuntuuser/ros2_ws/install/turtlebot3_gazebo:/home/ubuntuuser/ros2_ws/install/turtlebot3_fake_node:/home/ubuntuuser/ros2_ws/install/crazyflie_sim:/home/ubuntuuser/ros2_ws/install/crazyflie_examples:/home/ubuntuuser/ros2_ws/install/crazyflie:/opt/ros/jazzy/opt/gz_sim_vendor:/opt/ros/jazzy/opt/gz_sensors_vendor:/opt/ros/jazzy/opt/gz_physics_vendor:/opt/ros/jazzy/opt/sdformat_vendor:/opt/ros/jazzy/opt/gz_gui_vendor:/opt/ros/jazzy/opt/gz_transport_vendor:/opt/ros/jazzy/opt/gz_rendering_vendor:/opt/ros/jazzy/opt/gz_plugin_vendor:/opt/ros/jazzy/opt/gz_fuel_tools_vendor:/opt/ros/jazzy/opt/gz_msgs_vendor:/opt/ros/jazzy/opt/gz_common_vendor:/opt/ros/jazzy/opt/gz_math_vendor:/opt/ros/jazzy/opt/gz_utils_vendor:/opt/ros/jazzy/opt/gz_tools_vendor:/opt/ros/jazzy/opt/gz_ogre_next_vendor:/opt/ros/jazzy/opt/gz_dartsim_vendor:/opt/ros/jazzy/opt/gz_cmake_vendor:/home/ubuntuuser/ros2_ws/install/turtlebot3_trailer:/home/ubuntuuser/ros2_ws/install/r7021e_exploration:/home/ubuntuuser/ros2_ws/install/crazyflie_py:/opt/ros/jazzy DEBUGINFOD_URLS=https://debuginfod.ubuntu.com PS1=(.venv) \[\e]0;\u@\h: \w\a\]${debian_chroot:+($debian_chroot)}\[\033[01;32m\]\u@\h\[\033[00m\]:\[\033[01;34m\]\w\[\033[00m\]\$ PYTHONPATH=/home/ubuntuuser/ros2_ws/install/crazyflie_interfaces/lib/python3.12/site-packages:/home/ubuntuuser/ros2_ws/install/turtlebot3_trailer/lib/python3.12/site-packages:/home/ubuntuuser/ros2_ws/install/r7021e_exploration/lib/python3.12/site-packages:/home/ubuntuuser/ros2_ws/install/crazyflie_sim/lib/python3.12/site-packages:/home/ubuntuuser/ros2_ws/install/crazyflie_examples/lib/python3.12/site-packages:/home/ubuntuuser/ros2_ws/install/crazyflie_py/lib/python3.12/site-packages:/opt/ros/jazzy/lib/python3.12/site-packages VIRTUAL_ENV_PROMPT=(.venv) /usr/bin/cmake --build /home/ubuntuuser/ros2_ws/build/crazyflie -- -j4 -l4
[5.064s] DEBUG:colcon.colcon_core.event_handler.log_command:Invoking command in '/home/ubuntuuser/ros2_ws/build/crazyflie': CMAKE_PREFIX_PATH=/home/ubuntuuser/ros2_ws/install/crazyflie_interfaces:/home/ubuntuuser/ros2_ws/install/turtlebot3_simulations:/home/ubuntuuser/ros2_ws/install/turtlebot3_gazebo:/home/ubuntuuser/ros2_ws/install/turtlebot3_fake_node:/home/ubuntuuser/ros2_ws/install/crazyflie_sim:/home/ubuntuuser/ros2_ws/install/crazyflie_examples:/home/ubuntuuser/ros2_ws/install/crazyflie:/opt/ros/jazzy/opt/gz_sim_vendor:/opt/ros/jazzy/opt/gz_sensors_vendor:/opt/ros/jazzy/opt/gz_physics_vendor:/opt/ros/jazzy/opt/sdformat_vendor:/opt/ros/jazzy/opt/gz_gui_vendor:/opt/ros/jazzy/opt/gz_transport_vendor:/opt/ros/jazzy/opt/gz_rendering_vendor:/opt/ros/jazzy/opt/gz_plugin_vendor:/opt/ros/jazzy/opt/gz_fuel_tools_vendor:/opt/ros/jazzy/opt/gz_msgs_vendor:/opt/ros/jazzy/opt/gz_common_vendor:/opt/ros/jazzy/opt/gz_math_vendor:/opt/ros/jazzy/opt/gz_utils_vendor:/opt/ros/jazzy/opt/gz_tools_vendor:/opt/ros/jazzy/opt/gz_ogre_next_vendor:/opt/ros/jazzy/opt/gz_dartsim_vendor:/opt/ros/jazzy/opt/gz_cmake_vendor:/home/ubuntuuser/ros2_ws/install/turtlebot3_trailer:/home/ubuntuuser/ros2_ws/install/r7021e_exploration:/home/ubuntuuser/ros2_ws/install/crazyflie_py:/opt/ros/jazzy DEBUGINFOD_URLS=https://debuginfod.ubuntu.com PS1=(.venv) \[\e]0;\u@\h: \w\a\]${debian_chroot:+($debian_chroot)}\[\033[01;32m\]\u@\h\[\033[00m\]:\[\033[01;34m\]\w\[\033[00m\]\$ PYTHONPATH=/home/ubuntuuser/ros2_ws/install/crazyflie_interfaces/lib/python3.12/site-packages:/home/ubuntuuser/ros2_ws/install/turtlebot3_trailer/lib/python3.12/site-packages:/home/ubuntuuser/ros2_ws/install/r7021e_exploration/lib/python3.12/site-packages:/home/ubuntuuser/ros2_ws/install/crazyflie_sim/lib/python3.12/site-packages:/home/ubuntuuser/ros2_ws/install/crazyflie_examples/lib/python3.12/site-packages:/home/ubuntuuser/ros2_ws/install/crazyflie_py/lib/python3.12/site-packages:/opt/ros/jazzy/lib/python3.12/site-packages VIRTUAL_ENV_PROMPT=(.venv) /usr/bin/cmake --install /home/ubuntuuser/ros2_ws/build/crazyflie
[5.178s] Level 1:colcon.colcon_core.environment:create_environment_scripts_only(crazyflie)
[5.178s] Level 1:colcon.colcon_core.environment:checking '/home/ubuntuuser/ros2_ws/install/crazyflie' for CMake module files
[5.180s] Level 1:colcon.colcon_core.environment:checking '/home/ubuntuuser/ros2_ws/install/crazyflie' for CMake config files
[5.185s] Level 1:colcon.colcon_core.shell:create_environment_hook('crazyflie', 'cmake_prefix_path')
[5.186s] INFO:colcon.colcon_core.shell:Creating environment hook '/home/ubuntuuser/ros2_ws/install/crazyflie/share/crazyflie/hook/cmake_prefix_path.ps1'
[5.187s] INFO:colcon.colcon_core.shell:Creating environment descriptor '/home/ubuntuuser/ros2_ws/install/crazyflie/share/crazyflie/hook/cmake_prefix_path.dsv'
[5.189s] DEBUG:colcon.colcon_core.event_handler.log_command:Invoked command in '/home/ubuntuuser/ros2_ws/build/crazyflie' returned '0': CMAKE_PREFIX_PATH=/home/ubuntuuser/ros2_ws/install/crazyflie_interfaces:/home/ubuntuuser/ros2_ws/install/turtlebot3_simulations:/home/ubuntuuser/ros2_ws/install/turtlebot3_gazebo:/home/ubuntuuser/ros2_ws/install/turtlebot3_fake_node:/home/ubuntuuser/ros2_ws/install/crazyflie_sim:/home/ubuntuuser/ros2_ws/install/crazyflie_examples:/home/ubuntuuser/ros2_ws/install/crazyflie:/opt/ros/jazzy/opt/gz_sim_vendor:/opt/ros/jazzy/opt/gz_sensors_vendor:/opt/ros/jazzy/opt/gz_physics_vendor:/opt/ros/jazzy/opt/sdformat_vendor:/opt/ros/jazzy/opt/gz_gui_vendor:/opt/ros/jazzy/opt/gz_transport_vendor:/opt/ros/jazzy/opt/gz_rendering_vendor:/opt/ros/jazzy/opt/gz_plugin_vendor:/opt/ros/jazzy/opt/gz_fuel_tools_vendor:/opt/ros/jazzy/opt/gz_msgs_vendor:/opt/ros/jazzy/opt/gz_common_vendor:/opt/ros/jazzy/opt/gz_math_vendor:/opt/ros/jazzy/opt/gz_utils_vendor:/opt/ros/jazzy/opt/gz_tools_vendor:/opt/ros/jazzy/opt/gz_ogre_next_vendor:/opt/ros/jazzy/opt/gz_dartsim_vendor:/opt/ros/jazzy/opt/gz_cmake_vendor:/home/ubuntuuser/ros2_ws/install/turtlebot3_trailer:/home/ubuntuuser/ros2_ws/install/r7021e_exploration:/home/ubuntuuser/ros2_ws/install/crazyflie_py:/opt/ros/jazzy DEBUGINFOD_URLS=https://debuginfod.ubuntu.com PS1=(.venv) \[\e]0;\u@\h: \w\a\]${debian_chroot:+($debian_chroot)}\[\033[01;32m\]\u@\h\[\033[00m\]:\[\033[01;34m\]\w\[\033[00m\]\$ PYTHONPATH=/home/ubuntuuser/ros2_ws/install/crazyflie_interfaces/lib/python3.12/site-packages:/home/ubuntuuser/ros2_ws/install/turtlebot3_trailer/lib/python3.12/site-packages:/home/ubuntuuser/ros2_ws/install/r7021e_exploration/lib/python3.12/site-packages:/home/ubuntuuser/ros2_ws/install/crazyflie_sim/lib/python3.12/site-packages:/home/ubuntuuser/ros2_ws/install/crazyflie_examples/lib/python3.12/site-packages:/home/ubuntuuser/ros2_ws/install/crazyflie_py/lib/python3.12/site-packages:/opt/ros/jazzy/lib/python3.12/site-packages VIRTUAL_ENV_PROMPT=(.venv) /usr/bin/cmake --install /home/ubuntuuser/ros2_ws/build/crazyflie
[5.193s] INFO:colcon.colcon_core.shell:Creating environment hook '/home/ubuntuuser/ros2_ws/install/crazyflie/share/crazyflie/hook/cmake_prefix_path.sh'
[5.202s] Level 1:colcon.colcon_core.environment:checking '/home/ubuntuuser/ros2_ws/install/crazyflie/lib'
[5.202s] Level 1:colcon.colcon_core.environment:checking '/home/ubuntuuser/ros2_ws/install/crazyflie/bin'
[5.202s] Level 1:colcon.colcon_core.environment:checking '/home/ubuntuuser/ros2_ws/install/crazyflie/lib/pkgconfig/crazyflie.pc'
[5.203s] Level 1:colcon.colcon_core.environment:checking '/home/ubuntuuser/ros2_ws/install/crazyflie/lib/python3.12/site-packages'
[5.204s] Level 1:colcon.colcon_core.environment:checking '/home/ubuntuuser/ros2_ws/install/crazyflie/bin'
[5.205s] INFO:colcon.colcon_core.shell:Creating package script '/home/ubuntuuser/ros2_ws/install/crazyflie/share/crazyflie/package.ps1'
[5.206s] INFO:colcon.colcon_core.shell:Creating package descriptor '/home/ubuntuuser/ros2_ws/install/crazyflie/share/crazyflie/package.dsv'
[5.207s] INFO:colcon.colcon_core.shell:Creating package script '/home/ubuntuuser/ros2_ws/install/crazyflie/share/crazyflie/package.sh'
[5.215s] INFO:colcon.colcon_core.shell:Creating package script '/home/ubuntuuser/ros2_ws/install/crazyflie/share/crazyflie/package.bash'
[5.220s] INFO:colcon.colcon_core.shell:Creating package script '/home/ubuntuuser/ros2_ws/install/crazyflie/share/crazyflie/package.zsh'
[5.222s] Level 1:colcon.colcon_core.environment:create_file_with_runtime_dependencies(/home/ubuntuuser/ros2_ws/install/crazyflie/share/colcon-core/packages/crazyflie)
[5.228s] Level 1:colcon.colcon_core.environment:create_environment_scripts_only(crazyflie)
[5.229s] Level 1:colcon.colcon_core.environment:checking '/home/ubuntuuser/ros2_ws/install/crazyflie' for CMake module files
[5.231s] Level 1:colcon.colcon_core.environment:checking '/home/ubuntuuser/ros2_ws/install/crazyflie' for CMake config files
[5.232s] Level 1:colcon.colcon_core.shell:create_environment_hook('crazyflie', 'cmake_prefix_path')
[5.233s] INFO:colcon.colcon_core.shell:Creating environment hook '/home/ubuntuuser/ros2_ws/install/crazyflie/share/crazyflie/hook/cmake_prefix_path.ps1'
[5.236s] INFO:colcon.colcon_core.shell:Creating environment descriptor '/home/ubuntuuser/ros2_ws/install/crazyflie/share/crazyflie/hook/cmake_prefix_path.dsv'
[5.237s] INFO:colcon.colcon_core.shell:Creating environment hook '/home/ubuntuuser/ros2_ws/install/crazyflie/share/crazyflie/hook/cmake_prefix_path.sh'
[5.239s] Level 1:colcon.colcon_core.environment:checking '/home/ubuntuuser/ros2_ws/install/crazyflie/lib'
[5.239s] Level 1:colcon.colcon_core.environment:checking '/home/ubuntuuser/ros2_ws/install/crazyflie/bin'
[5.239s] Level 1:colcon.colcon_core.environment:checking '/home/ubuntuuser/ros2_ws/install/crazyflie/lib/pkgconfig/crazyflie.pc'
[5.239s] Level 1:colcon.colcon_core.environment:checking '/home/ubuntuuser/ros2_ws/install/crazyflie/lib/python3.12/site-packages'
[5.240s] Level 1:colcon.colcon_core.environment:checking '/home/ubuntuuser/ros2_ws/install/crazyflie/bin'
[5.241s] INFO:colcon.colcon_core.shell:Creating package script '/home/ubuntuuser/ros2_ws/install/crazyflie/share/crazyflie/package.ps1'
[5.242s] INFO:colcon.colcon_core.shell:Creating package descriptor '/home/ubuntuuser/ros2_ws/install/crazyflie/share/crazyflie/package.dsv'
[5.244s] INFO:colcon.colcon_core.shell:Creating package script '/home/ubuntuuser/ros2_ws/install/crazyflie/share/crazyflie/package.sh'
[5.245s] INFO:colcon.colcon_core.shell:Creating package script '/home/ubuntuuser/ros2_ws/install/crazyflie/share/crazyflie/package.bash'
[5.249s] INFO:colcon.colcon_core.shell:Creating package script '/home/ubuntuuser/ros2_ws/install/crazyflie/share/crazyflie/package.zsh'
[5.251s] Level 1:colcon.colcon_core.environment:create_file_with_runtime_dependencies(/home/ubuntuuser/ros2_ws/install/crazyflie/share/colcon-core/packages/crazyflie)
[5.254s] INFO:colcon.colcon_ros.task.ament_cmake.build:Building ROS package in '/home/ubuntuuser/ros2_ws/src/crazyswarm2/crazyflie_sim' with build type 'ament_cmake'
[5.254s] INFO:colcon.colcon_cmake.task.cmake.build:Building CMake package in '/home/ubuntuuser/ros2_ws/src/crazyswarm2/crazyflie_sim'
[5.255s] INFO:colcon.colcon_core.shell:Skip shell extension 'powershell' for command environment: Not usable outside of PowerShell
[5.255s] DEBUG:colcon.colcon_core.shell:Skip shell extension 'dsv' for command environment
[5.270s] Level 1:colcon.colcon_core.environment:checking '/home/ubuntuuser/ros2_ws/install/r7021e_exploration' for CMake module files
[5.271s] Level 1:colcon.colcon_core.environment:checking '/home/ubuntuuser/ros2_ws/install/r7021e_exploration' for CMake config files
[5.273s] DEBUG:colcon.colcon_core.event_handler.log_command:Invoked command in '/home/ubuntuuser/ros2_ws/src/r7021e_exploration' returned '0': DEBUGINFOD_URLS=https://debuginfod.ubuntu.com PS1=(.venv) \[\e]0;\u@\h: \w\a\]${debian_chroot:+($debian_chroot)}\[\033[01;32m\]\u@\h\[\033[00m\]:\[\033[01;34m\]\w\[\033[00m\]\$ PYTHONPATH=/home/ubuntuuser/ros2_ws/build/r7021e_exploration/prefix_override:/home/ubuntuuser/ros2_ws/.venv/lib/python3.12/site-packages/colcon_core/task/python/colcon_distutils_commands:/home/ubuntuuser/ros2_ws/install/r7021e_exploration/lib/python3.12/site-packages:${PYTHONPATH} VIRTUAL_ENV_PROMPT=(.venv) /home/ubuntuuser/ros2_ws/.venv/bin/python3 -W ignore:setup.py install is deprecated -W ignore:easy_install command is deprecated setup.py egg_info --egg-base ../../build/r7021e_exploration build --build-base /home/ubuntuuser/ros2_ws/build/r7021e_exploration/build install --record /home/ubuntuuser/ros2_ws/build/r7021e_exploration/install.log --single-version-externally-managed install_data
[5.281s] Level 1:colcon.colcon_core.environment:checking '/home/ubuntuuser/ros2_ws/install/r7021e_exploration/lib'
[5.281s] Level 1:colcon.colcon_core.environment:checking '/home/ubuntuuser/ros2_ws/install/r7021e_exploration/bin'
[5.281s] Level 1:colcon.colcon_core.environment:checking '/home/ubuntuuser/ros2_ws/install/r7021e_exploration/lib/pkgconfig/r7021e_exploration.pc'
[5.290s] Level 1:colcon.colcon_core.environment:checking '/home/ubuntuuser/ros2_ws/install/r7021e_exploration/lib/python3.12/site-packages'
[5.290s] Level 1:colcon.colcon_core.shell:create_environment_hook('r7021e_exploration', 'pythonpath')
[5.291s] INFO:colcon.colcon_core.shell:Creating environment hook '/home/ubuntuuser/ros2_ws/install/r7021e_exploration/share/r7021e_exploration/hook/pythonpath.ps1'
[5.294s] INFO:colcon.colcon_core.shell:Creating environment descriptor '/home/ubuntuuser/ros2_ws/install/r7021e_exploration/share/r7021e_exploration/hook/pythonpath.dsv'
[5.295s] INFO:colcon.colcon_core.shell:Creating environment hook '/home/ubuntuuser/ros2_ws/install/r7021e_exploration/share/r7021e_exploration/hook/pythonpath.sh'
[5.301s] Level 1:colcon.colcon_core.environment:checking '/home/ubuntuuser/ros2_ws/install/r7021e_exploration/bin'
[5.301s] Level 1:colcon.colcon_core.environment:create_environment_scripts_only(r7021e_exploration)
[5.302s] INFO:colcon.colcon_core.shell:Creating package script '/home/ubuntuuser/ros2_ws/install/r7021e_exploration/share/r7021e_exploration/package.ps1'
[5.308s] INFO:colcon.colcon_core.shell:Creating package descriptor '/home/ubuntuuser/ros2_ws/install/r7021e_exploration/share/r7021e_exploration/package.dsv'
[5.312s] INFO:colcon.colcon_core.shell:Creating package script '/home/ubuntuuser/ros2_ws/install/r7021e_exploration/share/r7021e_exploration/package.sh'
[5.317s] INFO:colcon.colcon_core.shell:Creating package script '/home/ubuntuuser/ros2_ws/install/r7021e_exploration/share/r7021e_exploration/package.bash'
[5.320s] INFO:colcon.colcon_core.shell:Creating package script '/home/ubuntuuser/ros2_ws/install/r7021e_exploration/share/r7021e_exploration/package.zsh'
[5.322s] Level 1:colcon.colcon_core.environment:create_file_with_runtime_dependencies(/home/ubuntuuser/ros2_ws/install/r7021e_exploration/share/colcon-core/packages/r7021e_exploration)
[5.344s] DEBUG:colcon.colcon_core.event_handler.log_command:Invoking command in '/home/ubuntuuser/ros2_ws/build/crazyflie_sim': CMAKE_PREFIX_PATH=/home/ubuntuuser/ros2_ws/install/crazyflie_interfaces:/home/ubuntuuser/ros2_ws/install/turtlebot3_simulations:/home/ubuntuuser/ros2_ws/install/turtlebot3_gazebo:/home/ubuntuuser/ros2_ws/install/turtlebot3_fake_node:/home/ubuntuuser/ros2_ws/install/crazyflie_sim:/home/ubuntuuser/ros2_ws/install/crazyflie_examples:/home/ubuntuuser/ros2_ws/install/crazyflie:/opt/ros/jazzy/opt/gz_sim_vendor:/opt/ros/jazzy/opt/gz_sensors_vendor:/opt/ros/jazzy/opt/gz_physics_vendor:/opt/ros/jazzy/opt/sdformat_vendor:/opt/ros/jazzy/opt/gz_gui_vendor:/opt/ros/jazzy/opt/gz_transport_vendor:/opt/ros/jazzy/opt/gz_rendering_vendor:/opt/ros/jazzy/opt/gz_plugin_vendor:/opt/ros/jazzy/opt/gz_fuel_tools_vendor:/opt/ros/jazzy/opt/gz_msgs_vendor:/opt/ros/jazzy/opt/gz_common_vendor:/opt/ros/jazzy/opt/gz_math_vendor:/opt/ros/jazzy/opt/gz_utils_vendor:/opt/ros/jazzy/opt/gz_tools_vendor:/opt/ros/jazzy/opt/gz_ogre_next_vendor:/opt/ros/jazzy/opt/gz_dartsim_vendor:/opt/ros/jazzy/opt/gz_cmake_vendor:/home/ubuntuuser/ros2_ws/install/turtlebot3_trailer:/home/ubuntuuser/ros2_ws/install/r7021e_exploration:/home/ubuntuuser/ros2_ws/install/crazyflie_py:/opt/ros/jazzy DEBUGINFOD_URLS=https://debuginfod.ubuntu.com PS1=(.venv) \[\e]0;\u@\h: \w\a\]${debian_chroot:+($debian_chroot)}\[\033[01;32m\]\u@\h\[\033[00m\]:\[\033[01;34m\]\w\[\033[00m\]\$ PYTHONPATH=/home/ubuntuuser/ros2_ws/install/crazyflie_interfaces/lib/python3.12/site-packages:/home/ubuntuuser/ros2_ws/install/turtlebot3_trailer/lib/python3.12/site-packages:/home/ubuntuuser/ros2_ws/install/r7021e_exploration/lib/python3.12/site-packages:/home/ubuntuuser/ros2_ws/install/crazyflie_sim/lib/python3.12/site-packages:/home/ubuntuuser/ros2_ws/install/crazyflie_examples/lib/python3.12/site-packages:/home/ubuntuuser/ros2_ws/install/crazyflie_py/lib/python3.12/site-packages:/opt/ros/jazzy/lib/python3.12/site-packages VIRTUAL_ENV_PROMPT=(.venv) /usr/bin/cmake --build /home/ubuntuuser/ros2_ws/build/crazyflie_sim -- -j4 -l4
[6.476s] DEBUG:colcon.colcon_core.event_handler.log_command:Invoking command in '/home/ubuntuuser/ros2_ws/src/crazyswarm2/crazyflie_py': CMAKE_PREFIX_PATH=/home/ubuntuuser/ros2_ws/install/crazyflie_interfaces:/home/ubuntuuser/ros2_ws/install/turtlebot3_simulations:/home/ubuntuuser/ros2_ws/install/turtlebot3_gazebo:/home/ubuntuuser/ros2_ws/install/turtlebot3_fake_node:/home/ubuntuuser/ros2_ws/install/crazyflie_sim:/home/ubuntuuser/ros2_ws/install/crazyflie_examples:/home/ubuntuuser/ros2_ws/install/crazyflie:/opt/ros/jazzy/opt/gz_sim_vendor:/opt/ros/jazzy/opt/gz_sensors_vendor:/opt/ros/jazzy/opt/gz_physics_vendor:/opt/ros/jazzy/opt/sdformat_vendor:/opt/ros/jazzy/opt/gz_gui_vendor:/opt/ros/jazzy/opt/gz_transport_vendor:/opt/ros/jazzy/opt/gz_rendering_vendor:/opt/ros/jazzy/opt/gz_plugin_vendor:/opt/ros/jazzy/opt/gz_fuel_tools_vendor:/opt/ros/jazzy/opt/gz_msgs_vendor:/opt/ros/jazzy/opt/gz_common_vendor:/opt/ros/jazzy/opt/gz_math_vendor:/opt/ros/jazzy/opt/gz_utils_vendor:/opt/ros/jazzy/opt/gz_tools_vendor:/opt/ros/jazzy/opt/gz_ogre_next_vendor:/opt/ros/jazzy/opt/gz_dartsim_vendor:/opt/ros/jazzy/opt/gz_cmake_vendor DEBUGINFOD_URLS=https://debuginfod.ubuntu.com PS1=(.venv) \[\e]0;\u@\h: \w\a\]${debian_chroot:+($debian_chroot)}\[\033[01;32m\]\u@\h\[\033[00m\]:\[\033[01;34m\]\w\[\033[00m\]\$ PYTHONPATH=/home/ubuntuuser/ros2_ws/build/crazyflie_py/prefix_override:/home/ubuntuuser/ros2_ws/.venv/lib/python3.12/site-packages/colcon_core/task/python/colcon_distutils_commands:/home/ubuntuuser/ros2_ws/install/crazyflie_py/lib/python3.12/site-packages:/home/ubuntuuser/ros2_ws/install/crazyflie_interfaces/lib/python3.12/site-packages:/home/ubuntuuser/ros2_ws/install/turtlebot3_trailer/lib/python3.12/site-packages:/home/ubuntuuser/ros2_ws/install/r7021e_exploration/lib/python3.12/site-packages:/home/ubuntuuser/ros2_ws/install/crazyflie_sim/lib/python3.12/site-packages:/home/ubuntuuser/ros2_ws/install/crazyflie_examples/lib/python3.12/site-packages:/home/ubuntuuser/ros2_ws/install/crazyflie_py/lib/python3.12/site-packages:/opt/ros/jazzy/lib/python3.12/site-packages VIRTUAL_ENV_PROMPT=(.venv) /home/ubuntuuser/ros2_ws/.venv/bin/python3 -W ignore:setup.py install is deprecated -W ignore:easy_install command is deprecated setup.py egg_info --egg-base ../../../build/crazyflie_py build --build-base /home/ubuntuuser/ros2_ws/build/crazyflie_py/build install --record /home/ubuntuuser/ros2_ws/build/crazyflie_py/install.log --single-version-externally-managed install_data
[7.103s] Level 1:colcon.colcon_core.environment:checking '/home/ubuntuuser/ros2_ws/install/turtlebot3_trailer' for CMake module files
[7.110s] Level 1:colcon.colcon_core.environment:checking '/home/ubuntuuser/ros2_ws/install/turtlebot3_trailer' for CMake config files
[7.104s] DEBUG:colcon.colcon_core.event_handler.log_command:Invoked command in '/home/ubuntuuser/ros2_ws/src/turtlebot3_trailer' returned '0': DEBUGINFOD_URLS=https://debuginfod.ubuntu.com PS1=(.venv) \[\e]0;\u@\h: \w\a\]${debian_chroot:+($debian_chroot)}\[\033[01;32m\]\u@\h\[\033[00m\]:\[\033[01;34m\]\w\[\033[00m\]\$ PYTHONPATH=/home/ubuntuuser/ros2_ws/build/turtlebot3_trailer/prefix_override:/home/ubuntuuser/ros2_ws/.venv/lib/python3.12/site-packages/colcon_core/task/python/colcon_distutils_commands:/home/ubuntuuser/ros2_ws/install/turtlebot3_trailer/lib/python3.12/site-packages:${PYTHONPATH} VIRTUAL_ENV_PROMPT=(.venv) /home/ubuntuuser/ros2_ws/.venv/bin/python3 -W ignore:setup.py install is deprecated -W ignore:easy_install command is deprecated setup.py egg_info --egg-base ../../build/turtlebot3_trailer build --build-base /home/ubuntuuser/ros2_ws/build/turtlebot3_trailer/build install --record /home/ubuntuuser/ros2_ws/build/turtlebot3_trailer/install.log --single-version-externally-managed install_data
[7.111s] Level 1:colcon.colcon_core.environment:checking '/home/ubuntuuser/ros2_ws/install/turtlebot3_trailer/lib'
[7.112s] Level 1:colcon.colcon_core.environment:checking '/home/ubuntuuser/ros2_ws/install/turtlebot3_trailer/bin'
[7.113s] Level 1:colcon.colcon_core.environment:checking '/home/ubuntuuser/ros2_ws/install/turtlebot3_trailer/lib/pkgconfig/turtlebot3_trailer.pc'
[7.113s] Level 1:colcon.colcon_core.environment:checking '/home/ubuntuuser/ros2_ws/install/turtlebot3_trailer/lib/python3.12/site-packages'
[7.114s] Level 1:colcon.colcon_core.shell:create_environment_hook('turtlebot3_trailer', 'pythonpath')
[7.115s] INFO:colcon.colcon_core.shell:Creating environment hook '/home/ubuntuuser/ros2_ws/install/turtlebot3_trailer/share/turtlebot3_trailer/hook/pythonpath.ps1'
[7.117s] INFO:colcon.colcon_core.shell:Creating environment descriptor '/home/ubuntuuser/ros2_ws/install/turtlebot3_trailer/share/turtlebot3_trailer/hook/pythonpath.dsv'
[7.120s] INFO:colcon.colcon_core.shell:Creating environment hook '/home/ubuntuuser/ros2_ws/install/turtlebot3_trailer/share/turtlebot3_trailer/hook/pythonpath.sh'
[7.123s] Level 1:colcon.colcon_core.environment:checking '/home/ubuntuuser/ros2_ws/install/turtlebot3_trailer/bin'
[7.124s] Level 1:colcon.colcon_core.environment:create_environment_scripts_only(turtlebot3_trailer)
[7.124s] INFO:colcon.colcon_core.shell:Creating package script '/home/ubuntuuser/ros2_ws/install/turtlebot3_trailer/share/turtlebot3_trailer/package.ps1'
[7.127s] INFO:colcon.colcon_core.shell:Creating package descriptor '/home/ubuntuuser/ros2_ws/install/turtlebot3_trailer/share/turtlebot3_trailer/package.dsv'
[7.129s] INFO:colcon.colcon_core.shell:Creating package script '/home/ubuntuuser/ros2_ws/install/turtlebot3_trailer/share/turtlebot3_trailer/package.sh'
[7.131s] INFO:colcon.colcon_core.shell:Creating package script '/home/ubuntuuser/ros2_ws/install/turtlebot3_trailer/share/turtlebot3_trailer/package.bash'
[7.133s] INFO:colcon.colcon_core.shell:Creating package script '/home/ubuntuuser/ros2_ws/install/turtlebot3_trailer/share/turtlebot3_trailer/package.zsh'
[7.135s] Level 1:colcon.colcon_core.environment:create_file_with_runtime_dependencies(/home/ubuntuuser/ros2_ws/install/turtlebot3_trailer/share/colcon-core/packages/turtlebot3_trailer)
[8.371s] DEBUG:colcon.colcon_core.event_handler.log_command:Invoked command in '/home/ubuntuuser/ros2_ws/build/crazyflie_sim' returned '0': CMAKE_PREFIX_PATH=/home/ubuntuuser/ros2_ws/install/crazyflie_interfaces:/home/ubuntuuser/ros2_ws/install/turtlebot3_simulations:/home/ubuntuuser/ros2_ws/install/turtlebot3_gazebo:/home/ubuntuuser/ros2_ws/install/turtlebot3_fake_node:/home/ubuntuuser/ros2_ws/install/crazyflie_sim:/home/ubuntuuser/ros2_ws/install/crazyflie_examples:/home/ubuntuuser/ros2_ws/install/crazyflie:/opt/ros/jazzy/opt/gz_sim_vendor:/opt/ros/jazzy/opt/gz_sensors_vendor:/opt/ros/jazzy/opt/gz_physics_vendor:/opt/ros/jazzy/opt/sdformat_vendor:/opt/ros/jazzy/opt/gz_gui_vendor:/opt/ros/jazzy/opt/gz_transport_vendor:/opt/ros/jazzy/opt/gz_rendering_vendor:/opt/ros/jazzy/opt/gz_plugin_vendor:/opt/ros/jazzy/opt/gz_fuel_tools_vendor:/opt/ros/jazzy/opt/gz_msgs_vendor:/opt/ros/jazzy/opt/gz_common_vendor:/opt/ros/jazzy/opt/gz_math_vendor:/opt/ros/jazzy/opt/gz_utils_vendor:/opt/ros/jazzy/opt/gz_tools_vendor:/opt/ros/jazzy/opt/gz_ogre_next_vendor:/opt/ros/jazzy/opt/gz_dartsim_vendor:/opt/ros/jazzy/opt/gz_cmake_vendor:/home/ubuntuuser/ros2_ws/install/turtlebot3_trailer:/home/ubuntuuser/ros2_ws/install/r7021e_exploration:/home/ubuntuuser/ros2_ws/install/crazyflie_py:/opt/ros/jazzy DEBUGINFOD_URLS=https://debuginfod.ubuntu.com PS1=(.venv) \[\e]0;\u@\h: \w\a\]${debian_chroot:+($debian_chroot)}\[\033[01;32m\]\u@\h\[\033[00m\]:\[\033[01;34m\]\w\[\033[00m\]\$ PYTHONPATH=/home/ubuntuuser/ros2_ws/install/crazyflie_interfaces/lib/python3.12/site-packages:/home/ubuntuuser/ros2_ws/install/turtlebot3_trailer/lib/python3.12/site-packages:/home/ubuntuuser/ros2_ws/install/r7021e_exploration/lib/python3.12/site-packages:/home/ubuntuuser/ros2_ws/install/crazyflie_sim/lib/python3.12/site-packages:/home/ubuntuuser/ros2_ws/install/crazyflie_examples/lib/python3.12/site-packages:/home/ubuntuuser/ros2_ws/install/crazyflie_py/lib/python3.12/site-packages:/opt/ros/jazzy/lib/python3.12/site-packages VIRTUAL_ENV_PROMPT=(.venv) /usr/bin/cmake --build /home/ubuntuuser/ros2_ws/build/crazyflie_sim -- -j4 -l4
[8.376s] DEBUG:colcon.colcon_core.event_handler.log_command:Invoking command in '/home/ubuntuuser/ros2_ws/build/crazyflie_sim': CMAKE_PREFIX_PATH=/home/ubuntuuser/ros2_ws/install/crazyflie_interfaces:/home/ubuntuuser/ros2_ws/install/turtlebot3_simulations:/home/ubuntuuser/ros2_ws/install/turtlebot3_gazebo:/home/ubuntuuser/ros2_ws/install/turtlebot3_fake_node:/home/ubuntuuser/ros2_ws/install/crazyflie_sim:/home/ubuntuuser/ros2_ws/install/crazyflie_examples:/home/ubuntuuser/ros2_ws/install/crazyflie:/opt/ros/jazzy/opt/gz_sim_vendor:/opt/ros/jazzy/opt/gz_sensors_vendor:/opt/ros/jazzy/opt/gz_physics_vendor:/opt/ros/jazzy/opt/sdformat_vendor:/opt/ros/jazzy/opt/gz_gui_vendor:/opt/ros/jazzy/opt/gz_transport_vendor:/opt/ros/jazzy/opt/gz_rendering_vendor:/opt/ros/jazzy/opt/gz_plugin_vendor:/opt/ros/jazzy/opt/gz_fuel_tools_vendor:/opt/ros/jazzy/opt/gz_msgs_vendor:/opt/ros/jazzy/opt/gz_common_vendor:/opt/ros/jazzy/opt/gz_math_vendor:/opt/ros/jazzy/opt/gz_utils_vendor:/opt/ros/jazzy/opt/gz_tools_vendor:/opt/ros/jazzy/opt/gz_ogre_next_vendor:/opt/ros/jazzy/opt/gz_dartsim_vendor:/opt/ros/jazzy/opt/gz_cmake_vendor:/home/ubuntuuser/ros2_ws/install/turtlebot3_trailer:/home/ubuntuuser/ros2_ws/install/r7021e_exploration:/home/ubuntuuser/ros2_ws/install/crazyflie_py:/opt/ros/jazzy DEBUGINFOD_URLS=https://debuginfod.ubuntu.com PS1=(.venv) \[\e]0;\u@\h: \w\a\]${debian_chroot:+($debian_chroot)}\[\033[01;32m\]\u@\h\[\033[00m\]:\[\033[01;34m\]\w\[\033[00m\]\$ PYTHONPATH=/home/ubuntuuser/ros2_ws/install/crazyflie_interfaces/lib/python3.12/site-packages:/home/ubuntuuser/ros2_ws/install/turtlebot3_trailer/lib/python3.12/site-packages:/home/ubuntuuser/ros2_ws/install/r7021e_exploration/lib/python3.12/site-packages:/home/ubuntuuser/ros2_ws/install/crazyflie_sim/lib/python3.12/site-packages:/home/ubuntuuser/ros2_ws/install/crazyflie_examples/lib/python3.12/site-packages:/home/ubuntuuser/ros2_ws/install/crazyflie_py/lib/python3.12/site-packages:/opt/ros/jazzy/lib/python3.12/site-packages VIRTUAL_ENV_PROMPT=(.venv) /usr/bin/cmake --install /home/ubuntuuser/ros2_ws/build/crazyflie_sim
[8.657s] Level 1:colcon.colcon_core.environment:create_environment_scripts_only(crazyflie_sim)
[8.657s] Level 1:colcon.colcon_core.environment:checking '/home/ubuntuuser/ros2_ws/install/crazyflie_sim' for CMake module files
[8.658s] Level 1:colcon.colcon_core.environment:checking '/home/ubuntuuser/ros2_ws/install/crazyflie_sim' for CMake config files
[8.658s] Level 1:colcon.colcon_core.shell:create_environment_hook('crazyflie_sim', 'cmake_prefix_path')
[8.659s] INFO:colcon.colcon_core.shell:Creating environment hook '/home/ubuntuuser/ros2_ws/install/crazyflie_sim/share/crazyflie_sim/hook/cmake_prefix_path.ps1'
[8.665s] DEBUG:colcon.colcon_core.event_handler.log_command:Invoked command in '/home/ubuntuuser/ros2_ws/build/crazyflie_sim' returned '0': CMAKE_PREFIX_PATH=/home/ubuntuuser/ros2_ws/install/crazyflie_interfaces:/home/ubuntuuser/ros2_ws/install/turtlebot3_simulations:/home/ubuntuuser/ros2_ws/install/turtlebot3_gazebo:/home/ubuntuuser/ros2_ws/install/turtlebot3_fake_node:/home/ubuntuuser/ros2_ws/install/crazyflie_sim:/home/ubuntuuser/ros2_ws/install/crazyflie_examples:/home/ubuntuuser/ros2_ws/install/crazyflie:/opt/ros/jazzy/opt/gz_sim_vendor:/opt/ros/jazzy/opt/gz_sensors_vendor:/opt/ros/jazzy/opt/gz_physics_vendor:/opt/ros/jazzy/opt/sdformat_vendor:/opt/ros/jazzy/opt/gz_gui_vendor:/opt/ros/jazzy/opt/gz_transport_vendor:/opt/ros/jazzy/opt/gz_rendering_vendor:/opt/ros/jazzy/opt/gz_plugin_vendor:/opt/ros/jazzy/opt/gz_fuel_tools_vendor:/opt/ros/jazzy/opt/gz_msgs_vendor:/opt/ros/jazzy/opt/gz_common_vendor:/opt/ros/jazzy/opt/gz_math_vendor:/opt/ros/jazzy/opt/gz_utils_vendor:/opt/ros/jazzy/opt/gz_tools_vendor:/opt/ros/jazzy/opt/gz_ogre_next_vendor:/opt/ros/jazzy/opt/gz_dartsim_vendor:/opt/ros/jazzy/opt/gz_cmake_vendor:/home/ubuntuuser/ros2_ws/install/turtlebot3_trailer:/home/ubuntuuser/ros2_ws/install/r7021e_exploration:/home/ubuntuuser/ros2_ws/install/crazyflie_py:/opt/ros/jazzy DEBUGINFOD_URLS=https://debuginfod.ubuntu.com PS1=(.venv) \[\e]0;\u@\h: \w\a\]${debian_chroot:+($debian_chroot)}\[\033[01;32m\]\u@\h\[\033[00m\]:\[\033[01;34m\]\w\[\033[00m\]\$ PYTHONPATH=/home/ubuntuuser/ros2_ws/install/crazyflie_interfaces/lib/python3.12/site-packages:/home/ubuntuuser/ros2_ws/install/turtlebot3_trailer/lib/python3.12/site-packages:/home/ubuntuuser/ros2_ws/install/r7021e_exploration/lib/python3.12/site-packages:/home/ubuntuuser/ros2_ws/install/crazyflie_sim/lib/python3.12/site-packages:/home/ubuntuuser/ros2_ws/install/crazyflie_examples/lib/python3.12/site-packages:/home/ubuntuuser/ros2_ws/install/crazyflie_py/lib/python3.12/site-packages:/opt/ros/jazzy/lib/python3.12/site-packages VIRTUAL_ENV_PROMPT=(.venv) /usr/bin/cmake --install /home/ubuntuuser/ros2_ws/build/crazyflie_sim
[8.666s] INFO:colcon.colcon_core.shell:Creating environment descriptor '/home/ubuntuuser/ros2_ws/install/crazyflie_sim/share/crazyflie_sim/hook/cmake_prefix_path.dsv'
[8.667s] INFO:colcon.colcon_core.shell:Creating environment hook '/home/ubuntuuser/ros2_ws/install/crazyflie_sim/share/crazyflie_sim/hook/cmake_prefix_path.sh'
[8.675s] Level 1:colcon.colcon_core.environment:checking '/home/ubuntuuser/ros2_ws/install/crazyflie_sim/lib'
[8.675s] Level 1:colcon.colcon_core.environment:checking '/home/ubuntuuser/ros2_ws/install/crazyflie_sim/bin'
[8.675s] Level 1:colcon.colcon_core.environment:checking '/home/ubuntuuser/ros2_ws/install/crazyflie_sim/lib/pkgconfig/crazyflie_sim.pc'
[8.676s] Level 1:colcon.colcon_core.environment:checking '/home/ubuntuuser/ros2_ws/install/crazyflie_sim/lib/python3.12/site-packages'
[8.676s] Level 1:colcon.colcon_core.shell:create_environment_hook('crazyflie_sim', 'pythonpath')
[8.677s] INFO:colcon.colcon_core.shell:Creating environment hook '/home/ubuntuuser/ros2_ws/install/crazyflie_sim/share/crazyflie_sim/hook/pythonpath.ps1'
[8.685s] INFO:colcon.colcon_core.shell:Creating environment descriptor '/home/ubuntuuser/ros2_ws/install/crazyflie_sim/share/crazyflie_sim/hook/pythonpath.dsv'
[8.691s] INFO:colcon.colcon_core.shell:Creating environment hook '/home/ubuntuuser/ros2_ws/install/crazyflie_sim/share/crazyflie_sim/hook/pythonpath.sh'
[8.697s] Level 1:colcon.colcon_core.environment:checking '/home/ubuntuuser/ros2_ws/install/crazyflie_sim/bin'
[8.698s] INFO:colcon.colcon_core.shell:Creating package script '/home/ubuntuuser/ros2_ws/install/crazyflie_sim/share/crazyflie_sim/package.ps1'
[8.700s] INFO:colcon.colcon_core.shell:Creating package descriptor '/home/ubuntuuser/ros2_ws/install/crazyflie_sim/share/crazyflie_sim/package.dsv'
[8.702s] INFO:colcon.colcon_core.shell:Creating package script '/home/ubuntuuser/ros2_ws/install/crazyflie_sim/share/crazyflie_sim/package.sh'
[8.704s] INFO:colcon.colcon_core.shell:Creating package script '/home/ubuntuuser/ros2_ws/install/crazyflie_sim/share/crazyflie_sim/package.bash'
[8.706s] INFO:colcon.colcon_core.shell:Creating package script '/home/ubuntuuser/ros2_ws/install/crazyflie_sim/share/crazyflie_sim/package.zsh'
[8.710s] Level 1:colcon.colcon_core.environment:create_file_with_runtime_dependencies(/home/ubuntuuser/ros2_ws/install/crazyflie_sim/share/colcon-core/packages/crazyflie_sim)
[8.712s] Level 1:colcon.colcon_core.environment:create_environment_scripts_only(crazyflie_sim)
[8.713s] Level 1:colcon.colcon_core.environment:checking '/home/ubuntuuser/ros2_ws/install/crazyflie_sim' for CMake module files
[8.714s] Level 1:colcon.colcon_core.environment:checking '/home/ubuntuuser/ros2_ws/install/crazyflie_sim' for CMake config files
[8.715s] Level 1:colcon.colcon_core.shell:create_environment_hook('crazyflie_sim', 'cmake_prefix_path')
[8.715s] INFO:colcon.colcon_core.shell:Creating environment hook '/home/ubuntuuser/ros2_ws/install/crazyflie_sim/share/crazyflie_sim/hook/cmake_prefix_path.ps1'
[8.720s] INFO:colcon.colcon_core.shell:Creating environment descriptor '/home/ubuntuuser/ros2_ws/install/crazyflie_sim/share/crazyflie_sim/hook/cmake_prefix_path.dsv'
[8.722s] INFO:colcon.colcon_core.shell:Creating environment hook '/home/ubuntuuser/ros2_ws/install/crazyflie_sim/share/crazyflie_sim/hook/cmake_prefix_path.sh'
[8.725s] Level 1:colcon.colcon_core.environment:checking '/home/ubuntuuser/ros2_ws/install/crazyflie_sim/lib'
[8.726s] Level 1:colcon.colcon_core.environment:checking '/home/ubuntuuser/ros2_ws/install/crazyflie_sim/bin'
[8.726s] Level 1:colcon.colcon_core.environment:checking '/home/ubuntuuser/ros2_ws/install/crazyflie_sim/lib/pkgconfig/crazyflie_sim.pc'
[8.727s] Level 1:colcon.colcon_core.environment:checking '/home/ubuntuuser/ros2_ws/install/crazyflie_sim/lib/python3.12/site-packages'
[8.727s] Level 1:colcon.colcon_core.shell:create_environment_hook('crazyflie_sim', 'pythonpath')
[8.728s] INFO:colcon.colcon_core.shell:Creating environment hook '/home/ubuntuuser/ros2_ws/install/crazyflie_sim/share/crazyflie_sim/hook/pythonpath.ps1'
[8.730s] INFO:colcon.colcon_core.shell:Creating environment descriptor '/home/ubuntuuser/ros2_ws/install/crazyflie_sim/share/crazyflie_sim/hook/pythonpath.dsv'
[8.732s] INFO:colcon.colcon_core.shell:Creating environment hook '/home/ubuntuuser/ros2_ws/install/crazyflie_sim/share/crazyflie_sim/hook/pythonpath.sh'
[8.737s] Level 1:colcon.colcon_core.environment:checking '/home/ubuntuuser/ros2_ws/install/crazyflie_sim/bin'
[8.738s] INFO:colcon.colcon_core.shell:Creating package script '/home/ubuntuuser/ros2_ws/install/crazyflie_sim/share/crazyflie_sim/package.ps1'
[8.740s] INFO:colcon.colcon_core.shell:Creating package descriptor '/home/ubuntuuser/ros2_ws/install/crazyflie_sim/share/crazyflie_sim/package.dsv'
[8.742s] INFO:colcon.colcon_core.shell:Creating package script '/home/ubuntuuser/ros2_ws/install/crazyflie_sim/share/crazyflie_sim/package.sh'
[8.743s] INFO:colcon.colcon_core.shell:Creating package script '/home/ubuntuuser/ros2_ws/install/crazyflie_sim/share/crazyflie_sim/package.bash'
[8.746s] INFO:colcon.colcon_core.shell:Creating package script '/home/ubuntuuser/ros2_ws/install/crazyflie_sim/share/crazyflie_sim/package.zsh'
[8.748s] Level 1:colcon.colcon_core.environment:create_file_with_runtime_dependencies(/home/ubuntuuser/ros2_ws/install/crazyflie_sim/share/colcon-core/packages/crazyflie_sim)
[8.754s] Level 1:colcon.colcon_core.environment:checking '/home/ubuntuuser/ros2_ws/install/crazyflie_py' for CMake module files
[8.756s] Level 1:colcon.colcon_core.environment:checking '/home/ubuntuuser/ros2_ws/install/crazyflie_py' for CMake config files
[8.758s] DEBUG:colcon.colcon_core.event_handler.log_command:Invoked command in '/home/ubuntuuser/ros2_ws/src/crazyswarm2/crazyflie_py' returned '0': CMAKE_PREFIX_PATH=/home/ubuntuuser/ros2_ws/install/crazyflie_interfaces:/home/ubuntuuser/ros2_ws/install/turtlebot3_simulations:/home/ubuntuuser/ros2_ws/install/turtlebot3_gazebo:/home/ubuntuuser/ros2_ws/install/turtlebot3_fake_node:/home/ubuntuuser/ros2_ws/install/crazyflie_sim:/home/ubuntuuser/ros2_ws/install/crazyflie_examples:/home/ubuntuuser/ros2_ws/install/crazyflie:/opt/ros/jazzy/opt/gz_sim_vendor:/opt/ros/jazzy/opt/gz_sensors_vendor:/opt/ros/jazzy/opt/gz_physics_vendor:/opt/ros/jazzy/opt/sdformat_vendor:/opt/ros/jazzy/opt/gz_gui_vendor:/opt/ros/jazzy/opt/gz_transport_vendor:/opt/ros/jazzy/opt/gz_rendering_vendor:/opt/ros/jazzy/opt/gz_plugin_vendor:/opt/ros/jazzy/opt/gz_fuel_tools_vendor:/opt/ros/jazzy/opt/gz_msgs_vendor:/opt/ros/jazzy/opt/gz_common_vendor:/opt/ros/jazzy/opt/gz_math_vendor:/opt/ros/jazzy/opt/gz_utils_vendor:/opt/ros/jazzy/opt/gz_tools_vendor:/opt/ros/jazzy/opt/gz_ogre_next_vendor:/opt/ros/jazzy/opt/gz_dartsim_vendor:/opt/ros/jazzy/opt/gz_cmake_vendor DEBUGINFOD_URLS=https://debuginfod.ubuntu.com PS1=(.venv) \[\e]0;\u@\h: \w\a\]${debian_chroot:+($debian_chroot)}\[\033[01;32m\]\u@\h\[\033[00m\]:\[\033[01;34m\]\w\[\033[00m\]\$ PYTHONPATH=/home/ubuntuuser/ros2_ws/build/crazyflie_py/prefix_override:/home/ubuntuuser/ros2_ws/.venv/lib/python3.12/site-packages/colcon_core/task/python/colcon_distutils_commands:/home/ubuntuuser/ros2_ws/install/crazyflie_py/lib/python3.12/site-packages:/home/ubuntuuser/ros2_ws/install/crazyflie_interfaces/lib/python3.12/site-packages:/home/ubuntuuser/ros2_ws/install/turtlebot3_trailer/lib/python3.12/site-packages:/home/ubuntuuser/ros2_ws/install/r7021e_exploration/lib/python3.12/site-packages:/home/ubuntuuser/ros2_ws/install/crazyflie_sim/lib/python3.12/site-packages:/home/ubuntuuser/ros2_ws/install/crazyflie_examples/lib/python3.12/site-packages:/home/ubuntuuser/ros2_ws/install/crazyflie_py/lib/python3.12/site-packages:/opt/ros/jazzy/lib/python3.12/site-packages VIRTUAL_ENV_PROMPT=(.venv) /home/ubuntuuser/ros2_ws/.venv/bin/python3 -W ignore:setup.py install is deprecated -W ignore:easy_install command is deprecated setup.py egg_info --egg-base ../../../build/crazyflie_py build --build-base /home/ubuntuuser/ros2_ws/build/crazyflie_py/build install --record /home/ubuntuuser/ros2_ws/build/crazyflie_py/install.log --single-version-externally-managed install_data
[8.760s] Level 1:colcon.colcon_core.environment:checking '/home/ubuntuuser/ros2_ws/install/crazyflie_py/lib'
[8.760s] Level 1:colcon.colcon_core.environment:checking '/home/ubuntuuser/ros2_ws/install/crazyflie_py/bin'
[8.761s] Level 1:colcon.colcon_core.environment:checking '/home/ubuntuuser/ros2_ws/install/crazyflie_py/lib/pkgconfig/crazyflie_py.pc'
[8.761s] Level 1:colcon.colcon_core.environment:checking '/home/ubuntuuser/ros2_ws/install/crazyflie_py/lib/python3.12/site-packages'
[8.762s] Level 1:colcon.colcon_core.shell:create_environment_hook('crazyflie_py', 'pythonpath')
[8.765s] INFO:colcon.colcon_core.shell:Creating environment hook '/home/ubuntuuser/ros2_ws/install/crazyflie_py/share/crazyflie_py/hook/pythonpath.ps1'
[8.770s] INFO:colcon.colcon_core.shell:Creating environment descriptor '/home/ubuntuuser/ros2_ws/install/crazyflie_py/share/crazyflie_py/hook/pythonpath.dsv'
[8.772s] INFO:colcon.colcon_core.shell:Creating environment hook '/home/ubuntuuser/ros2_ws/install/crazyflie_py/share/crazyflie_py/hook/pythonpath.sh'
[8.775s] Level 1:colcon.colcon_core.environment:checking '/home/ubuntuuser/ros2_ws/install/crazyflie_py/bin'
[8.775s] Level 1:colcon.colcon_core.environment:create_environment_scripts_only(crazyflie_py)
[8.775s] INFO:colcon.colcon_core.shell:Creating package script '/home/ubuntuuser/ros2_ws/install/crazyflie_py/share/crazyflie_py/package.ps1'
[8.780s] INFO:colcon.colcon_core.shell:Creating package descriptor '/home/ubuntuuser/ros2_ws/install/crazyflie_py/share/crazyflie_py/package.dsv'
[8.781s] INFO:colcon.colcon_core.shell:Creating package script '/home/ubuntuuser/ros2_ws/install/crazyflie_py/share/crazyflie_py/package.sh'
[8.783s] INFO:colcon.colcon_core.shell:Creating package script '/home/ubuntuuser/ros2_ws/install/crazyflie_py/share/crazyflie_py/package.bash'
[8.785s] INFO:colcon.colcon_core.shell:Creating package script '/home/ubuntuuser/ros2_ws/install/crazyflie_py/share/crazyflie_py/package.zsh'
[8.786s] Level 1:colcon.colcon_core.environment:create_file_with_runtime_dependencies(/home/ubuntuuser/ros2_ws/install/crazyflie_py/share/colcon-core/packages/crazyflie_py)
[8.789s] INFO:colcon.colcon_ros.task.ament_cmake.build:Building ROS package in '/home/ubuntuuser/ros2_ws/src/crazyswarm2/crazyflie_examples' with build type 'ament_cmake'
[8.790s] INFO:colcon.colcon_cmake.task.cmake.build:Building CMake package in '/home/ubuntuuser/ros2_ws/src/crazyswarm2/crazyflie_examples'
[8.790s] INFO:colcon.colcon_core.shell:Skip shell extension 'powershell' for command environment: Not usable outside of PowerShell
[8.790s] DEBUG:colcon.colcon_core.shell:Skip shell extension 'dsv' for command environment
[8.867s] DEBUG:colcon.colcon_core.event_handler.log_command:Invoking command in '/home/ubuntuuser/ros2_ws/build/crazyflie_examples': AMENT_PREFIX_PATH=/home/ubuntuuser/ros2_ws/install/crazyflie_py:/home/ubuntuuser/ros2_ws/install/turtlebot3_trailer:/home/ubuntuuser/ros2_ws/install/turtlebot3_simulations:/home/ubuntuuser/ros2_ws/install/turtlebot3_gazebo:/home/ubuntuuser/ros2_ws/install/turtlebot3_fake_node:/home/ubuntuuser/ros2_ws/install/r7021e_exploration:/home/ubuntuuser/ros2_ws/install/crazyflie_sim:/home/ubuntuuser/ros2_ws/install/crazyflie_examples:/home/ubuntuuser/ros2_ws/install/crazyflie:/home/ubuntuuser/ros2_ws/install/crazyflie_interfaces:/opt/ros/jazzy CMAKE_PREFIX_PATH=/home/ubuntuuser/ros2_ws/install/crazyflie_interfaces:/home/ubuntuuser/ros2_ws/install/turtlebot3_simulations:/home/ubuntuuser/ros2_ws/install/turtlebot3_gazebo:/home/ubuntuuser/ros2_ws/install/turtlebot3_fake_node:/home/ubuntuuser/ros2_ws/install/crazyflie_sim:/home/ubuntuuser/ros2_ws/install/crazyflie_examples:/home/ubuntuuser/ros2_ws/install/crazyflie:/opt/ros/jazzy/opt/gz_sim_vendor:/opt/ros/jazzy/opt/gz_sensors_vendor:/opt/ros/jazzy/opt/gz_physics_vendor:/opt/ros/jazzy/opt/sdformat_vendor:/opt/ros/jazzy/opt/gz_gui_vendor:/opt/ros/jazzy/opt/gz_transport_vendor:/opt/ros/jazzy/opt/gz_rendering_vendor:/opt/ros/jazzy/opt/gz_plugin_vendor:/opt/ros/jazzy/opt/gz_fuel_tools_vendor:/opt/ros/jazzy/opt/gz_msgs_vendor:/opt/ros/jazzy/opt/gz_common_vendor:/opt/ros/jazzy/opt/gz_math_vendor:/opt/ros/jazzy/opt/gz_utils_vendor:/opt/ros/jazzy/opt/gz_tools_vendor:/opt/ros/jazzy/opt/gz_ogre_next_vendor:/opt/ros/jazzy/opt/gz_dartsim_vendor:/opt/ros/jazzy/opt/gz_cmake_vendor:/home/ubuntuuser/ros2_ws/install/turtlebot3_trailer:/home/ubuntuuser/ros2_ws/install/r7021e_exploration:/home/ubuntuuser/ros2_ws/install/crazyflie_py:/opt/ros/jazzy DEBUGINFOD_URLS=https://debuginfod.ubuntu.com PS1=(.venv) \[\e]0;\u@\h: \w\a\]${debian_chroot:+($debian_chroot)}\[\033[01;32m\]\u@\h\[\033[00m\]:\[\033[01;34m\]\w\[\033[00m\]\$ PYTHONPATH=/home/ubuntuuser/ros2_ws/install/crazyflie_py/lib/python3.12/site-packages:/home/ubuntuuser/ros2_ws/install/crazyflie_interfaces/lib/python3.12/site-packages:/home/ubuntuuser/ros2_ws/install/turtlebot3_trailer/lib/python3.12/site-packages:/home/ubuntuuser/ros2_ws/install/r7021e_exploration/lib/python3.12/site-packages:/home/ubuntuuser/ros2_ws/install/crazyflie_sim/lib/python3.12/site-packages:/home/ubuntuuser/ros2_ws/install/crazyflie_examples/lib/python3.12/site-packages:/opt/ros/jazzy/lib/python3.12/site-packages VIRTUAL_ENV_PROMPT=(.venv) /usr/bin/cmake --build /home/ubuntuuser/ros2_ws/build/crazyflie_examples -- -j4 -l4
[10.698s] DEBUG:colcon.colcon_core.event_handler.log_command:Invoked command in '/home/ubuntuuser/ros2_ws/build/crazyflie_examples' returned '0': AMENT_PREFIX_PATH=/home/ubuntuuser/ros2_ws/install/crazyflie_py:/home/ubuntuuser/ros2_ws/install/turtlebot3_trailer:/home/ubuntuuser/ros2_ws/install/turtlebot3_simulations:/home/ubuntuuser/ros2_ws/install/turtlebot3_gazebo:/home/ubuntuuser/ros2_ws/install/turtlebot3_fake_node:/home/ubuntuuser/ros2_ws/install/r7021e_exploration:/home/ubuntuuser/ros2_ws/install/crazyflie_sim:/home/ubuntuuser/ros2_ws/install/crazyflie_examples:/home/ubuntuuser/ros2_ws/install/crazyflie:/home/ubuntuuser/ros2_ws/install/crazyflie_interfaces:/opt/ros/jazzy CMAKE_PREFIX_PATH=/home/ubuntuuser/ros2_ws/install/crazyflie_interfaces:/home/ubuntuuser/ros2_ws/install/turtlebot3_simulations:/home/ubuntuuser/ros2_ws/install/turtlebot3_gazebo:/home/ubuntuuser/ros2_ws/install/turtlebot3_fake_node:/home/ubuntuuser/ros2_ws/install/crazyflie_sim:/home/ubuntuuser/ros2_ws/install/crazyflie_examples:/home/ubuntuuser/ros2_ws/install/crazyflie:/opt/ros/jazzy/opt/gz_sim_vendor:/opt/ros/jazzy/opt/gz_sensors_vendor:/opt/ros/jazzy/opt/gz_physics_vendor:/opt/ros/jazzy/opt/sdformat_vendor:/opt/ros/jazzy/opt/gz_gui_vendor:/opt/ros/jazzy/opt/gz_transport_vendor:/opt/ros/jazzy/opt/gz_rendering_vendor:/opt/ros/jazzy/opt/gz_plugin_vendor:/opt/ros/jazzy/opt/gz_fuel_tools_vendor:/opt/ros/jazzy/opt/gz_msgs_vendor:/opt/ros/jazzy/opt/gz_common_vendor:/opt/ros/jazzy/opt/gz_math_vendor:/opt/ros/jazzy/opt/gz_utils_vendor:/opt/ros/jazzy/opt/gz_tools_vendor:/opt/ros/jazzy/opt/gz_ogre_next_vendor:/opt/ros/jazzy/opt/gz_dartsim_vendor:/opt/ros/jazzy/opt/gz_cmake_vendor:/home/ubuntuuser/ros2_ws/install/turtlebot3_trailer:/home/ubuntuuser/ros2_ws/install/r7021e_exploration:/home/ubuntuuser/ros2_ws/install/crazyflie_py:/opt/ros/jazzy DEBUGINFOD_URLS=https://debuginfod.ubuntu.com PS1=(.venv) \[\e]0;\u@\h: \w\a\]${debian_chroot:+($debian_chroot)}\[\033[01;32m\]\u@\h\[\033[00m\]:\[\033[01;34m\]\w\[\033[00m\]\$ PYTHONPATH=/home/ubuntuuser/ros2_ws/install/crazyflie_py/lib/python3.12/site-packages:/home/ubuntuuser/ros2_ws/install/crazyflie_interfaces/lib/python3.12/site-packages:/home/ubuntuuser/ros2_ws/install/turtlebot3_trailer/lib/python3.12/site-packages:/home/ubuntuuser/ros2_ws/install/r7021e_exploration/lib/python3.12/site-packages:/home/ubuntuuser/ros2_ws/install/crazyflie_sim/lib/python3.12/site-packages:/home/ubuntuuser/ros2_ws/install/crazyflie_examples/lib/python3.12/site-packages:/opt/ros/jazzy/lib/python3.12/site-packages VIRTUAL_ENV_PROMPT=(.venv) /usr/bin/cmake --build /home/ubuntuuser/ros2_ws/build/crazyflie_examples -- -j4 -l4
[10.700s] DEBUG:colcon.colcon_core.event_handler.log_command:Invoking command in '/home/ubuntuuser/ros2_ws/build/crazyflie_examples': AMENT_PREFIX_PATH=/home/ubuntuuser/ros2_ws/install/crazyflie_py:/home/ubuntuuser/ros2_ws/install/turtlebot3_trailer:/home/ubuntuuser/ros2_ws/install/turtlebot3_simulations:/home/ubuntuuser/ros2_ws/install/turtlebot3_gazebo:/home/ubuntuuser/ros2_ws/install/turtlebot3_fake_node:/home/ubuntuuser/ros2_ws/install/r7021e_exploration:/home/ubuntuuser/ros2_ws/install/crazyflie_sim:/home/ubuntuuser/ros2_ws/install/crazyflie_examples:/home/ubuntuuser/ros2_ws/install/crazyflie:/home/ubuntuuser/ros2_ws/install/crazyflie_interfaces:/opt/ros/jazzy CMAKE_PREFIX_PATH=/home/ubuntuuser/ros2_ws/install/crazyflie_interfaces:/home/ubuntuuser/ros2_ws/install/turtlebot3_simulations:/home/ubuntuuser/ros2_ws/install/turtlebot3_gazebo:/home/ubuntuuser/ros2_ws/install/turtlebot3_fake_node:/home/ubuntuuser/ros2_ws/install/crazyflie_sim:/home/ubuntuuser/ros2_ws/install/crazyflie_examples:/home/ubuntuuser/ros2_ws/install/crazyflie:/opt/ros/jazzy/opt/gz_sim_vendor:/opt/ros/jazzy/opt/gz_sensors_vendor:/opt/ros/jazzy/opt/gz_physics_vendor:/opt/ros/jazzy/opt/sdformat_vendor:/opt/ros/jazzy/opt/gz_gui_vendor:/opt/ros/jazzy/opt/gz_transport_vendor:/opt/ros/jazzy/opt/gz_rendering_vendor:/opt/ros/jazzy/opt/gz_plugin_vendor:/opt/ros/jazzy/opt/gz_fuel_tools_vendor:/opt/ros/jazzy/opt/gz_msgs_vendor:/opt/ros/jazzy/opt/gz_common_vendor:/opt/ros/jazzy/opt/gz_math_vendor:/opt/ros/jazzy/opt/gz_utils_vendor:/opt/ros/jazzy/opt/gz_tools_vendor:/opt/ros/jazzy/opt/gz_ogre_next_vendor:/opt/ros/jazzy/opt/gz_dartsim_vendor:/opt/ros/jazzy/opt/gz_cmake_vendor:/home/ubuntuuser/ros2_ws/install/turtlebot3_trailer:/home/ubuntuuser/ros2_ws/install/r7021e_exploration:/home/ubuntuuser/ros2_ws/install/crazyflie_py:/opt/ros/jazzy DEBUGINFOD_URLS=https://debuginfod.ubuntu.com PS1=(.venv) \[\e]0;\u@\h: \w\a\]${debian_chroot:+($debian_chroot)}\[\033[01;32m\]\u@\h\[\033[00m\]:\[\033[01;34m\]\w\[\033[00m\]\$ PYTHONPATH=/home/ubuntuuser/ros2_ws/install/crazyflie_py/lib/python3.12/site-packages:/home/ubuntuuser/ros2_ws/install/crazyflie_interfaces/lib/python3.12/site-packages:/home/ubuntuuser/ros2_ws/install/turtlebot3_trailer/lib/python3.12/site-packages:/home/ubuntuuser/ros2_ws/install/r7021e_exploration/lib/python3.12/site-packages:/home/ubuntuuser/ros2_ws/install/crazyflie_sim/lib/python3.12/site-packages:/home/ubuntuuser/ros2_ws/install/crazyflie_examples/lib/python3.12/site-packages:/opt/ros/jazzy/lib/python3.12/site-packages VIRTUAL_ENV_PROMPT=(.venv) /usr/bin/cmake --install /home/ubuntuuser/ros2_ws/build/crazyflie_examples
[10.861s] Level 1:colcon.colcon_core.environment:create_environment_scripts_only(crazyflie_examples)
[10.861s] Level 1:colcon.colcon_core.environment:checking '/home/ubuntuuser/ros2_ws/install/crazyflie_examples' for CMake module files
[10.863s] DEBUG:colcon.colcon_core.event_handler.log_command:Invoked command in '/home/ubuntuuser/ros2_ws/build/crazyflie_examples' returned '0': AMENT_PREFIX_PATH=/home/ubuntuuser/ros2_ws/install/crazyflie_py:/home/ubuntuuser/ros2_ws/install/turtlebot3_trailer:/home/ubuntuuser/ros2_ws/install/turtlebot3_simulations:/home/ubuntuuser/ros2_ws/install/turtlebot3_gazebo:/home/ubuntuuser/ros2_ws/install/turtlebot3_fake_node:/home/ubuntuuser/ros2_ws/install/r7021e_exploration:/home/ubuntuuser/ros2_ws/install/crazyflie_sim:/home/ubuntuuser/ros2_ws/install/crazyflie_examples:/home/ubuntuuser/ros2_ws/install/crazyflie:/home/ubuntuuser/ros2_ws/install/crazyflie_interfaces:/opt/ros/jazzy CMAKE_PREFIX_PATH=/home/ubuntuuser/ros2_ws/install/crazyflie_interfaces:/home/ubuntuuser/ros2_ws/install/turtlebot3_simulations:/home/ubuntuuser/ros2_ws/install/turtlebot3_gazebo:/home/ubuntuuser/ros2_ws/install/turtlebot3_fake_node:/home/ubuntuuser/ros2_ws/install/crazyflie_sim:/home/ubuntuuser/ros2_ws/install/crazyflie_examples:/home/ubuntuuser/ros2_ws/install/crazyflie:/opt/ros/jazzy/opt/gz_sim_vendor:/opt/ros/jazzy/opt/gz_sensors_vendor:/opt/ros/jazzy/opt/gz_physics_vendor:/opt/ros/jazzy/opt/sdformat_vendor:/opt/ros/jazzy/opt/gz_gui_vendor:/opt/ros/jazzy/opt/gz_transport_vendor:/opt/ros/jazzy/opt/gz_rendering_vendor:/opt/ros/jazzy/opt/gz_plugin_vendor:/opt/ros/jazzy/opt/gz_fuel_tools_vendor:/opt/ros/jazzy/opt/gz_msgs_vendor:/opt/ros/jazzy/opt/gz_common_vendor:/opt/ros/jazzy/opt/gz_math_vendor:/opt/ros/jazzy/opt/gz_utils_vendor:/opt/ros/jazzy/opt/gz_tools_vendor:/opt/ros/jazzy/opt/gz_ogre_next_vendor:/opt/ros/jazzy/opt/gz_dartsim_vendor:/opt/ros/jazzy/opt/gz_cmake_vendor:/home/ubuntuuser/ros2_ws/install/turtlebot3_trailer:/home/ubuntuuser/ros2_ws/install/r7021e_exploration:/home/ubuntuuser/ros2_ws/install/crazyflie_py:/opt/ros/jazzy DEBUGINFOD_URLS=https://debuginfod.ubuntu.com PS1=(.venv) \[\e]0;\u@\h: \w\a\]${debian_chroot:+($debian_chroot)}\[\033[01;32m\]\u@\h\[\033[00m\]:\[\033[01;34m\]\w\[\033[00m\]\$ PYTHONPATH=/home/ubuntuuser/ros2_ws/install/crazyflie_py/lib/python3.12/site-packages:/home/ubuntuuser/ros2_ws/install/crazyflie_interfaces/lib/python3.12/site-packages:/home/ubuntuuser/ros2_ws/install/turtlebot3_trailer/lib/python3.12/site-packages:/home/ubuntuuser/ros2_ws/install/r7021e_exploration/lib/python3.12/site-packages:/home/ubuntuuser/ros2_ws/install/crazyflie_sim/lib/python3.12/site-packages:/home/ubuntuuser/ros2_ws/install/crazyflie_examples/lib/python3.12/site-packages:/opt/ros/jazzy/lib/python3.12/site-packages VIRTUAL_ENV_PROMPT=(.venv) /usr/bin/cmake --install /home/ubuntuuser/ros2_ws/build/crazyflie_examples
[10.863s] Level 1:colcon.colcon_core.environment:checking '/home/ubuntuuser/ros2_ws/install/crazyflie_examples' for CMake config files
[10.863s] Level 1:colcon.colcon_core.shell:create_environment_hook('crazyflie_examples', 'cmake_prefix_path')
[10.864s] INFO:colcon.colcon_core.shell:Creating environment hook '/home/ubuntuuser/ros2_ws/install/crazyflie_examples/share/crazyflie_examples/hook/cmake_prefix_path.ps1'
[10.865s] INFO:colcon.colcon_core.shell:Creating environment descriptor '/home/ubuntuuser/ros2_ws/install/crazyflie_examples/share/crazyflie_examples/hook/cmake_prefix_path.dsv'
[10.866s] INFO:colcon.colcon_core.shell:Creating environment hook '/home/ubuntuuser/ros2_ws/install/crazyflie_examples/share/crazyflie_examples/hook/cmake_prefix_path.sh'
[10.869s] Level 1:colcon.colcon_core.environment:checking '/home/ubuntuuser/ros2_ws/install/crazyflie_examples/lib'
[10.869s] Level 1:colcon.colcon_core.environment:checking '/home/ubuntuuser/ros2_ws/install/crazyflie_examples/bin'
[10.869s] Level 1:colcon.colcon_core.environment:checking '/home/ubuntuuser/ros2_ws/install/crazyflie_examples/lib/pkgconfig/crazyflie_examples.pc'
[10.870s] Level 1:colcon.colcon_core.environment:checking '/home/ubuntuuser/ros2_ws/install/crazyflie_examples/lib/python3.12/site-packages'
[10.870s] Level 1:colcon.colcon_core.shell:create_environment_hook('crazyflie_examples', 'pythonpath')
[10.870s] INFO:colcon.colcon_core.shell:Creating environment hook '/home/ubuntuuser/ros2_ws/install/crazyflie_examples/share/crazyflie_examples/hook/pythonpath.ps1'
[10.871s] INFO:colcon.colcon_core.shell:Creating environment descriptor '/home/ubuntuuser/ros2_ws/install/crazyflie_examples/share/crazyflie_examples/hook/pythonpath.dsv'
[10.873s] INFO:colcon.colcon_core.shell:Creating environment hook '/home/ubuntuuser/ros2_ws/install/crazyflie_examples/share/crazyflie_examples/hook/pythonpath.sh'
[10.875s] Level 1:colcon.colcon_core.environment:checking '/home/ubuntuuser/ros2_ws/install/crazyflie_examples/bin'
[10.876s] INFO:colcon.colcon_core.shell:Creating package script '/home/ubuntuuser/ros2_ws/install/crazyflie_examples/share/crazyflie_examples/package.ps1'
[10.878s] INFO:colcon.colcon_core.shell:Creating package descriptor '/home/ubuntuuser/ros2_ws/install/crazyflie_examples/share/crazyflie_examples/package.dsv'
[10.880s] INFO:colcon.colcon_core.shell:Creating package script '/home/ubuntuuser/ros2_ws/install/crazyflie_examples/share/crazyflie_examples/package.sh'
[10.883s] INFO:colcon.colcon_core.shell:Creating package script '/home/ubuntuuser/ros2_ws/install/crazyflie_examples/share/crazyflie_examples/package.bash'
[10.884s] INFO:colcon.colcon_core.shell:Creating package script '/home/ubuntuuser/ros2_ws/install/crazyflie_examples/share/crazyflie_examples/package.zsh'
[10.886s] Level 1:colcon.colcon_core.environment:create_file_with_runtime_dependencies(/home/ubuntuuser/ros2_ws/install/crazyflie_examples/share/colcon-core/packages/crazyflie_examples)
[10.887s] Level 1:colcon.colcon_core.environment:create_environment_scripts_only(crazyflie_examples)
[10.888s] Level 1:colcon.colcon_core.environment:checking '/home/ubuntuuser/ros2_ws/install/crazyflie_examples' for CMake module files
[10.889s] Level 1:colcon.colcon_core.environment:checking '/home/ubuntuuser/ros2_ws/install/crazyflie_examples' for CMake config files
[10.889s] Level 1:colcon.colcon_core.shell:create_environment_hook('crazyflie_examples', 'cmake_prefix_path')
[10.890s] INFO:colcon.colcon_core.shell:Creating environment hook '/home/ubuntuuser/ros2_ws/install/crazyflie_examples/share/crazyflie_examples/hook/cmake_prefix_path.ps1'
[10.893s] INFO:colcon.colcon_core.shell:Creating environment descriptor '/home/ubuntuuser/ros2_ws/install/crazyflie_examples/share/crazyflie_examples/hook/cmake_prefix_path.dsv'
[10.895s] INFO:colcon.colcon_core.shell:Creating environment hook '/home/ubuntuuser/ros2_ws/install/crazyflie_examples/share/crazyflie_examples/hook/cmake_prefix_path.sh'
[10.897s] Level 1:colcon.colcon_core.environment:checking '/home/ubuntuuser/ros2_ws/install/crazyflie_examples/lib'
[10.898s] Level 1:colcon.colcon_core.environment:checking '/home/ubuntuuser/ros2_ws/install/crazyflie_examples/bin'
[10.898s] Level 1:colcon.colcon_core.environment:checking '/home/ubuntuuser/ros2_ws/install/crazyflie_examples/lib/pkgconfig/crazyflie_examples.pc'
[10.898s] Level 1:colcon.colcon_core.environment:checking '/home/ubuntuuser/ros2_ws/install/crazyflie_examples/lib/python3.12/site-packages'
[10.899s] Level 1:colcon.colcon_core.shell:create_environment_hook('crazyflie_examples', 'pythonpath')
[10.899s] INFO:colcon.colcon_core.shell:Creating environment hook '/home/ubuntuuser/ros2_ws/install/crazyflie_examples/share/crazyflie_examples/hook/pythonpath.ps1'
[10.900s] INFO:colcon.colcon_core.shell:Creating environment descriptor '/home/ubuntuuser/ros2_ws/install/crazyflie_examples/share/crazyflie_examples/hook/pythonpath.dsv'
[10.902s] INFO:colcon.colcon_core.shell:Creating environment hook '/home/ubuntuuser/ros2_ws/install/crazyflie_examples/share/crazyflie_examples/hook/pythonpath.sh'
[10.905s] Level 1:colcon.colcon_core.environment:checking '/home/ubuntuuser/ros2_ws/install/crazyflie_examples/bin'
[10.906s] INFO:colcon.colcon_core.shell:Creating package script '/home/ubuntuuser/ros2_ws/install/crazyflie_examples/share/crazyflie_examples/package.ps1'
[10.908s] INFO:colcon.colcon_core.shell:Creating package descriptor '/home/ubuntuuser/ros2_ws/install/crazyflie_examples/share/crazyflie_examples/package.dsv'
[10.910s] INFO:colcon.colcon_core.shell:Creating package script '/home/ubuntuuser/ros2_ws/install/crazyflie_examples/share/crazyflie_examples/package.sh'
[10.911s] INFO:colcon.colcon_core.shell:Creating package script '/home/ubuntuuser/ros2_ws/install/crazyflie_examples/share/crazyflie_examples/package.bash'
[10.913s] INFO:colcon.colcon_core.shell:Creating package script '/home/ubuntuuser/ros2_ws/install/crazyflie_examples/share/crazyflie_examples/package.zsh'
[10.915s] Level 1:colcon.colcon_core.environment:create_file_with_runtime_dependencies(/home/ubuntuuser/ros2_ws/install/crazyflie_examples/share/colcon-core/packages/crazyflie_examples)
[10.917s] DEBUG:colcon.colcon_parallel_executor.executor.parallel:closing loop
[10.919s] DEBUG:colcon.colcon_parallel_executor.executor.parallel:loop closed
[10.919s] DEBUG:colcon.colcon_parallel_executor.executor.parallel:run_until_complete finished with '0'
[10.919s] DEBUG:colcon.colcon_core.event_reactor:joining thread
[10.923s] INFO:colcon.colcon_core.plugin_system:Skipping extension 'colcon_notification.desktop_notification.notify2': 'notify2' not found
[10.924s] INFO:colcon.colcon_core.plugin_system:Skipping extension 'colcon_notification.desktop_notification.terminal_notifier': Not used on non-Darwin systems
[10.924s] INFO:colcon.colcon_core.plugin_system:Skipping extension 'colcon_notification.desktop_notification.win32': Not used on non-Windows systems
[10.925s] INFO:colcon.colcon_notification.desktop_notification:Sending desktop notification using 'notify_send'
[11.033s] DEBUG:colcon.colcon_core.event_reactor:joined thread
[11.034s] INFO:colcon.colcon_core.shell:Creating prefix script '/home/ubuntuuser/ros2_ws/install/local_setup.ps1'
[11.037s] INFO:colcon.colcon_core.shell:Creating prefix util module '/home/ubuntuuser/ros2_ws/install/_local_setup_util_ps1.py'
[11.040s] INFO:colcon.colcon_core.shell:Creating prefix chain script '/home/ubuntuuser/ros2_ws/install/setup.ps1'
[11.044s] INFO:colcon.colcon_core.shell:Creating prefix script '/home/ubuntuuser/ros2_ws/install/local_setup.sh'
[11.045s] INFO:colcon.colcon_core.shell:Creating prefix util module '/home/ubuntuuser/ros2_ws/install/_local_setup_util_sh.py'
[11.049s] INFO:colcon.colcon_core.shell:Creating prefix chain script '/home/ubuntuuser/ros2_ws/install/setup.sh'
[11.052s] INFO:colcon.colcon_core.shell:Creating prefix script '/home/ubuntuuser/ros2_ws/install/local_setup.bash'
[11.054s] INFO:colcon.colcon_core.shell:Creating prefix chain script '/home/ubuntuuser/ros2_ws/install/setup.bash'
[11.057s] INFO:colcon.colcon_core.shell:Creating prefix script '/home/ubuntuuser/ros2_ws/install/local_setup.zsh'
[11.059s] INFO:colcon.colcon_core.shell:Creating prefix chain script '/home/ubuntuuser/ros2_ws/install/setup.zsh'
