[0.062s] Invoking command in '/home/ubuntuuser/ros2_ws/build/crazyflie_interfaces': CMAKE_PREFIX_PATH=${CMAKE_PREFIX_PATH}:/home/ubuntuuser/ros2_ws/install/turtlebot3_trailer:/home/ubuntuuser/ros2_ws/install/r7021e_exploration:/home/ubuntuuser/ros2_ws/install/crazyflie_py:/opt/ros/jazzy DEBUGINFOD_URLS=https://debuginfod.ubuntu.com PS1=(.venv) \[\e]0;\u@\h: \w\a\]${debian_chroot:+($debian_chroot)}\[\033[01;32m\]\u@\h\[\033[00m\]:\[\033[01;34m\]\w\[\033[00m\]\$ VIRTUAL_ENV_PROMPT=(.venv) /usr/bin/cmake --build /home/ubuntuuser/ros2_ws/build/crazyflie_interfaces -- -j4 -l4
[0.298s] [  0%] Built target crazyflie_interfaces__rosidl_generator_type_description
[0.390s] [  0%] Built target ament_cmake_python_copy_crazyflie_interfaces
[0.401s] [  0%] Built target crazyflie_interfaces__cpp
[0.430s] [ 28%] Built target crazyflie_interfaces__rosidl_generator_c
[0.527s] [ 38%] Built target crazyflie_interfaces__rosidl_typesupport_cpp
[0.546s] [ 48%] Built target crazyflie_interfaces__rosidl_typesupport_fastrtps_c
[0.555s] [ 57%] Built target crazyflie_interfaces__rosidl_typesupport_fastrtps_cpp
[0.638s] [ 67%] Built target crazyflie_interfaces__rosidl_typesupport_c
[0.644s] [ 77%] Built target crazyflie_interfaces__rosidl_typesupport_introspection_c
[0.655s] [ 87%] Built target crazyflie_interfaces__rosidl_typesupport_introspection_cpp
[0.761s] [ 87%] Built target crazyflie_interfaces
[0.819s] [ 87%] Built target crazyflie_interfaces__py
[0.882s] running egg_info
[0.912s] writing crazyflie_interfaces.egg-info/PKG-INFO
[0.915s] writing dependency_links to crazyflie_interfaces.egg-info/dependency_links.txt
[0.915s] writing top-level names to crazyflie_interfaces.egg-info/top_level.txt
[0.925s] [ 97%] Built target crazyflie_interfaces__rosidl_generator_py
[1.029s] [ 98%] Built target crazyflie_interfaces_s__rosidl_typesupport_c
[1.033s] [ 99%] Built target crazyflie_interfaces_s__rosidl_typesupport_fastrtps_c
[1.038s] [100%] Built target crazyflie_interfaces_s__rosidl_typesupport_introspection_c
[1.049s] reading manifest file 'crazyflie_interfaces.egg-info/SOURCES.txt'
[1.052s] writing manifest file 'crazyflie_interfaces.egg-info/SOURCES.txt'
[1.109s] [100%] Built target ament_cmake_python_build_crazyflie_interfaces_egg
[1.262s] Invoked command in '/home/ubuntuuser/ros2_ws/build/crazyflie_interfaces' returned '0': CMAKE_PREFIX_PATH=${CMAKE_PREFIX_PATH}:/home/ubuntuuser/ros2_ws/install/turtlebot3_trailer:/home/ubuntuuser/ros2_ws/install/r7021e_exploration:/home/ubuntuuser/ros2_ws/install/crazyflie_py:/opt/ros/jazzy DEBUGINFOD_URLS=https://debuginfod.ubuntu.com PS1=(.venv) \[\e]0;\u@\h: \w\a\]${debian_chroot:+($debian_chroot)}\[\033[01;32m\]\u@\h\[\033[00m\]:\[\033[01;34m\]\w\[\033[00m\]\$ VIRTUAL_ENV_PROMPT=(.venv) /usr/bin/cmake --build /home/ubuntuuser/ros2_ws/build/crazyflie_interfaces -- -j4 -l4
[1.262s] Invoking command in '/home/ubuntuuser/ros2_ws/build/crazyflie_interfaces': CMAKE_PREFIX_PATH=${CMAKE_PREFIX_PATH}:/home/ubuntuuser/ros2_ws/install/turtlebot3_trailer:/home/ubuntuuser/ros2_ws/install/r7021e_exploration:/home/ubuntuuser/ros2_ws/install/crazyflie_py:/opt/ros/jazzy DEBUGINFOD_URLS=https://debuginfod.ubuntu.com PS1=(.venv) \[\e]0;\u@\h: \w\a\]${debian_chroot:+($debian_chroot)}\[\033[01;32m\]\u@\h\[\033[00m\]:\[\033[01;34m\]\w\[\033[00m\]\$ VIRTUAL_ENV_PROMPT=(.venv) /usr/bin/cmake --install /home/ubuntuuser/ros2_ws/build/crazyflie_interfaces
[1.291s] -- Install configuration: ""
[1.291s] -- Up-to-date: /home/ubuntuuser/ros2_ws/install/crazyflie_interfaces/share/ament_index/resource_index/rosidl_interfaces/crazyflie_interfaces
[1.294s] -- Up-to-date: /home/ubuntuuser/ros2_ws/install/crazyflie_interfaces/share/crazyflie_interfaces/msg/ConnectionStatistics.json
[1.294s] -- Up-to-date: /home/ubuntuuser/ros2_ws/install/crazyflie_interfaces/share/crazyflie_interfaces/msg/ConnectionStatisticsArray.json
[1.294s] -- Up-to-date: /home/ubuntuuser/ros2_ws/install/crazyflie_interfaces/share/crazyflie_interfaces/msg/FullState.json
[1.295s] -- Up-to-date: /home/ubuntuuser/ros2_ws/install/crazyflie_interfaces/share/crazyflie_interfaces/msg/LogDataGeneric.json
[1.295s] -- Up-to-date: /home/ubuntuuser/ros2_ws/install/crazyflie_interfaces/share/crazyflie_interfaces/msg/Hover.json
[1.295s] -- Up-to-date: /home/ubuntuuser/ros2_ws/install/crazyflie_interfaces/share/crazyflie_interfaces/msg/LogBlock.json
[1.295s] -- Up-to-date: /home/ubuntuuser/ros2_ws/install/crazyflie_interfaces/share/crazyflie_interfaces/msg/Position.json
[1.295s] -- Up-to-date: /home/ubuntuuser/ros2_ws/install/crazyflie_interfaces/share/crazyflie_interfaces/msg/Status.json
[1.295s] -- Up-to-date: /home/ubuntuuser/ros2_ws/install/crazyflie_interfaces/share/crazyflie_interfaces/msg/TrajectoryPolynomialPiece.json
[1.307s] -- Up-to-date: /home/ubuntuuser/ros2_ws/install/crazyflie_interfaces/share/crazyflie_interfaces/msg/VelocityWorld.json
[1.307s] -- Up-to-date: /home/ubuntuuser/ros2_ws/install/crazyflie_interfaces/share/crazyflie_interfaces/srv/GoTo.json
[1.307s] -- Up-to-date: /home/ubuntuuser/ros2_ws/install/crazyflie_interfaces/share/crazyflie_interfaces/srv/Land.json
[1.307s] -- Up-to-date: /home/ubuntuuser/ros2_ws/install/crazyflie_interfaces/share/crazyflie_interfaces/srv/NotifySetpointsStop.json
[1.307s] -- Up-to-date: /home/ubuntuuser/ros2_ws/install/crazyflie_interfaces/share/crazyflie_interfaces/srv/SetGroupMask.json
[1.307s] -- Up-to-date: /home/ubuntuuser/ros2_ws/install/crazyflie_interfaces/share/crazyflie_interfaces/srv/StartTrajectory.json
[1.308s] -- Up-to-date: /home/ubuntuuser/ros2_ws/install/crazyflie_interfaces/share/crazyflie_interfaces/srv/Stop.json
[1.308s] -- Up-to-date: /home/ubuntuuser/ros2_ws/install/crazyflie_interfaces/share/crazyflie_interfaces/srv/Takeoff.json
[1.308s] -- Up-to-date: /home/ubuntuuser/ros2_ws/install/crazyflie_interfaces/share/crazyflie_interfaces/srv/UpdateParams.json
[1.308s] -- Up-to-date: /home/ubuntuuser/ros2_ws/install/crazyflie_interfaces/share/crazyflie_interfaces/srv/UploadTrajectory.json
[1.308s] -- Up-to-date: /home/ubuntuuser/ros2_ws/install/crazyflie_interfaces/share/crazyflie_interfaces/srv/RemoveLogging.json
[1.308s] -- Up-to-date: /home/ubuntuuser/ros2_ws/install/crazyflie_interfaces/share/crazyflie_interfaces/srv/AddLogging.json
[1.309s] -- Up-to-date: /home/ubuntuuser/ros2_ws/install/crazyflie_interfaces/share/crazyflie_interfaces/srv/Arm.json
[1.309s] -- Up-to-date: /home/ubuntuuser/ros2_ws/install/crazyflie_interfaces/include/crazyflie_interfaces/crazyflie_interfaces
[1.309s] -- Up-to-date: /home/ubuntuuser/ros2_ws/install/crazyflie_interfaces/include/crazyflie_interfaces/crazyflie_interfaces/msg
[1.309s] -- Up-to-date: /home/ubuntuuser/ros2_ws/install/crazyflie_interfaces/include/crazyflie_interfaces/crazyflie_interfaces/msg/connection_statistics_array.h
[1.313s] -- Up-to-date: /home/ubuntuuser/ros2_ws/install/crazyflie_interfaces/include/crazyflie_interfaces/crazyflie_interfaces/msg/detail
[1.314s] -- Installing: /home/ubuntuuser/ros2_ws/install/crazyflie_interfaces/include/crazyflie_interfaces/crazyflie_interfaces/msg/detail/velocity_world__type_support.c
[1.314s] -- Up-to-date: /home/ubuntuuser/ros2_ws/install/crazyflie_interfaces/include/crazyflie_interfaces/crazyflie_interfaces/msg/detail/full_state__description.c
[1.314s] -- Up-to-date: /home/ubuntuuser/ros2_ws/install/crazyflie_interfaces/include/crazyflie_interfaces/crazyflie_interfaces/msg/detail/connection_statistics_array__functions.h
[1.314s] -- Up-to-date: /home/ubuntuuser/ros2_ws/install/crazyflie_interfaces/include/crazyflie_interfaces/crazyflie_interfaces/msg/detail/log_block__functions.c
[1.315s] -- Up-to-date: /home/ubuntuuser/ros2_ws/install/crazyflie_interfaces/include/crazyflie_interfaces/crazyflie_interfaces/msg/detail/hover__functions.h
[1.315s] -- Up-to-date: /home/ubuntuuser/ros2_ws/install/crazyflie_interfaces/include/crazyflie_interfaces/crazyflie_interfaces/msg/detail/position__functions.h
[1.315s] -- Installing: /home/ubuntuuser/ros2_ws/install/crazyflie_interfaces/include/crazyflie_interfaces/crazyflie_interfaces/msg/detail/log_block__type_support.c
[1.315s] -- Up-to-date: /home/ubuntuuser/ros2_ws/install/crazyflie_interfaces/include/crazyflie_interfaces/crazyflie_interfaces/msg/detail/connection_statistics__struct.h
[1.319s] -- Up-to-date: /home/ubuntuuser/ros2_ws/install/crazyflie_interfaces/include/crazyflie_interfaces/crazyflie_interfaces/msg/detail/connection_statistics__description.c
[1.320s] -- Installing: /home/ubuntuuser/ros2_ws/install/crazyflie_interfaces/include/crazyflie_interfaces/crazyflie_interfaces/msg/detail/connection_statistics_array__type_support.c
[1.320s] -- Up-to-date: /home/ubuntuuser/ros2_ws/install/crazyflie_interfaces/include/crazyflie_interfaces/crazyflie_interfaces/msg/detail/velocity_world__struct.h
[1.324s] -- Up-to-date: /home/ubuntuuser/ros2_ws/install/crazyflie_interfaces/include/crazyflie_interfaces/crazyflie_interfaces/msg/detail/full_state__struct.h
[1.325s] -- Up-to-date: /home/ubuntuuser/ros2_ws/install/crazyflie_interfaces/include/crazyflie_interfaces/crazyflie_interfaces/msg/detail/status__type_support.h
[1.325s] -- Up-to-date: /home/ubuntuuser/ros2_ws/install/crazyflie_interfaces/include/crazyflie_interfaces/crazyflie_interfaces/msg/detail/full_state__functions.h
[1.325s] -- Up-to-date: /home/ubuntuuser/ros2_ws/install/crazyflie_interfaces/include/crazyflie_interfaces/crazyflie_interfaces/msg/detail/log_block__type_support.h
[1.325s] -- Up-to-date: /home/ubuntuuser/ros2_ws/install/crazyflie_interfaces/include/crazyflie_interfaces/crazyflie_interfaces/msg/detail/connection_statistics_array__struct.h
[1.325s] -- Up-to-date: /home/ubuntuuser/ros2_ws/install/crazyflie_interfaces/include/crazyflie_interfaces/crazyflie_interfaces/msg/detail/status__struct.h
[1.329s] -- Up-to-date: /home/ubuntuuser/ros2_ws/install/crazyflie_interfaces/include/crazyflie_interfaces/crazyflie_interfaces/msg/detail/log_block__functions.h
[1.329s] -- Up-to-date: /home/ubuntuuser/ros2_ws/install/crazyflie_interfaces/include/crazyflie_interfaces/crazyflie_interfaces/msg/detail/trajectory_polynomial_piece__description.c
[1.330s] -- Up-to-date: /home/ubuntuuser/ros2_ws/install/crazyflie_interfaces/include/crazyflie_interfaces/crazyflie_interfaces/msg/detail/log_block__description.c
[1.330s] -- Up-to-date: /home/ubuntuuser/ros2_ws/install/crazyflie_interfaces/include/crazyflie_interfaces/crazyflie_interfaces/msg/detail/log_data_generic__struct.h
[1.330s] -- Up-to-date: /home/ubuntuuser/ros2_ws/install/crazyflie_interfaces/include/crazyflie_interfaces/crazyflie_interfaces/msg/detail/full_state__type_support.h
[1.330s] -- Up-to-date: /home/ubuntuuser/ros2_ws/install/crazyflie_interfaces/include/crazyflie_interfaces/crazyflie_interfaces/msg/detail/trajectory_polynomial_piece__functions.c
[1.330s] -- Up-to-date: /home/ubuntuuser/ros2_ws/install/crazyflie_interfaces/include/crazyflie_interfaces/crazyflie_interfaces/msg/detail/connection_statistics_array__description.c
[1.330s] -- Up-to-date: /home/ubuntuuser/ros2_ws/install/crazyflie_interfaces/include/crazyflie_interfaces/crazyflie_interfaces/msg/detail/log_data_generic__type_support.h
[1.330s] -- Up-to-date: /home/ubuntuuser/ros2_ws/install/crazyflie_interfaces/include/crazyflie_interfaces/crazyflie_interfaces/msg/detail/hover__functions.c
[1.330s] -- Up-to-date: /home/ubuntuuser/ros2_ws/install/crazyflie_interfaces/include/crazyflie_interfaces/crazyflie_interfaces/msg/detail/log_block__struct.h
[1.330s] -- Up-to-date: /home/ubuntuuser/ros2_ws/install/crazyflie_interfaces/include/crazyflie_interfaces/crazyflie_interfaces/msg/detail/velocity_world__functions.h
[1.331s] -- Up-to-date: /home/ubuntuuser/ros2_ws/install/crazyflie_interfaces/include/crazyflie_interfaces/crazyflie_interfaces/msg/detail/status__functions.c
[1.331s] -- Installing: /home/ubuntuuser/ros2_ws/install/crazyflie_interfaces/include/crazyflie_interfaces/crazyflie_interfaces/msg/detail/status__type_support.c
[1.332s] -- Up-to-date: /home/ubuntuuser/ros2_ws/install/crazyflie_interfaces/include/crazyflie_interfaces/crazyflie_interfaces/msg/detail/trajectory_polynomial_piece__struct.h
[1.332s] -- Up-to-date: /home/ubuntuuser/ros2_ws/install/crazyflie_interfaces/include/crazyflie_interfaces/crazyflie_interfaces/msg/detail/position__functions.c
[1.333s] -- Installing: /home/ubuntuuser/ros2_ws/install/crazyflie_interfaces/include/crazyflie_interfaces/crazyflie_interfaces/msg/detail/full_state__type_support.c
[1.334s] -- Up-to-date: /home/ubuntuuser/ros2_ws/install/crazyflie_interfaces/include/crazyflie_interfaces/crazyflie_interfaces/msg/detail/connection_statistics__functions.h
[1.335s] -- Up-to-date: /home/ubuntuuser/ros2_ws/install/crazyflie_interfaces/include/crazyflie_interfaces/crazyflie_interfaces/msg/detail/log_data_generic__functions.h
[1.335s] -- Up-to-date: /home/ubuntuuser/ros2_ws/install/crazyflie_interfaces/include/crazyflie_interfaces/crazyflie_interfaces/msg/detail/connection_statistics_array__type_support.h
[1.335s] -- Up-to-date: /home/ubuntuuser/ros2_ws/install/crazyflie_interfaces/include/crazyflie_interfaces/crazyflie_interfaces/msg/detail/full_state__functions.c
[1.335s] -- Up-to-date: /home/ubuntuuser/ros2_ws/install/crazyflie_interfaces/include/crazyflie_interfaces/crazyflie_interfaces/msg/detail/velocity_world__description.c
[1.335s] -- Installing: /home/ubuntuuser/ros2_ws/install/crazyflie_interfaces/include/crazyflie_interfaces/crazyflie_interfaces/msg/detail/log_data_generic__type_support.c
[1.335s] -- Up-to-date: /home/ubuntuuser/ros2_ws/install/crazyflie_interfaces/include/crazyflie_interfaces/crazyflie_interfaces/msg/detail/connection_statistics_array__functions.c
[1.335s] -- Up-to-date: /home/ubuntuuser/ros2_ws/install/crazyflie_interfaces/include/crazyflie_interfaces/crazyflie_interfaces/msg/detail/trajectory_polynomial_piece__type_support.h
[1.335s] -- Up-to-date: /home/ubuntuuser/ros2_ws/install/crazyflie_interfaces/include/crazyflie_interfaces/crazyflie_interfaces/msg/detail/status__description.c
[1.336s] -- Up-to-date: /home/ubuntuuser/ros2_ws/install/crazyflie_interfaces/include/crazyflie_interfaces/crazyflie_interfaces/msg/detail/velocity_world__functions.c
[1.336s] -- Up-to-date: /home/ubuntuuser/ros2_ws/install/crazyflie_interfaces/include/crazyflie_interfaces/crazyflie_interfaces/msg/detail/status__functions.h
[1.336s] -- Up-to-date: /home/ubuntuuser/ros2_ws/install/crazyflie_interfaces/include/crazyflie_interfaces/crazyflie_interfaces/msg/detail/hover__type_support.h
[1.336s] -- Up-to-date: /home/ubuntuuser/ros2_ws/install/crazyflie_interfaces/include/crazyflie_interfaces/crazyflie_interfaces/msg/detail/connection_statistics__functions.c
[1.336s] -- Installing: /home/ubuntuuser/ros2_ws/install/crazyflie_interfaces/include/crazyflie_interfaces/crazyflie_interfaces/msg/detail/trajectory_polynomial_piece__type_support.c
[1.336s] -- Up-to-date: /home/ubuntuuser/ros2_ws/install/crazyflie_interfaces/include/crazyflie_interfaces/crazyflie_interfaces/msg/detail/position__description.c
[1.336s] -- Up-to-date: /home/ubuntuuser/ros2_ws/install/crazyflie_interfaces/include/crazyflie_interfaces/crazyflie_interfaces/msg/detail/position__struct.h
[1.337s] -- Up-to-date: /home/ubuntuuser/ros2_ws/install/crazyflie_interfaces/include/crazyflie_interfaces/crazyflie_interfaces/msg/detail/velocity_world__type_support.h
[1.337s] -- Up-to-date: /home/ubuntuuser/ros2_ws/install/crazyflie_interfaces/include/crazyflie_interfaces/crazyflie_interfaces/msg/detail/position__type_support.h
[1.338s] -- Up-to-date: /home/ubuntuuser/ros2_ws/install/crazyflie_interfaces/include/crazyflie_interfaces/crazyflie_interfaces/msg/detail/hover__struct.h
[1.338s] -- Installing: /home/ubuntuuser/ros2_ws/install/crazyflie_interfaces/include/crazyflie_interfaces/crazyflie_interfaces/msg/detail/hover__type_support.c
[1.339s] -- Up-to-date: /home/ubuntuuser/ros2_ws/install/crazyflie_interfaces/include/crazyflie_interfaces/crazyflie_interfaces/msg/detail/connection_statistics__type_support.h
[1.339s] -- Up-to-date: /home/ubuntuuser/ros2_ws/install/crazyflie_interfaces/include/crazyflie_interfaces/crazyflie_interfaces/msg/detail/log_data_generic__description.c
[1.339s] -- Installing: /home/ubuntuuser/ros2_ws/install/crazyflie_interfaces/include/crazyflie_interfaces/crazyflie_interfaces/msg/detail/connection_statistics__type_support.c
[1.339s] -- Installing: /home/ubuntuuser/ros2_ws/install/crazyflie_interfaces/include/crazyflie_interfaces/crazyflie_interfaces/msg/detail/position__type_support.c
[1.340s] -- Up-to-date: /home/ubuntuuser/ros2_ws/install/crazyflie_interfaces/include/crazyflie_interfaces/crazyflie_interfaces/msg/detail/hover__description.c
[1.340s] -- Up-to-date: /home/ubuntuuser/ros2_ws/install/crazyflie_interfaces/include/crazyflie_interfaces/crazyflie_interfaces/msg/detail/log_data_generic__functions.c
[1.340s] -- Up-to-date: /home/ubuntuuser/ros2_ws/install/crazyflie_interfaces/include/crazyflie_interfaces/crazyflie_interfaces/msg/detail/trajectory_polynomial_piece__functions.h
[1.343s] -- Up-to-date: /home/ubuntuuser/ros2_ws/install/crazyflie_interfaces/include/crazyflie_interfaces/crazyflie_interfaces/msg/status.h
[1.344s] -- Up-to-date: /home/ubuntuuser/ros2_ws/install/crazyflie_interfaces/include/crazyflie_interfaces/crazyflie_interfaces/msg/trajectory_polynomial_piece.h
[1.344s] -- Up-to-date: /home/ubuntuuser/ros2_ws/install/crazyflie_interfaces/include/crazyflie_interfaces/crazyflie_interfaces/msg/log_data_generic.h
[1.344s] -- Up-to-date: /home/ubuntuuser/ros2_ws/install/crazyflie_interfaces/include/crazyflie_interfaces/crazyflie_interfaces/msg/log_block.h
[1.344s] -- Up-to-date: /home/ubuntuuser/ros2_ws/install/crazyflie_interfaces/include/crazyflie_interfaces/crazyflie_interfaces/msg/position.h
[1.344s] -- Up-to-date: /home/ubuntuuser/ros2_ws/install/crazyflie_interfaces/include/crazyflie_interfaces/crazyflie_interfaces/msg/connection_statistics.h
[1.344s] -- Up-to-date: /home/ubuntuuser/ros2_ws/install/crazyflie_interfaces/include/crazyflie_interfaces/crazyflie_interfaces/msg/full_state.h
[1.344s] -- Up-to-date: /home/ubuntuuser/ros2_ws/install/crazyflie_interfaces/include/crazyflie_interfaces/crazyflie_interfaces/msg/hover.h
[1.344s] -- Up-to-date: /home/ubuntuuser/ros2_ws/install/crazyflie_interfaces/include/crazyflie_interfaces/crazyflie_interfaces/msg/rosidl_generator_c__visibility_control.h
[1.344s] -- Up-to-date: /home/ubuntuuser/ros2_ws/install/crazyflie_interfaces/include/crazyflie_interfaces/crazyflie_interfaces/msg/velocity_world.h
[1.344s] -- Up-to-date: /home/ubuntuuser/ros2_ws/install/crazyflie_interfaces/include/crazyflie_interfaces/crazyflie_interfaces/srv
[1.344s] -- Up-to-date: /home/ubuntuuser/ros2_ws/install/crazyflie_interfaces/include/crazyflie_interfaces/crazyflie_interfaces/srv/update_params.h
[1.344s] -- Up-to-date: /home/ubuntuuser/ros2_ws/install/crazyflie_interfaces/include/crazyflie_interfaces/crazyflie_interfaces/srv/detail
[1.344s] -- Up-to-date: /home/ubuntuuser/ros2_ws/install/crazyflie_interfaces/include/crazyflie_interfaces/crazyflie_interfaces/srv/detail/arm__functions.c
[1.345s] -- Installing: /home/ubuntuuser/ros2_ws/install/crazyflie_interfaces/include/crazyflie_interfaces/crazyflie_interfaces/srv/detail/update_params__type_support.c
[1.345s] -- Up-to-date: /home/ubuntuuser/ros2_ws/install/crazyflie_interfaces/include/crazyflie_interfaces/crazyflie_interfaces/srv/detail/takeoff__description.c
[1.345s] -- Up-to-date: /home/ubuntuuser/ros2_ws/install/crazyflie_interfaces/include/crazyflie_interfaces/crazyflie_interfaces/srv/detail/notify_setpoints_stop__type_support.h
[1.345s] -- Up-to-date: /home/ubuntuuser/ros2_ws/install/crazyflie_interfaces/include/crazyflie_interfaces/crazyflie_interfaces/srv/detail/land__description.c
[1.345s] -- Up-to-date: /home/ubuntuuser/ros2_ws/install/crazyflie_interfaces/include/crazyflie_interfaces/crazyflie_interfaces/srv/detail/arm__type_support.h
[1.345s] -- Up-to-date: /home/ubuntuuser/ros2_ws/install/crazyflie_interfaces/include/crazyflie_interfaces/crazyflie_interfaces/srv/detail/update_params__functions.c
[1.345s] -- Up-to-date: /home/ubuntuuser/ros2_ws/install/crazyflie_interfaces/include/crazyflie_interfaces/crazyflie_interfaces/srv/detail/stop__struct.h
[1.345s] -- Up-to-date: /home/ubuntuuser/ros2_ws/install/crazyflie_interfaces/include/crazyflie_interfaces/crazyflie_interfaces/srv/detail/remove_logging__struct.h
[1.345s] -- Up-to-date: /home/ubuntuuser/ros2_ws/install/crazyflie_interfaces/include/crazyflie_interfaces/crazyflie_interfaces/srv/detail/add_logging__type_support.h
[1.346s] -- Up-to-date: /home/ubuntuuser/ros2_ws/install/crazyflie_interfaces/include/crazyflie_interfaces/crazyflie_interfaces/srv/detail/set_group_mask__functions.c
[1.346s] -- Up-to-date: /home/ubuntuuser/ros2_ws/install/crazyflie_interfaces/include/crazyflie_interfaces/crazyflie_interfaces/srv/detail/upload_trajectory__type_support.h
[1.346s] -- Up-to-date: /home/ubuntuuser/ros2_ws/install/crazyflie_interfaces/include/crazyflie_interfaces/crazyflie_interfaces/srv/detail/upload_trajectory__functions.h
[1.346s] -- Installing: /home/ubuntuuser/ros2_ws/install/crazyflie_interfaces/include/crazyflie_interfaces/crazyflie_interfaces/srv/detail/add_logging__type_support.c
[1.346s] -- Up-to-date: /home/ubuntuuser/ros2_ws/install/crazyflie_interfaces/include/crazyflie_interfaces/crazyflie_interfaces/srv/detail/start_trajectory__description.c
[1.346s] -- Up-to-date: /home/ubuntuuser/ros2_ws/install/crazyflie_interfaces/include/crazyflie_interfaces/crazyflie_interfaces/srv/detail/update_params__type_support.h
[1.346s] -- Installing: /home/ubuntuuser/ros2_ws/install/crazyflie_interfaces/include/crazyflie_interfaces/crazyflie_interfaces/srv/detail/start_trajectory__type_support.c
[1.346s] -- Up-to-date: /home/ubuntuuser/ros2_ws/install/crazyflie_interfaces/include/crazyflie_interfaces/crazyflie_interfaces/srv/detail/start_trajectory__struct.h
[1.347s] -- Up-to-date: /home/ubuntuuser/ros2_ws/install/crazyflie_interfaces/include/crazyflie_interfaces/crazyflie_interfaces/srv/detail/upload_trajectory__functions.c
[1.347s] -- Up-to-date: /home/ubuntuuser/ros2_ws/install/crazyflie_interfaces/include/crazyflie_interfaces/crazyflie_interfaces/srv/detail/takeoff__functions.h
[1.347s] -- Up-to-date: /home/ubuntuuser/ros2_ws/install/crazyflie_interfaces/include/crazyflie_interfaces/crazyflie_interfaces/srv/detail/add_logging__struct.h
[1.347s] -- Up-to-date: /home/ubuntuuser/ros2_ws/install/crazyflie_interfaces/include/crazyflie_interfaces/crazyflie_interfaces/srv/detail/go_to__struct.h
[1.347s] -- Up-to-date: /home/ubuntuuser/ros2_ws/install/crazyflie_interfaces/include/crazyflie_interfaces/crazyflie_interfaces/srv/detail/notify_setpoints_stop__functions.c
[1.347s] -- Up-to-date: /home/ubuntuuser/ros2_ws/install/crazyflie_interfaces/include/crazyflie_interfaces/crazyflie_interfaces/srv/detail/remove_logging__functions.h
[1.347s] -- Installing: /home/ubuntuuser/ros2_ws/install/crazyflie_interfaces/include/crazyflie_interfaces/crazyflie_interfaces/srv/detail/land__type_support.c
[1.347s] -- Installing: /home/ubuntuuser/ros2_ws/install/crazyflie_interfaces/include/crazyflie_interfaces/crazyflie_interfaces/srv/detail/remove_logging__type_support.c
[1.347s] -- Up-to-date: /home/ubuntuuser/ros2_ws/install/crazyflie_interfaces/include/crazyflie_interfaces/crazyflie_interfaces/srv/detail/stop__type_support.h
[1.347s] -- Up-to-date: /home/ubuntuuser/ros2_ws/install/crazyflie_interfaces/include/crazyflie_interfaces/crazyflie_interfaces/srv/detail/set_group_mask__type_support.h
[1.348s] -- Up-to-date: /home/ubuntuuser/ros2_ws/install/crazyflie_interfaces/include/crazyflie_interfaces/crazyflie_interfaces/srv/detail/set_group_mask__struct.h
[1.348s] -- Installing: /home/ubuntuuser/ros2_ws/install/crazyflie_interfaces/include/crazyflie_interfaces/crazyflie_interfaces/srv/detail/arm__type_support.c
[1.348s] -- Up-to-date: /home/ubuntuuser/ros2_ws/install/crazyflie_interfaces/include/crazyflie_interfaces/crazyflie_interfaces/srv/detail/notify_setpoints_stop__functions.h
[1.348s] -- Installing: /home/ubuntuuser/ros2_ws/install/crazyflie_interfaces/include/crazyflie_interfaces/crazyflie_interfaces/srv/detail/stop__type_support.c
[1.348s] -- Up-to-date: /home/ubuntuuser/ros2_ws/install/crazyflie_interfaces/include/crazyflie_interfaces/crazyflie_interfaces/srv/detail/go_to__functions.h
[1.348s] -- Installing: /home/ubuntuuser/ros2_ws/install/crazyflie_interfaces/include/crazyflie_interfaces/crazyflie_interfaces/srv/detail/go_to__type_support.c
[1.349s] -- Up-to-date: /home/ubuntuuser/ros2_ws/install/crazyflie_interfaces/include/crazyflie_interfaces/crazyflie_interfaces/srv/detail/set_group_mask__functions.h
[1.351s] -- Up-to-date: /home/ubuntuuser/ros2_ws/install/crazyflie_interfaces/include/crazyflie_interfaces/crazyflie_interfaces/srv/detail/land__functions.h
[1.353s] -- Up-to-date: /home/ubuntuuser/ros2_ws/install/crazyflie_interfaces/include/crazyflie_interfaces/crazyflie_interfaces/srv/detail/upload_trajectory__struct.h
[1.354s] -- Installing: /home/ubuntuuser/ros2_ws/install/crazyflie_interfaces/include/crazyflie_interfaces/crazyflie_interfaces/srv/detail/notify_setpoints_stop__type_support.c
[1.354s] -- Up-to-date: /home/ubuntuuser/ros2_ws/install/crazyflie_interfaces/include/crazyflie_interfaces/crazyflie_interfaces/srv/detail/takeoff__type_support.h
[1.354s] -- Up-to-date: /home/ubuntuuser/ros2_ws/install/crazyflie_interfaces/include/crazyflie_interfaces/crazyflie_interfaces/srv/detail/stop__functions.h
[1.354s] -- Up-to-date: /home/ubuntuuser/ros2_ws/install/crazyflie_interfaces/include/crazyflie_interfaces/crazyflie_interfaces/srv/detail/add_logging__description.c
[1.356s] -- Up-to-date: /home/ubuntuuser/ros2_ws/install/crazyflie_interfaces/include/crazyflie_interfaces/crazyflie_interfaces/srv/detail/set_group_mask__description.c
[1.356s] -- Up-to-date: /home/ubuntuuser/ros2_ws/install/crazyflie_interfaces/include/crazyflie_interfaces/crazyflie_interfaces/srv/detail/remove_logging__functions.c
[1.356s] -- Up-to-date: /home/ubuntuuser/ros2_ws/install/crazyflie_interfaces/include/crazyflie_interfaces/crazyflie_interfaces/srv/detail/update_params__struct.h
[1.356s] -- Installing: /home/ubuntuuser/ros2_ws/install/crazyflie_interfaces/include/crazyflie_interfaces/crazyflie_interfaces/srv/detail/takeoff__type_support.c
[1.357s] -- Up-to-date: /home/ubuntuuser/ros2_ws/install/crazyflie_interfaces/include/crazyflie_interfaces/crazyflie_interfaces/srv/detail/remove_logging__description.c
[1.357s] -- Up-to-date: /home/ubuntuuser/ros2_ws/install/crazyflie_interfaces/include/crazyflie_interfaces/crazyflie_interfaces/srv/detail/stop__description.c
[1.357s] -- Up-to-date: /home/ubuntuuser/ros2_ws/install/crazyflie_interfaces/include/crazyflie_interfaces/crazyflie_interfaces/srv/detail/notify_setpoints_stop__description.c
[1.357s] -- Up-to-date: /home/ubuntuuser/ros2_ws/install/crazyflie_interfaces/include/crazyflie_interfaces/crazyflie_interfaces/srv/detail/upload_trajectory__description.c
[1.357s] -- Up-to-date: /home/ubuntuuser/ros2_ws/install/crazyflie_interfaces/include/crazyflie_interfaces/crazyflie_interfaces/srv/detail/takeoff__functions.c
[1.357s] -- Installing: /home/ubuntuuser/ros2_ws/install/crazyflie_interfaces/include/crazyflie_interfaces/crazyflie_interfaces/srv/detail/upload_trajectory__type_support.c
[1.358s] -- Up-to-date: /home/ubuntuuser/ros2_ws/install/crazyflie_interfaces/include/crazyflie_interfaces/crazyflie_interfaces/srv/detail/start_trajectory__type_support.h
[1.358s] -- Up-to-date: /home/ubuntuuser/ros2_ws/install/crazyflie_interfaces/include/crazyflie_interfaces/crazyflie_interfaces/srv/detail/land__functions.c
[1.358s] -- Up-to-date: /home/ubuntuuser/ros2_ws/install/crazyflie_interfaces/include/crazyflie_interfaces/crazyflie_interfaces/srv/detail/update_params__description.c
[1.358s] -- Up-to-date: /home/ubuntuuser/ros2_ws/install/crazyflie_interfaces/include/crazyflie_interfaces/crazyflie_interfaces/srv/detail/add_logging__functions.c
[1.358s] -- Up-to-date: /home/ubuntuuser/ros2_ws/install/crazyflie_interfaces/include/crazyflie_interfaces/crazyflie_interfaces/srv/detail/go_to__type_support.h
[1.358s] -- Up-to-date: /home/ubuntuuser/ros2_ws/install/crazyflie_interfaces/include/crazyflie_interfaces/crazyflie_interfaces/srv/detail/start_trajectory__functions.c
[1.358s] -- Up-to-date: /home/ubuntuuser/ros2_ws/install/crazyflie_interfaces/include/crazyflie_interfaces/crazyflie_interfaces/srv/detail/remove_logging__type_support.h
[1.358s] -- Up-to-date: /home/ubuntuuser/ros2_ws/install/crazyflie_interfaces/include/crazyflie_interfaces/crazyflie_interfaces/srv/detail/land__struct.h
[1.358s] -- Up-to-date: /home/ubuntuuser/ros2_ws/install/crazyflie_interfaces/include/crazyflie_interfaces/crazyflie_interfaces/srv/detail/arm__description.c
[1.359s] -- Up-to-date: /home/ubuntuuser/ros2_ws/install/crazyflie_interfaces/include/crazyflie_interfaces/crazyflie_interfaces/srv/detail/notify_setpoints_stop__struct.h
[1.359s] -- Up-to-date: /home/ubuntuuser/ros2_ws/install/crazyflie_interfaces/include/crazyflie_interfaces/crazyflie_interfaces/srv/detail/go_to__functions.c
[1.359s] -- Up-to-date: /home/ubuntuuser/ros2_ws/install/crazyflie_interfaces/include/crazyflie_interfaces/crazyflie_interfaces/srv/detail/arm__struct.h
[1.359s] -- Up-to-date: /home/ubuntuuser/ros2_ws/install/crazyflie_interfaces/include/crazyflie_interfaces/crazyflie_interfaces/srv/detail/go_to__description.c
[1.359s] -- Up-to-date: /home/ubuntuuser/ros2_ws/install/crazyflie_interfaces/include/crazyflie_interfaces/crazyflie_interfaces/srv/detail/update_params__functions.h
[1.359s] -- Up-to-date: /home/ubuntuuser/ros2_ws/install/crazyflie_interfaces/include/crazyflie_interfaces/crazyflie_interfaces/srv/detail/land__type_support.h
[1.359s] -- Installing: /home/ubuntuuser/ros2_ws/install/crazyflie_interfaces/include/crazyflie_interfaces/crazyflie_interfaces/srv/detail/set_group_mask__type_support.c
[1.360s] -- Up-to-date: /home/ubuntuuser/ros2_ws/install/crazyflie_interfaces/include/crazyflie_interfaces/crazyflie_interfaces/srv/detail/takeoff__struct.h
[1.360s] -- Up-to-date: /home/ubuntuuser/ros2_ws/install/crazyflie_interfaces/include/crazyflie_interfaces/crazyflie_interfaces/srv/detail/start_trajectory__functions.h
[1.360s] -- Up-to-date: /home/ubuntuuser/ros2_ws/install/crazyflie_interfaces/include/crazyflie_interfaces/crazyflie_interfaces/srv/detail/add_logging__functions.h
[1.360s] -- Up-to-date: /home/ubuntuuser/ros2_ws/install/crazyflie_interfaces/include/crazyflie_interfaces/crazyflie_interfaces/srv/detail/arm__functions.h
[1.360s] -- Up-to-date: /home/ubuntuuser/ros2_ws/install/crazyflie_interfaces/include/crazyflie_interfaces/crazyflie_interfaces/srv/detail/stop__functions.c
[1.361s] -- Up-to-date: /home/ubuntuuser/ros2_ws/install/crazyflie_interfaces/include/crazyflie_interfaces/crazyflie_interfaces/srv/notify_setpoints_stop.h
[1.361s] -- Up-to-date: /home/ubuntuuser/ros2_ws/install/crazyflie_interfaces/include/crazyflie_interfaces/crazyflie_interfaces/srv/arm.h
[1.361s] -- Up-to-date: /home/ubuntuuser/ros2_ws/install/crazyflie_interfaces/include/crazyflie_interfaces/crazyflie_interfaces/srv/start_trajectory.h
[1.361s] -- Up-to-date: /home/ubuntuuser/ros2_ws/install/crazyflie_interfaces/include/crazyflie_interfaces/crazyflie_interfaces/srv/land.h
[1.361s] -- Up-to-date: /home/ubuntuuser/ros2_ws/install/crazyflie_interfaces/include/crazyflie_interfaces/crazyflie_interfaces/srv/set_group_mask.h
[1.361s] -- Up-to-date: /home/ubuntuuser/ros2_ws/install/crazyflie_interfaces/include/crazyflie_interfaces/crazyflie_interfaces/srv/takeoff.h
[1.362s] -- Up-to-date: /home/ubuntuuser/ros2_ws/install/crazyflie_interfaces/include/crazyflie_interfaces/crazyflie_interfaces/srv/remove_logging.h
[1.362s] -- Up-to-date: /home/ubuntuuser/ros2_ws/install/crazyflie_interfaces/include/crazyflie_interfaces/crazyflie_interfaces/srv/go_to.h
[1.363s] -- Up-to-date: /home/ubuntuuser/ros2_ws/install/crazyflie_interfaces/include/crazyflie_interfaces/crazyflie_interfaces/srv/stop.h
[1.364s] -- Up-to-date: /home/ubuntuuser/ros2_ws/install/crazyflie_interfaces/include/crazyflie_interfaces/crazyflie_interfaces/srv/upload_trajectory.h
[1.365s] -- Up-to-date: /home/ubuntuuser/ros2_ws/install/crazyflie_interfaces/include/crazyflie_interfaces/crazyflie_interfaces/srv/add_logging.h
[1.365s] -- Up-to-date: /home/ubuntuuser/ros2_ws/install/crazyflie_interfaces/share/crazyflie_interfaces/environment/library_path.sh
[1.365s] -- Up-to-date: /home/ubuntuuser/ros2_ws/install/crazyflie_interfaces/share/crazyflie_interfaces/environment/library_path.dsv
[1.365s] -- Up-to-date: /home/ubuntuuser/ros2_ws/install/crazyflie_interfaces/lib/libcrazyflie_interfaces__rosidl_generator_c.so
[1.366s] -- Up-to-date: /home/ubuntuuser/ros2_ws/install/crazyflie_interfaces/include/crazyflie_interfaces/crazyflie_interfaces
[1.366s] -- Up-to-date: /home/ubuntuuser/ros2_ws/install/crazyflie_interfaces/include/crazyflie_interfaces/crazyflie_interfaces/msg
[1.366s] -- Up-to-date: /home/ubuntuuser/ros2_ws/install/crazyflie_interfaces/include/crazyflie_interfaces/crazyflie_interfaces/msg/detail
[1.366s] -- Up-to-date: /home/ubuntuuser/ros2_ws/install/crazyflie_interfaces/include/crazyflie_interfaces/crazyflie_interfaces/msg/detail/position__rosidl_typesupport_fastrtps_c.h
[1.366s] -- Up-to-date: /home/ubuntuuser/ros2_ws/install/crazyflie_interfaces/include/crazyflie_interfaces/crazyflie_interfaces/msg/detail/log_data_generic__rosidl_typesupport_fastrtps_c.h
[1.366s] -- Up-to-date: /home/ubuntuuser/ros2_ws/install/crazyflie_interfaces/include/crazyflie_interfaces/crazyflie_interfaces/msg/detail/full_state__rosidl_typesupport_fastrtps_c.h
[1.367s] -- Up-to-date: /home/ubuntuuser/ros2_ws/install/crazyflie_interfaces/include/crazyflie_interfaces/crazyflie_interfaces/msg/detail/connection_statistics_array__rosidl_typesupport_fastrtps_c.h
[1.367s] -- Up-to-date: /home/ubuntuuser/ros2_ws/install/crazyflie_interfaces/include/crazyflie_interfaces/crazyflie_interfaces/msg/detail/velocity_world__rosidl_typesupport_fastrtps_c.h
[1.367s] -- Up-to-date: /home/ubuntuuser/ros2_ws/install/crazyflie_interfaces/include/crazyflie_interfaces/crazyflie_interfaces/msg/detail/log_block__rosidl_typesupport_fastrtps_c.h
[1.367s] -- Up-to-date: /home/ubuntuuser/ros2_ws/install/crazyflie_interfaces/include/crazyflie_interfaces/crazyflie_interfaces/msg/detail/trajectory_polynomial_piece__rosidl_typesupport_fastrtps_c.h
[1.367s] -- Up-to-date: /home/ubuntuuser/ros2_ws/install/crazyflie_interfaces/include/crazyflie_interfaces/crazyflie_interfaces/msg/detail/connection_statistics__rosidl_typesupport_fastrtps_c.h
[1.367s] -- Up-to-date: /home/ubuntuuser/ros2_ws/install/crazyflie_interfaces/include/crazyflie_interfaces/crazyflie_interfaces/msg/detail/status__rosidl_typesupport_fastrtps_c.h
[1.367s] -- Up-to-date: /home/ubuntuuser/ros2_ws/install/crazyflie_interfaces/include/crazyflie_interfaces/crazyflie_interfaces/msg/detail/hover__rosidl_typesupport_fastrtps_c.h
[1.367s] -- Up-to-date: /home/ubuntuuser/ros2_ws/install/crazyflie_interfaces/include/crazyflie_interfaces/crazyflie_interfaces/msg/rosidl_typesupport_fastrtps_c__visibility_control.h
[1.368s] -- Up-to-date: /home/ubuntuuser/ros2_ws/install/crazyflie_interfaces/include/crazyflie_interfaces/crazyflie_interfaces/srv
[1.368s] -- Up-to-date: /home/ubuntuuser/ros2_ws/install/crazyflie_interfaces/include/crazyflie_interfaces/crazyflie_interfaces/srv/detail
[1.368s] -- Up-to-date: /home/ubuntuuser/ros2_ws/install/crazyflie_interfaces/include/crazyflie_interfaces/crazyflie_interfaces/srv/detail/start_trajectory__rosidl_typesupport_fastrtps_c.h
[1.368s] -- Up-to-date: /home/ubuntuuser/ros2_ws/install/crazyflie_interfaces/include/crazyflie_interfaces/crazyflie_interfaces/srv/detail/land__rosidl_typesupport_fastrtps_c.h
[1.369s] -- Up-to-date: /home/ubuntuuser/ros2_ws/install/crazyflie_interfaces/include/crazyflie_interfaces/crazyflie_interfaces/srv/detail/stop__rosidl_typesupport_fastrtps_c.h
[1.369s] -- Up-to-date: /home/ubuntuuser/ros2_ws/install/crazyflie_interfaces/include/crazyflie_interfaces/crazyflie_interfaces/srv/detail/set_group_mask__rosidl_typesupport_fastrtps_c.h
[1.369s] -- Up-to-date: /home/ubuntuuser/ros2_ws/install/crazyflie_interfaces/include/crazyflie_interfaces/crazyflie_interfaces/srv/detail/update_params__rosidl_typesupport_fastrtps_c.h
[1.369s] -- Up-to-date: /home/ubuntuuser/ros2_ws/install/crazyflie_interfaces/include/crazyflie_interfaces/crazyflie_interfaces/srv/detail/notify_setpoints_stop__rosidl_typesupport_fastrtps_c.h
[1.370s] -- Up-to-date: /home/ubuntuuser/ros2_ws/install/crazyflie_interfaces/include/crazyflie_interfaces/crazyflie_interfaces/srv/detail/remove_logging__rosidl_typesupport_fastrtps_c.h
[1.370s] -- Up-to-date: /home/ubuntuuser/ros2_ws/install/crazyflie_interfaces/include/crazyflie_interfaces/crazyflie_interfaces/srv/detail/add_logging__rosidl_typesupport_fastrtps_c.h
[1.371s] -- Up-to-date: /home/ubuntuuser/ros2_ws/install/crazyflie_interfaces/include/crazyflie_interfaces/crazyflie_interfaces/srv/detail/takeoff__rosidl_typesupport_fastrtps_c.h
[1.371s] -- Up-to-date: /home/ubuntuuser/ros2_ws/install/crazyflie_interfaces/include/crazyflie_interfaces/crazyflie_interfaces/srv/detail/arm__rosidl_typesupport_fastrtps_c.h
[1.372s] -- Up-to-date: /home/ubuntuuser/ros2_ws/install/crazyflie_interfaces/include/crazyflie_interfaces/crazyflie_interfaces/srv/detail/upload_trajectory__rosidl_typesupport_fastrtps_c.h
[1.372s] -- Up-to-date: /home/ubuntuuser/ros2_ws/install/crazyflie_interfaces/include/crazyflie_interfaces/crazyflie_interfaces/srv/detail/go_to__rosidl_typesupport_fastrtps_c.h
[1.372s] -- Up-to-date: /home/ubuntuuser/ros2_ws/install/crazyflie_interfaces/lib/libcrazyflie_interfaces__rosidl_typesupport_fastrtps_c.so
[1.373s] -- Up-to-date: /home/ubuntuuser/ros2_ws/install/crazyflie_interfaces/include/crazyflie_interfaces/crazyflie_interfaces
[1.373s] -- Up-to-date: /home/ubuntuuser/ros2_ws/install/crazyflie_interfaces/include/crazyflie_interfaces/crazyflie_interfaces/msg
[1.374s] -- Up-to-date: /home/ubuntuuser/ros2_ws/install/crazyflie_interfaces/include/crazyflie_interfaces/crazyflie_interfaces/msg/rosidl_generator_cpp__visibility_control.hpp
[1.374s] -- Up-to-date: /home/ubuntuuser/ros2_ws/install/crazyflie_interfaces/include/crazyflie_interfaces/crazyflie_interfaces/msg/detail
[1.374s] -- Up-to-date: /home/ubuntuuser/ros2_ws/install/crazyflie_interfaces/include/crazyflie_interfaces/crazyflie_interfaces/msg/detail/connection_statistics_array__builder.hpp
[1.374s] -- Up-to-date: /home/ubuntuuser/ros2_ws/install/crazyflie_interfaces/include/crazyflie_interfaces/crazyflie_interfaces/msg/detail/trajectory_polynomial_piece__traits.hpp
[1.374s] -- Up-to-date: /home/ubuntuuser/ros2_ws/install/crazyflie_interfaces/include/crazyflie_interfaces/crazyflie_interfaces/msg/detail/log_block__type_support.hpp
[1.375s] -- Up-to-date: /home/ubuntuuser/ros2_ws/install/crazyflie_interfaces/include/crazyflie_interfaces/crazyflie_interfaces/msg/detail/trajectory_polynomial_piece__builder.hpp
[1.375s] -- Up-to-date: /home/ubuntuuser/ros2_ws/install/crazyflie_interfaces/include/crazyflie_interfaces/crazyflie_interfaces/msg/detail/position__type_support.hpp
[1.375s] -- Up-to-date: /home/ubuntuuser/ros2_ws/install/crazyflie_interfaces/include/crazyflie_interfaces/crazyflie_interfaces/msg/detail/log_block__struct.hpp
[1.375s] -- Up-to-date: /home/ubuntuuser/ros2_ws/install/crazyflie_interfaces/include/crazyflie_interfaces/crazyflie_interfaces/msg/detail/velocity_world__type_support.hpp
[1.375s] -- Up-to-date: /home/ubuntuuser/ros2_ws/install/crazyflie_interfaces/include/crazyflie_interfaces/crazyflie_interfaces/msg/detail/log_data_generic__type_support.hpp
[1.376s] -- Up-to-date: /home/ubuntuuser/ros2_ws/install/crazyflie_interfaces/include/crazyflie_interfaces/crazyflie_interfaces/msg/detail/connection_statistics__builder.hpp
[1.376s] -- Up-to-date: /home/ubuntuuser/ros2_ws/install/crazyflie_interfaces/include/crazyflie_interfaces/crazyflie_interfaces/msg/detail/connection_statistics__type_support.hpp
[1.376s] -- Up-to-date: /home/ubuntuuser/ros2_ws/install/crazyflie_interfaces/include/crazyflie_interfaces/crazyflie_interfaces/msg/detail/hover__traits.hpp
[1.376s] -- Up-to-date: /home/ubuntuuser/ros2_ws/install/crazyflie_interfaces/include/crazyflie_interfaces/crazyflie_interfaces/msg/detail/hover__type_support.hpp
[1.376s] -- Up-to-date: /home/ubuntuuser/ros2_ws/install/crazyflie_interfaces/include/crazyflie_interfaces/crazyflie_interfaces/msg/detail/connection_statistics_array__struct.hpp
[1.376s] -- Up-to-date: /home/ubuntuuser/ros2_ws/install/crazyflie_interfaces/include/crazyflie_interfaces/crazyflie_interfaces/msg/detail/status__builder.hpp
[1.376s] -- Up-to-date: /home/ubuntuuser/ros2_ws/install/crazyflie_interfaces/include/crazyflie_interfaces/crazyflie_interfaces/msg/detail/status__struct.hpp
[1.376s] -- Up-to-date: /home/ubuntuuser/ros2_ws/install/crazyflie_interfaces/include/crazyflie_interfaces/crazyflie_interfaces/msg/detail/connection_statistics__traits.hpp
[1.376s] -- Up-to-date: /home/ubuntuuser/ros2_ws/install/crazyflie_interfaces/include/crazyflie_interfaces/crazyflie_interfaces/msg/detail/log_data_generic__traits.hpp
[1.376s] -- Up-to-date: /home/ubuntuuser/ros2_ws/install/crazyflie_interfaces/include/crazyflie_interfaces/crazyflie_interfaces/msg/detail/log_block__traits.hpp
[1.377s] -- Up-to-date: /home/ubuntuuser/ros2_ws/install/crazyflie_interfaces/include/crazyflie_interfaces/crazyflie_interfaces/msg/detail/status__type_support.hpp
[1.377s] -- Up-to-date: /home/ubuntuuser/ros2_ws/install/crazyflie_interfaces/include/crazyflie_interfaces/crazyflie_interfaces/msg/detail/connection_statistics_array__type_support.hpp
[1.377s] -- Up-to-date: /home/ubuntuuser/ros2_ws/install/crazyflie_interfaces/include/crazyflie_interfaces/crazyflie_interfaces/msg/detail/trajectory_polynomial_piece__type_support.hpp
[1.377s] -- Up-to-date: /home/ubuntuuser/ros2_ws/install/crazyflie_interfaces/include/crazyflie_interfaces/crazyflie_interfaces/msg/detail/log_data_generic__struct.hpp
[1.377s] -- Up-to-date: /home/ubuntuuser/ros2_ws/install/crazyflie_interfaces/include/crazyflie_interfaces/crazyflie_interfaces/msg/detail/position__struct.hpp
[1.377s] -- Up-to-date: /home/ubuntuuser/ros2_ws/install/crazyflie_interfaces/include/crazyflie_interfaces/crazyflie_interfaces/msg/detail/status__traits.hpp
[1.377s] -- Up-to-date: /home/ubuntuuser/ros2_ws/install/crazyflie_interfaces/include/crazyflie_interfaces/crazyflie_interfaces/msg/detail/position__traits.hpp
[1.377s] -- Up-to-date: /home/ubuntuuser/ros2_ws/install/crazyflie_interfaces/include/crazyflie_interfaces/crazyflie_interfaces/msg/detail/position__builder.hpp
[1.377s] -- Up-to-date: /home/ubuntuuser/ros2_ws/install/crazyflie_interfaces/include/crazyflie_interfaces/crazyflie_interfaces/msg/detail/hover__struct.hpp
[1.378s] -- Up-to-date: /home/ubuntuuser/ros2_ws/install/crazyflie_interfaces/include/crazyflie_interfaces/crazyflie_interfaces/msg/detail/hover__builder.hpp
[1.378s] -- Up-to-date: /home/ubuntuuser/ros2_ws/install/crazyflie_interfaces/include/crazyflie_interfaces/crazyflie_interfaces/msg/detail/log_block__builder.hpp
[1.378s] -- Up-to-date: /home/ubuntuuser/ros2_ws/install/crazyflie_interfaces/include/crazyflie_interfaces/crazyflie_interfaces/msg/detail/full_state__struct.hpp
[1.378s] -- Up-to-date: /home/ubuntuuser/ros2_ws/install/crazyflie_interfaces/include/crazyflie_interfaces/crazyflie_interfaces/msg/detail/full_state__traits.hpp
[1.378s] -- Up-to-date: /home/ubuntuuser/ros2_ws/install/crazyflie_interfaces/include/crazyflie_interfaces/crazyflie_interfaces/msg/detail/log_data_generic__builder.hpp
[1.379s] -- Up-to-date: /home/ubuntuuser/ros2_ws/install/crazyflie_interfaces/include/crazyflie_interfaces/crazyflie_interfaces/msg/detail/full_state__builder.hpp
[1.379s] -- Up-to-date: /home/ubuntuuser/ros2_ws/install/crazyflie_interfaces/include/crazyflie_interfaces/crazyflie_interfaces/msg/detail/full_state__type_support.hpp
[1.379s] -- Up-to-date: /home/ubuntuuser/ros2_ws/install/crazyflie_interfaces/include/crazyflie_interfaces/crazyflie_interfaces/msg/detail/trajectory_polynomial_piece__struct.hpp
[1.379s] -- Up-to-date: /home/ubuntuuser/ros2_ws/install/crazyflie_interfaces/include/crazyflie_interfaces/crazyflie_interfaces/msg/detail/velocity_world__builder.hpp
[1.379s] -- Up-to-date: /home/ubuntuuser/ros2_ws/install/crazyflie_interfaces/include/crazyflie_interfaces/crazyflie_interfaces/msg/detail/connection_statistics__struct.hpp
[1.379s] -- Up-to-date: /home/ubuntuuser/ros2_ws/install/crazyflie_interfaces/include/crazyflie_interfaces/crazyflie_interfaces/msg/detail/connection_statistics_array__traits.hpp
[1.379s] -- Up-to-date: /home/ubuntuuser/ros2_ws/install/crazyflie_interfaces/include/crazyflie_interfaces/crazyflie_interfaces/msg/detail/velocity_world__struct.hpp
[1.379s] -- Up-to-date: /home/ubuntuuser/ros2_ws/install/crazyflie_interfaces/include/crazyflie_interfaces/crazyflie_interfaces/msg/detail/velocity_world__traits.hpp
[1.380s] -- Up-to-date: /home/ubuntuuser/ros2_ws/install/crazyflie_interfaces/include/crazyflie_interfaces/crazyflie_interfaces/msg/full_state.hpp
[1.380s] -- Up-to-date: /home/ubuntuuser/ros2_ws/install/crazyflie_interfaces/include/crazyflie_interfaces/crazyflie_interfaces/msg/log_block.hpp
[1.380s] -- Up-to-date: /home/ubuntuuser/ros2_ws/install/crazyflie_interfaces/include/crazyflie_interfaces/crazyflie_interfaces/msg/log_data_generic.hpp
[1.380s] -- Up-to-date: /home/ubuntuuser/ros2_ws/install/crazyflie_interfaces/include/crazyflie_interfaces/crazyflie_interfaces/msg/hover.hpp
[1.380s] -- Up-to-date: /home/ubuntuuser/ros2_ws/install/crazyflie_interfaces/include/crazyflie_interfaces/crazyflie_interfaces/msg/connection_statistics_array.hpp
[1.380s] -- Up-to-date: /home/ubuntuuser/ros2_ws/install/crazyflie_interfaces/include/crazyflie_interfaces/crazyflie_interfaces/msg/trajectory_polynomial_piece.hpp
[1.380s] -- Up-to-date: /home/ubuntuuser/ros2_ws/install/crazyflie_interfaces/include/crazyflie_interfaces/crazyflie_interfaces/msg/connection_statistics.hpp
[1.380s] -- Up-to-date: /home/ubuntuuser/ros2_ws/install/crazyflie_interfaces/include/crazyflie_interfaces/crazyflie_interfaces/msg/status.hpp
[1.380s] -- Up-to-date: /home/ubuntuuser/ros2_ws/install/crazyflie_interfaces/include/crazyflie_interfaces/crazyflie_interfaces/msg/velocity_world.hpp
[1.380s] -- Up-to-date: /home/ubuntuuser/ros2_ws/install/crazyflie_interfaces/include/crazyflie_interfaces/crazyflie_interfaces/msg/position.hpp
[1.380s] -- Up-to-date: /home/ubuntuuser/ros2_ws/install/crazyflie_interfaces/include/crazyflie_interfaces/crazyflie_interfaces/srv
[1.380s] -- Up-to-date: /home/ubuntuuser/ros2_ws/install/crazyflie_interfaces/include/crazyflie_interfaces/crazyflie_interfaces/srv/detail
[1.381s] -- Up-to-date: /home/ubuntuuser/ros2_ws/install/crazyflie_interfaces/include/crazyflie_interfaces/crazyflie_interfaces/srv/detail/stop__builder.hpp
[1.381s] -- Up-to-date: /home/ubuntuuser/ros2_ws/install/crazyflie_interfaces/include/crazyflie_interfaces/crazyflie_interfaces/srv/detail/notify_setpoints_stop__type_support.hpp
[1.381s] -- Up-to-date: /home/ubuntuuser/ros2_ws/install/crazyflie_interfaces/include/crazyflie_interfaces/crazyflie_interfaces/srv/detail/land__struct.hpp
[1.381s] -- Up-to-date: /home/ubuntuuser/ros2_ws/install/crazyflie_interfaces/include/crazyflie_interfaces/crazyflie_interfaces/srv/detail/notify_setpoints_stop__struct.hpp
[1.381s] -- Up-to-date: /home/ubuntuuser/ros2_ws/install/crazyflie_interfaces/include/crazyflie_interfaces/crazyflie_interfaces/srv/detail/upload_trajectory__type_support.hpp
[1.381s] -- Up-to-date: /home/ubuntuuser/ros2_ws/install/crazyflie_interfaces/include/crazyflie_interfaces/crazyflie_interfaces/srv/detail/land__builder.hpp
[1.381s] -- Up-to-date: /home/ubuntuuser/ros2_ws/install/crazyflie_interfaces/include/crazyflie_interfaces/crazyflie_interfaces/srv/detail/set_group_mask__traits.hpp
[1.381s] -- Up-to-date: /home/ubuntuuser/ros2_ws/install/crazyflie_interfaces/include/crazyflie_interfaces/crazyflie_interfaces/srv/detail/stop__traits.hpp
[1.381s] -- Up-to-date: /home/ubuntuuser/ros2_ws/install/crazyflie_interfaces/include/crazyflie_interfaces/crazyflie_interfaces/srv/detail/add_logging__traits.hpp
[1.381s] -- Up-to-date: /home/ubuntuuser/ros2_ws/install/crazyflie_interfaces/include/crazyflie_interfaces/crazyflie_interfaces/srv/detail/takeoff__builder.hpp
[1.381s] -- Up-to-date: /home/ubuntuuser/ros2_ws/install/crazyflie_interfaces/include/crazyflie_interfaces/crazyflie_interfaces/srv/detail/arm__type_support.hpp
[1.381s] -- Up-to-date: /home/ubuntuuser/ros2_ws/install/crazyflie_interfaces/include/crazyflie_interfaces/crazyflie_interfaces/srv/detail/upload_trajectory__traits.hpp
[1.381s] -- Up-to-date: /home/ubuntuuser/ros2_ws/install/crazyflie_interfaces/include/crazyflie_interfaces/crazyflie_interfaces/srv/detail/remove_logging__struct.hpp
[1.382s] -- Up-to-date: /home/ubuntuuser/ros2_ws/install/crazyflie_interfaces/include/crazyflie_interfaces/crazyflie_interfaces/srv/detail/start_trajectory__traits.hpp
[1.383s] -- Up-to-date: /home/ubuntuuser/ros2_ws/install/crazyflie_interfaces/include/crazyflie_interfaces/crazyflie_interfaces/srv/detail/go_to__type_support.hpp
[1.383s] -- Up-to-date: /home/ubuntuuser/ros2_ws/install/crazyflie_interfaces/include/crazyflie_interfaces/crazyflie_interfaces/srv/detail/add_logging__type_support.hpp
[1.383s] -- Up-to-date: /home/ubuntuuser/ros2_ws/install/crazyflie_interfaces/include/crazyflie_interfaces/crazyflie_interfaces/srv/detail/land__traits.hpp
[1.383s] -- Up-to-date: /home/ubuntuuser/ros2_ws/install/crazyflie_interfaces/include/crazyflie_interfaces/crazyflie_interfaces/srv/detail/set_group_mask__builder.hpp
[1.383s] -- Up-to-date: /home/ubuntuuser/ros2_ws/install/crazyflie_interfaces/include/crazyflie_interfaces/crazyflie_interfaces/srv/detail/takeoff__struct.hpp
[1.383s] -- Up-to-date: /home/ubuntuuser/ros2_ws/install/crazyflie_interfaces/include/crazyflie_interfaces/crazyflie_interfaces/srv/detail/set_group_mask__struct.hpp
[1.384s] -- Up-to-date: /home/ubuntuuser/ros2_ws/install/crazyflie_interfaces/include/crazyflie_interfaces/crazyflie_interfaces/srv/detail/arm__struct.hpp
[1.384s] -- Up-to-date: /home/ubuntuuser/ros2_ws/install/crazyflie_interfaces/include/crazyflie_interfaces/crazyflie_interfaces/srv/detail/go_to__builder.hpp
[1.384s] -- Up-to-date: /home/ubuntuuser/ros2_ws/install/crazyflie_interfaces/include/crazyflie_interfaces/crazyflie_interfaces/srv/detail/go_to__struct.hpp
[1.384s] -- Up-to-date: /home/ubuntuuser/ros2_ws/install/crazyflie_interfaces/include/crazyflie_interfaces/crazyflie_interfaces/srv/detail/land__type_support.hpp
[1.384s] -- Up-to-date: /home/ubuntuuser/ros2_ws/install/crazyflie_interfaces/include/crazyflie_interfaces/crazyflie_interfaces/srv/detail/notify_setpoints_stop__builder.hpp
[1.384s] -- Up-to-date: /home/ubuntuuser/ros2_ws/install/crazyflie_interfaces/include/crazyflie_interfaces/crazyflie_interfaces/srv/detail/notify_setpoints_stop__traits.hpp
[1.384s] -- Up-to-date: /home/ubuntuuser/ros2_ws/install/crazyflie_interfaces/include/crazyflie_interfaces/crazyflie_interfaces/srv/detail/update_params__type_support.hpp
[1.384s] -- Up-to-date: /home/ubuntuuser/ros2_ws/install/crazyflie_interfaces/include/crazyflie_interfaces/crazyflie_interfaces/srv/detail/takeoff__traits.hpp
[1.384s] -- Up-to-date: /home/ubuntuuser/ros2_ws/install/crazyflie_interfaces/include/crazyflie_interfaces/crazyflie_interfaces/srv/detail/arm__builder.hpp
[1.384s] -- Up-to-date: /home/ubuntuuser/ros2_ws/install/crazyflie_interfaces/include/crazyflie_interfaces/crazyflie_interfaces/srv/detail/start_trajectory__type_support.hpp
[1.384s] -- Up-to-date: /home/ubuntuuser/ros2_ws/install/crazyflie_interfaces/include/crazyflie_interfaces/crazyflie_interfaces/srv/detail/add_logging__struct.hpp
[1.384s] -- Up-to-date: /home/ubuntuuser/ros2_ws/install/crazyflie_interfaces/include/crazyflie_interfaces/crazyflie_interfaces/srv/detail/upload_trajectory__struct.hpp
[1.385s] -- Up-to-date: /home/ubuntuuser/ros2_ws/install/crazyflie_interfaces/include/crazyflie_interfaces/crazyflie_interfaces/srv/detail/remove_logging__type_support.hpp
[1.385s] -- Up-to-date: /home/ubuntuuser/ros2_ws/install/crazyflie_interfaces/include/crazyflie_interfaces/crazyflie_interfaces/srv/detail/update_params__struct.hpp
[1.385s] -- Up-to-date: /home/ubuntuuser/ros2_ws/install/crazyflie_interfaces/include/crazyflie_interfaces/crazyflie_interfaces/srv/detail/takeoff__type_support.hpp
[1.385s] -- Up-to-date: /home/ubuntuuser/ros2_ws/install/crazyflie_interfaces/include/crazyflie_interfaces/crazyflie_interfaces/srv/detail/upload_trajectory__builder.hpp
[1.385s] -- Up-to-date: /home/ubuntuuser/ros2_ws/install/crazyflie_interfaces/include/crazyflie_interfaces/crazyflie_interfaces/srv/detail/start_trajectory__builder.hpp
[1.385s] -- Up-to-date: /home/ubuntuuser/ros2_ws/install/crazyflie_interfaces/include/crazyflie_interfaces/crazyflie_interfaces/srv/detail/update_params__builder.hpp
[1.385s] -- Up-to-date: /home/ubuntuuser/ros2_ws/install/crazyflie_interfaces/include/crazyflie_interfaces/crazyflie_interfaces/srv/detail/start_trajectory__struct.hpp
[1.386s] -- Up-to-date: /home/ubuntuuser/ros2_ws/install/crazyflie_interfaces/include/crazyflie_interfaces/crazyflie_interfaces/srv/detail/arm__traits.hpp
[1.386s] -- Up-to-date: /home/ubuntuuser/ros2_ws/install/crazyflie_interfaces/include/crazyflie_interfaces/crazyflie_interfaces/srv/detail/set_group_mask__type_support.hpp
[1.386s] -- Up-to-date: /home/ubuntuuser/ros2_ws/install/crazyflie_interfaces/include/crazyflie_interfaces/crazyflie_interfaces/srv/detail/stop__type_support.hpp
[1.387s] -- Up-to-date: /home/ubuntuuser/ros2_ws/install/crazyflie_interfaces/include/crazyflie_interfaces/crazyflie_interfaces/srv/detail/remove_logging__builder.hpp
[1.387s] -- Up-to-date: /home/ubuntuuser/ros2_ws/install/crazyflie_interfaces/include/crazyflie_interfaces/crazyflie_interfaces/srv/detail/add_logging__builder.hpp
[1.387s] -- Up-to-date: /home/ubuntuuser/ros2_ws/install/crazyflie_interfaces/include/crazyflie_interfaces/crazyflie_interfaces/srv/detail/remove_logging__traits.hpp
[1.387s] -- Up-to-date: /home/ubuntuuser/ros2_ws/install/crazyflie_interfaces/include/crazyflie_interfaces/crazyflie_interfaces/srv/detail/go_to__traits.hpp
[1.387s] -- Up-to-date: /home/ubuntuuser/ros2_ws/install/crazyflie_interfaces/include/crazyflie_interfaces/crazyflie_interfaces/srv/detail/update_params__traits.hpp
[1.387s] -- Up-to-date: /home/ubuntuuser/ros2_ws/install/crazyflie_interfaces/include/crazyflie_interfaces/crazyflie_interfaces/srv/detail/stop__struct.hpp
[1.387s] -- Up-to-date: /home/ubuntuuser/ros2_ws/install/crazyflie_interfaces/include/crazyflie_interfaces/crazyflie_interfaces/srv/notify_setpoints_stop.hpp
[1.387s] -- Up-to-date: /home/ubuntuuser/ros2_ws/install/crazyflie_interfaces/include/crazyflie_interfaces/crazyflie_interfaces/srv/stop.hpp
[1.387s] -- Up-to-date: /home/ubuntuuser/ros2_ws/install/crazyflie_interfaces/include/crazyflie_interfaces/crazyflie_interfaces/srv/takeoff.hpp
[1.387s] -- Up-to-date: /home/ubuntuuser/ros2_ws/install/crazyflie_interfaces/include/crazyflie_interfaces/crazyflie_interfaces/srv/start_trajectory.hpp
[1.388s] -- Up-to-date: /home/ubuntuuser/ros2_ws/install/crazyflie_interfaces/include/crazyflie_interfaces/crazyflie_interfaces/srv/add_logging.hpp
[1.388s] -- Up-to-date: /home/ubuntuuser/ros2_ws/install/crazyflie_interfaces/include/crazyflie_interfaces/crazyflie_interfaces/srv/land.hpp
[1.388s] -- Up-to-date: /home/ubuntuuser/ros2_ws/install/crazyflie_interfaces/include/crazyflie_interfaces/crazyflie_interfaces/srv/go_to.hpp
[1.388s] -- Up-to-date: /home/ubuntuuser/ros2_ws/install/crazyflie_interfaces/include/crazyflie_interfaces/crazyflie_interfaces/srv/remove_logging.hpp
[1.388s] -- Up-to-date: /home/ubuntuuser/ros2_ws/install/crazyflie_interfaces/include/crazyflie_interfaces/crazyflie_interfaces/srv/update_params.hpp
[1.388s] -- Up-to-date: /home/ubuntuuser/ros2_ws/install/crazyflie_interfaces/include/crazyflie_interfaces/crazyflie_interfaces/srv/set_group_mask.hpp
[1.388s] -- Up-to-date: /home/ubuntuuser/ros2_ws/install/crazyflie_interfaces/include/crazyflie_interfaces/crazyflie_interfaces/srv/arm.hpp
[1.388s] -- Up-to-date: /home/ubuntuuser/ros2_ws/install/crazyflie_interfaces/include/crazyflie_interfaces/crazyflie_interfaces/srv/upload_trajectory.hpp
[1.388s] -- Up-to-date: /home/ubuntuuser/ros2_ws/install/crazyflie_interfaces/include/crazyflie_interfaces/crazyflie_interfaces
[1.388s] -- Up-to-date: /home/ubuntuuser/ros2_ws/install/crazyflie_interfaces/include/crazyflie_interfaces/crazyflie_interfaces/msg
[1.388s] -- Up-to-date: /home/ubuntuuser/ros2_ws/install/crazyflie_interfaces/include/crazyflie_interfaces/crazyflie_interfaces/msg/detail
[1.388s] -- Up-to-date: /home/ubuntuuser/ros2_ws/install/crazyflie_interfaces/include/crazyflie_interfaces/crazyflie_interfaces/msg/detail/hover__rosidl_typesupport_fastrtps_cpp.hpp
[1.389s] -- Up-to-date: /home/ubuntuuser/ros2_ws/install/crazyflie_interfaces/include/crazyflie_interfaces/crazyflie_interfaces/msg/detail/trajectory_polynomial_piece__rosidl_typesupport_fastrtps_cpp.hpp
[1.389s] -- Up-to-date: /home/ubuntuuser/ros2_ws/install/crazyflie_interfaces/include/crazyflie_interfaces/crazyflie_interfaces/msg/detail/velocity_world__rosidl_typesupport_fastrtps_cpp.hpp
[1.389s] -- Up-to-date: /home/ubuntuuser/ros2_ws/install/crazyflie_interfaces/include/crazyflie_interfaces/crazyflie_interfaces/msg/detail/full_state__rosidl_typesupport_fastrtps_cpp.hpp
[1.389s] -- Up-to-date: /home/ubuntuuser/ros2_ws/install/crazyflie_interfaces/include/crazyflie_interfaces/crazyflie_interfaces/msg/detail/status__rosidl_typesupport_fastrtps_cpp.hpp
[1.389s] -- Up-to-date: /home/ubuntuuser/ros2_ws/install/crazyflie_interfaces/include/crazyflie_interfaces/crazyflie_interfaces/msg/detail/connection_statistics_array__rosidl_typesupport_fastrtps_cpp.hpp
[1.389s] -- Up-to-date: /home/ubuntuuser/ros2_ws/install/crazyflie_interfaces/include/crazyflie_interfaces/crazyflie_interfaces/msg/detail/log_data_generic__rosidl_typesupport_fastrtps_cpp.hpp
[1.389s] -- Up-to-date: /home/ubuntuuser/ros2_ws/install/crazyflie_interfaces/include/crazyflie_interfaces/crazyflie_interfaces/msg/detail/log_block__rosidl_typesupport_fastrtps_cpp.hpp
[1.389s] -- Up-to-date: /home/ubuntuuser/ros2_ws/install/crazyflie_interfaces/include/crazyflie_interfaces/crazyflie_interfaces/msg/detail/connection_statistics__rosidl_typesupport_fastrtps_cpp.hpp
[1.389s] -- Up-to-date: /home/ubuntuuser/ros2_ws/install/crazyflie_interfaces/include/crazyflie_interfaces/crazyflie_interfaces/msg/detail/dds_fastrtps
[1.389s] -- Up-to-date: /home/ubuntuuser/ros2_ws/install/crazyflie_interfaces/include/crazyflie_interfaces/crazyflie_interfaces/msg/detail/position__rosidl_typesupport_fastrtps_cpp.hpp
[1.389s] -- Up-to-date: /home/ubuntuuser/ros2_ws/install/crazyflie_interfaces/include/crazyflie_interfaces/crazyflie_interfaces/msg/rosidl_typesupport_fastrtps_cpp__visibility_control.h
[1.389s] -- Up-to-date: /home/ubuntuuser/ros2_ws/install/crazyflie_interfaces/include/crazyflie_interfaces/crazyflie_interfaces/srv
[1.390s] -- Up-to-date: /home/ubuntuuser/ros2_ws/install/crazyflie_interfaces/include/crazyflie_interfaces/crazyflie_interfaces/srv/detail
[1.390s] -- Up-to-date: /home/ubuntuuser/ros2_ws/install/crazyflie_interfaces/include/crazyflie_interfaces/crazyflie_interfaces/srv/detail/notify_setpoints_stop__rosidl_typesupport_fastrtps_cpp.hpp
[1.390s] -- Up-to-date: /home/ubuntuuser/ros2_ws/install/crazyflie_interfaces/include/crazyflie_interfaces/crazyflie_interfaces/srv/detail/land__rosidl_typesupport_fastrtps_cpp.hpp
[1.390s] -- Up-to-date: /home/ubuntuuser/ros2_ws/install/crazyflie_interfaces/include/crazyflie_interfaces/crazyflie_interfaces/srv/detail/update_params__rosidl_typesupport_fastrtps_cpp.hpp
[1.390s] -- Up-to-date: /home/ubuntuuser/ros2_ws/install/crazyflie_interfaces/include/crazyflie_interfaces/crazyflie_interfaces/srv/detail/set_group_mask__rosidl_typesupport_fastrtps_cpp.hpp
[1.390s] -- Up-to-date: /home/ubuntuuser/ros2_ws/install/crazyflie_interfaces/include/crazyflie_interfaces/crazyflie_interfaces/srv/detail/go_to__rosidl_typesupport_fastrtps_cpp.hpp
[1.390s] -- Up-to-date: /home/ubuntuuser/ros2_ws/install/crazyflie_interfaces/include/crazyflie_interfaces/crazyflie_interfaces/srv/detail/arm__rosidl_typesupport_fastrtps_cpp.hpp
[1.390s] -- Up-to-date: /home/ubuntuuser/ros2_ws/install/crazyflie_interfaces/include/crazyflie_interfaces/crazyflie_interfaces/srv/detail/remove_logging__rosidl_typesupport_fastrtps_cpp.hpp
[1.390s] -- Up-to-date: /home/ubuntuuser/ros2_ws/install/crazyflie_interfaces/include/crazyflie_interfaces/crazyflie_interfaces/srv/detail/stop__rosidl_typesupport_fastrtps_cpp.hpp
[1.390s] -- Up-to-date: /home/ubuntuuser/ros2_ws/install/crazyflie_interfaces/include/crazyflie_interfaces/crazyflie_interfaces/srv/detail/add_logging__rosidl_typesupport_fastrtps_cpp.hpp
[1.390s] -- Up-to-date: /home/ubuntuuser/ros2_ws/install/crazyflie_interfaces/include/crazyflie_interfaces/crazyflie_interfaces/srv/detail/upload_trajectory__rosidl_typesupport_fastrtps_cpp.hpp
[1.390s] -- Up-to-date: /home/ubuntuuser/ros2_ws/install/crazyflie_interfaces/include/crazyflie_interfaces/crazyflie_interfaces/srv/detail/dds_fastrtps
[1.391s] -- Up-to-date: /home/ubuntuuser/ros2_ws/install/crazyflie_interfaces/include/crazyflie_interfaces/crazyflie_interfaces/srv/detail/takeoff__rosidl_typesupport_fastrtps_cpp.hpp
[1.391s] -- Up-to-date: /home/ubuntuuser/ros2_ws/install/crazyflie_interfaces/include/crazyflie_interfaces/crazyflie_interfaces/srv/detail/start_trajectory__rosidl_typesupport_fastrtps_cpp.hpp
[1.391s] -- Up-to-date: /home/ubuntuuser/ros2_ws/install/crazyflie_interfaces/lib/libcrazyflie_interfaces__rosidl_typesupport_fastrtps_cpp.so
[1.391s] -- Up-to-date: /home/ubuntuuser/ros2_ws/install/crazyflie_interfaces/include/crazyflie_interfaces/crazyflie_interfaces
[1.391s] -- Up-to-date: /home/ubuntuuser/ros2_ws/install/crazyflie_interfaces/include/crazyflie_interfaces/crazyflie_interfaces/msg
[1.391s] -- Up-to-date: /home/ubuntuuser/ros2_ws/install/crazyflie_interfaces/include/crazyflie_interfaces/crazyflie_interfaces/msg/detail
[1.391s] -- Installing: /home/ubuntuuser/ros2_ws/install/crazyflie_interfaces/include/crazyflie_interfaces/crazyflie_interfaces/msg/detail/velocity_world__type_support.c
[1.391s] -- Up-to-date: /home/ubuntuuser/ros2_ws/install/crazyflie_interfaces/include/crazyflie_interfaces/crazyflie_interfaces/msg/detail/full_state__rosidl_typesupport_introspection_c.h
[1.391s] -- Up-to-date: /home/ubuntuuser/ros2_ws/install/crazyflie_interfaces/include/crazyflie_interfaces/crazyflie_interfaces/msg/detail/position__rosidl_typesupport_introspection_c.h
[1.391s] -- Installing: /home/ubuntuuser/ros2_ws/install/crazyflie_interfaces/include/crazyflie_interfaces/crazyflie_interfaces/msg/detail/log_block__type_support.c
[1.391s] -- Up-to-date: /home/ubuntuuser/ros2_ws/install/crazyflie_interfaces/include/crazyflie_interfaces/crazyflie_interfaces/msg/detail/velocity_world__rosidl_typesupport_introspection_c.h
[1.391s] -- Up-to-date: /home/ubuntuuser/ros2_ws/install/crazyflie_interfaces/include/crazyflie_interfaces/crazyflie_interfaces/msg/detail/connection_statistics_array__rosidl_typesupport_introspection_c.h
[1.391s] -- Installing: /home/ubuntuuser/ros2_ws/install/crazyflie_interfaces/include/crazyflie_interfaces/crazyflie_interfaces/msg/detail/connection_statistics_array__type_support.c
[1.392s] -- Up-to-date: /home/ubuntuuser/ros2_ws/install/crazyflie_interfaces/include/crazyflie_interfaces/crazyflie_interfaces/msg/detail/log_block__rosidl_typesupport_introspection_c.h
[1.392s] -- Up-to-date: /home/ubuntuuser/ros2_ws/install/crazyflie_interfaces/include/crazyflie_interfaces/crazyflie_interfaces/msg/detail/trajectory_polynomial_piece__rosidl_typesupport_introspection_c.h
[1.392s] -- Up-to-date: /home/ubuntuuser/ros2_ws/install/crazyflie_interfaces/include/crazyflie_interfaces/crazyflie_interfaces/msg/detail/connection_statistics__rosidl_typesupport_introspection_c.h
[1.392s] -- Installing: /home/ubuntuuser/ros2_ws/install/crazyflie_interfaces/include/crazyflie_interfaces/crazyflie_interfaces/msg/detail/status__type_support.c
[1.393s] -- Up-to-date: /home/ubuntuuser/ros2_ws/install/crazyflie_interfaces/include/crazyflie_interfaces/crazyflie_interfaces/msg/detail/hover__rosidl_typesupport_introspection_c.h
[1.393s] -- Installing: /home/ubuntuuser/ros2_ws/install/crazyflie_interfaces/include/crazyflie_interfaces/crazyflie_interfaces/msg/detail/full_state__type_support.c
[1.397s] -- Up-to-date: /home/ubuntuuser/ros2_ws/install/crazyflie_interfaces/include/crazyflie_interfaces/crazyflie_interfaces/msg/detail/log_data_generic__rosidl_typesupport_introspection_c.h
[1.397s] -- Installing: /home/ubuntuuser/ros2_ws/install/crazyflie_interfaces/include/crazyflie_interfaces/crazyflie_interfaces/msg/detail/log_data_generic__type_support.c
[1.398s] -- Installing: /home/ubuntuuser/ros2_ws/install/crazyflie_interfaces/include/crazyflie_interfaces/crazyflie_interfaces/msg/detail/trajectory_polynomial_piece__type_support.c
[1.399s] -- Installing: /home/ubuntuuser/ros2_ws/install/crazyflie_interfaces/include/crazyflie_interfaces/crazyflie_interfaces/msg/detail/hover__type_support.c
[1.403s] -- Installing: /home/ubuntuuser/ros2_ws/install/crazyflie_interfaces/include/crazyflie_interfaces/crazyflie_interfaces/msg/detail/connection_statistics__type_support.c
[1.403s] -- Installing: /home/ubuntuuser/ros2_ws/install/crazyflie_interfaces/include/crazyflie_interfaces/crazyflie_interfaces/msg/detail/position__type_support.c
[1.404s] -- Up-to-date: /home/ubuntuuser/ros2_ws/install/crazyflie_interfaces/include/crazyflie_interfaces/crazyflie_interfaces/msg/detail/status__rosidl_typesupport_introspection_c.h
[1.405s] -- Up-to-date: /home/ubuntuuser/ros2_ws/install/crazyflie_interfaces/include/crazyflie_interfaces/crazyflie_interfaces/msg/rosidl_typesupport_introspection_c__visibility_control.h
[1.405s] -- Up-to-date: /home/ubuntuuser/ros2_ws/install/crazyflie_interfaces/include/crazyflie_interfaces/crazyflie_interfaces/srv
[1.408s] -- Up-to-date: /home/ubuntuuser/ros2_ws/install/crazyflie_interfaces/include/crazyflie_interfaces/crazyflie_interfaces/srv/detail
[1.408s] -- Installing: /home/ubuntuuser/ros2_ws/install/crazyflie_interfaces/include/crazyflie_interfaces/crazyflie_interfaces/srv/detail/update_params__type_support.c
[1.409s] -- Installing: /home/ubuntuuser/ros2_ws/install/crazyflie_interfaces/include/crazyflie_interfaces/crazyflie_interfaces/srv/detail/add_logging__type_support.c
[1.410s] -- Installing: /home/ubuntuuser/ros2_ws/install/crazyflie_interfaces/include/crazyflie_interfaces/crazyflie_interfaces/srv/detail/start_trajectory__type_support.c
[1.412s] -- Up-to-date: /home/ubuntuuser/ros2_ws/install/crazyflie_interfaces/include/crazyflie_interfaces/crazyflie_interfaces/srv/detail/takeoff__rosidl_typesupport_introspection_c.h
[1.412s] -- Up-to-date: /home/ubuntuuser/ros2_ws/install/crazyflie_interfaces/include/crazyflie_interfaces/crazyflie_interfaces/srv/detail/add_logging__rosidl_typesupport_introspection_c.h
[1.414s] -- Installing: /home/ubuntuuser/ros2_ws/install/crazyflie_interfaces/include/crazyflie_interfaces/crazyflie_interfaces/srv/detail/land__type_support.c
[1.415s] -- Installing: /home/ubuntuuser/ros2_ws/install/crazyflie_interfaces/include/crazyflie_interfaces/crazyflie_interfaces/srv/detail/remove_logging__type_support.c
[1.418s] -- Installing: /home/ubuntuuser/ros2_ws/install/crazyflie_interfaces/include/crazyflie_interfaces/crazyflie_interfaces/srv/detail/arm__type_support.c
[1.419s] -- Installing: /home/ubuntuuser/ros2_ws/install/crazyflie_interfaces/include/crazyflie_interfaces/crazyflie_interfaces/srv/detail/stop__type_support.c
[1.423s] -- Installing: /home/ubuntuuser/ros2_ws/install/crazyflie_interfaces/include/crazyflie_interfaces/crazyflie_interfaces/srv/detail/go_to__type_support.c
[1.424s] -- Up-to-date: /home/ubuntuuser/ros2_ws/install/crazyflie_interfaces/include/crazyflie_interfaces/crazyflie_interfaces/srv/detail/notify_setpoints_stop__rosidl_typesupport_introspection_c.h
[1.425s] -- Installing: /home/ubuntuuser/ros2_ws/install/crazyflie_interfaces/include/crazyflie_interfaces/crazyflie_interfaces/srv/detail/notify_setpoints_stop__type_support.c
[1.428s] -- Up-to-date: /home/ubuntuuser/ros2_ws/install/crazyflie_interfaces/include/crazyflie_interfaces/crazyflie_interfaces/srv/detail/stop__rosidl_typesupport_introspection_c.h
[1.428s] -- Installing: /home/ubuntuuser/ros2_ws/install/crazyflie_interfaces/include/crazyflie_interfaces/crazyflie_interfaces/srv/detail/takeoff__type_support.c
[1.432s] -- Up-to-date: /home/ubuntuuser/ros2_ws/install/crazyflie_interfaces/include/crazyflie_interfaces/crazyflie_interfaces/srv/detail/update_params__rosidl_typesupport_introspection_c.h
[1.437s] -- Up-to-date: /home/ubuntuuser/ros2_ws/install/crazyflie_interfaces/include/crazyflie_interfaces/crazyflie_interfaces/srv/detail/upload_trajectory__rosidl_typesupport_introspection_c.h
[1.437s] -- Up-to-date: /home/ubuntuuser/ros2_ws/install/crazyflie_interfaces/include/crazyflie_interfaces/crazyflie_interfaces/srv/detail/arm__rosidl_typesupport_introspection_c.h
[1.437s] -- Up-to-date: /home/ubuntuuser/ros2_ws/install/crazyflie_interfaces/include/crazyflie_interfaces/crazyflie_interfaces/srv/detail/land__rosidl_typesupport_introspection_c.h
[1.437s] -- Installing: /home/ubuntuuser/ros2_ws/install/crazyflie_interfaces/include/crazyflie_interfaces/crazyflie_interfaces/srv/detail/upload_trajectory__type_support.c
[1.438s] -- Up-to-date: /home/ubuntuuser/ros2_ws/install/crazyflie_interfaces/include/crazyflie_interfaces/crazyflie_interfaces/srv/detail/remove_logging__rosidl_typesupport_introspection_c.h
[1.438s] -- Up-to-date: /home/ubuntuuser/ros2_ws/install/crazyflie_interfaces/include/crazyflie_interfaces/crazyflie_interfaces/srv/detail/go_to__rosidl_typesupport_introspection_c.h
[1.439s] -- Installing: /home/ubuntuuser/ros2_ws/install/crazyflie_interfaces/include/crazyflie_interfaces/crazyflie_interfaces/srv/detail/set_group_mask__type_support.c
[1.442s] -- Up-to-date: /home/ubuntuuser/ros2_ws/install/crazyflie_interfaces/include/crazyflie_interfaces/crazyflie_interfaces/srv/detail/start_trajectory__rosidl_typesupport_introspection_c.h
[1.446s] -- Up-to-date: /home/ubuntuuser/ros2_ws/install/crazyflie_interfaces/include/crazyflie_interfaces/crazyflie_interfaces/srv/detail/set_group_mask__rosidl_typesupport_introspection_c.h
[1.446s] -- Up-to-date: /home/ubuntuuser/ros2_ws/install/crazyflie_interfaces/lib/libcrazyflie_interfaces__rosidl_typesupport_introspection_c.so
[1.448s] -- Up-to-date: /home/ubuntuuser/ros2_ws/install/crazyflie_interfaces/lib/libcrazyflie_interfaces__rosidl_typesupport_c.so
[1.451s] -- Up-to-date: /home/ubuntuuser/ros2_ws/install/crazyflie_interfaces/include/crazyflie_interfaces/crazyflie_interfaces
[1.451s] -- Up-to-date: /home/ubuntuuser/ros2_ws/install/crazyflie_interfaces/include/crazyflie_interfaces/crazyflie_interfaces/msg
[1.451s] -- Up-to-date: /home/ubuntuuser/ros2_ws/install/crazyflie_interfaces/include/crazyflie_interfaces/crazyflie_interfaces/msg/detail
[1.451s] -- Up-to-date: /home/ubuntuuser/ros2_ws/install/crazyflie_interfaces/include/crazyflie_interfaces/crazyflie_interfaces/msg/detail/log_block__rosidl_typesupport_introspection_cpp.hpp
[1.452s] -- Up-to-date: /home/ubuntuuser/ros2_ws/install/crazyflie_interfaces/include/crazyflie_interfaces/crazyflie_interfaces/msg/detail/full_state__rosidl_typesupport_introspection_cpp.hpp
[1.452s] -- Up-to-date: /home/ubuntuuser/ros2_ws/install/crazyflie_interfaces/include/crazyflie_interfaces/crazyflie_interfaces/msg/detail/status__rosidl_typesupport_introspection_cpp.hpp
[1.452s] -- Up-to-date: /home/ubuntuuser/ros2_ws/install/crazyflie_interfaces/include/crazyflie_interfaces/crazyflie_interfaces/msg/detail/trajectory_polynomial_piece__type_support.cpp
[1.452s] -- Up-to-date: /home/ubuntuuser/ros2_ws/install/crazyflie_interfaces/include/crazyflie_interfaces/crazyflie_interfaces/msg/detail/hover__type_support.cpp
[1.452s] -- Up-to-date: /home/ubuntuuser/ros2_ws/install/crazyflie_interfaces/include/crazyflie_interfaces/crazyflie_interfaces/msg/detail/status__type_support.cpp
[1.452s] -- Up-to-date: /home/ubuntuuser/ros2_ws/install/crazyflie_interfaces/include/crazyflie_interfaces/crazyflie_interfaces/msg/detail/connection_statistics_array__type_support.cpp
[1.452s] -- Up-to-date: /home/ubuntuuser/ros2_ws/install/crazyflie_interfaces/include/crazyflie_interfaces/crazyflie_interfaces/msg/detail/log_data_generic__type_support.cpp
[1.452s] -- Up-to-date: /home/ubuntuuser/ros2_ws/install/crazyflie_interfaces/include/crazyflie_interfaces/crazyflie_interfaces/msg/detail/full_state__type_support.cpp
[1.453s] -- Up-to-date: /home/ubuntuuser/ros2_ws/install/crazyflie_interfaces/include/crazyflie_interfaces/crazyflie_interfaces/msg/detail/connection_statistics__rosidl_typesupport_introspection_cpp.hpp
[1.453s] -- Up-to-date: /home/ubuntuuser/ros2_ws/install/crazyflie_interfaces/include/crazyflie_interfaces/crazyflie_interfaces/msg/detail/trajectory_polynomial_piece__rosidl_typesupport_introspection_cpp.hpp
[1.458s] -- Up-to-date: /home/ubuntuuser/ros2_ws/install/crazyflie_interfaces/include/crazyflie_interfaces/crazyflie_interfaces/msg/detail/connection_statistics__type_support.cpp
[1.459s] -- Up-to-date: /home/ubuntuuser/ros2_ws/install/crazyflie_interfaces/include/crazyflie_interfaces/crazyflie_interfaces/msg/detail/position__type_support.cpp
[1.459s] -- Up-to-date: /home/ubuntuuser/ros2_ws/install/crazyflie_interfaces/include/crazyflie_interfaces/crazyflie_interfaces/msg/detail/connection_statistics_array__rosidl_typesupport_introspection_cpp.hpp
[1.459s] -- Up-to-date: /home/ubuntuuser/ros2_ws/install/crazyflie_interfaces/include/crazyflie_interfaces/crazyflie_interfaces/msg/detail/hover__rosidl_typesupport_introspection_cpp.hpp
[1.460s] -- Up-to-date: /home/ubuntuuser/ros2_ws/install/crazyflie_interfaces/include/crazyflie_interfaces/crazyflie_interfaces/msg/detail/log_block__type_support.cpp
[1.460s] -- Up-to-date: /home/ubuntuuser/ros2_ws/install/crazyflie_interfaces/include/crazyflie_interfaces/crazyflie_interfaces/msg/detail/log_data_generic__rosidl_typesupport_introspection_cpp.hpp
[1.460s] -- Up-to-date: /home/ubuntuuser/ros2_ws/install/crazyflie_interfaces/include/crazyflie_interfaces/crazyflie_interfaces/msg/detail/position__rosidl_typesupport_introspection_cpp.hpp
[1.460s] -- Up-to-date: /home/ubuntuuser/ros2_ws/install/crazyflie_interfaces/include/crazyflie_interfaces/crazyflie_interfaces/msg/detail/velocity_world__rosidl_typesupport_introspection_cpp.hpp
[1.460s] -- Up-to-date: /home/ubuntuuser/ros2_ws/install/crazyflie_interfaces/include/crazyflie_interfaces/crazyflie_interfaces/msg/detail/velocity_world__type_support.cpp
[1.460s] -- Up-to-date: /home/ubuntuuser/ros2_ws/install/crazyflie_interfaces/include/crazyflie_interfaces/crazyflie_interfaces/srv
[1.460s] -- Up-to-date: /home/ubuntuuser/ros2_ws/install/crazyflie_interfaces/include/crazyflie_interfaces/crazyflie_interfaces/srv/detail
[1.460s] -- Up-to-date: /home/ubuntuuser/ros2_ws/install/crazyflie_interfaces/include/crazyflie_interfaces/crazyflie_interfaces/srv/detail/arm__rosidl_typesupport_introspection_cpp.hpp
[1.460s] -- Up-to-date: /home/ubuntuuser/ros2_ws/install/crazyflie_interfaces/include/crazyflie_interfaces/crazyflie_interfaces/srv/detail/notify_setpoints_stop__rosidl_typesupport_introspection_cpp.hpp
[1.460s] -- Up-to-date: /home/ubuntuuser/ros2_ws/install/crazyflie_interfaces/include/crazyflie_interfaces/crazyflie_interfaces/srv/detail/upload_trajectory__type_support.cpp
[1.461s] -- Up-to-date: /home/ubuntuuser/ros2_ws/install/crazyflie_interfaces/include/crazyflie_interfaces/crazyflie_interfaces/srv/detail/arm__type_support.cpp
[1.461s] -- Up-to-date: /home/ubuntuuser/ros2_ws/install/crazyflie_interfaces/include/crazyflie_interfaces/crazyflie_interfaces/srv/detail/takeoff__type_support.cpp
[1.461s] -- Up-to-date: /home/ubuntuuser/ros2_ws/install/crazyflie_interfaces/include/crazyflie_interfaces/crazyflie_interfaces/srv/detail/go_to__rosidl_typesupport_introspection_cpp.hpp
[1.461s] -- Up-to-date: /home/ubuntuuser/ros2_ws/install/crazyflie_interfaces/include/crazyflie_interfaces/crazyflie_interfaces/srv/detail/set_group_mask__type_support.cpp
[1.461s] -- Up-to-date: /home/ubuntuuser/ros2_ws/install/crazyflie_interfaces/include/crazyflie_interfaces/crazyflie_interfaces/srv/detail/add_logging__type_support.cpp
[1.461s] -- Up-to-date: /home/ubuntuuser/ros2_ws/install/crazyflie_interfaces/include/crazyflie_interfaces/crazyflie_interfaces/srv/detail/land__type_support.cpp
[1.461s] -- Up-to-date: /home/ubuntuuser/ros2_ws/install/crazyflie_interfaces/include/crazyflie_interfaces/crazyflie_interfaces/srv/detail/set_group_mask__rosidl_typesupport_introspection_cpp.hpp
[1.461s] -- Up-to-date: /home/ubuntuuser/ros2_ws/install/crazyflie_interfaces/include/crazyflie_interfaces/crazyflie_interfaces/srv/detail/add_logging__rosidl_typesupport_introspection_cpp.hpp
[1.461s] -- Up-to-date: /home/ubuntuuser/ros2_ws/install/crazyflie_interfaces/include/crazyflie_interfaces/crazyflie_interfaces/srv/detail/go_to__type_support.cpp
[1.461s] -- Up-to-date: /home/ubuntuuser/ros2_ws/install/crazyflie_interfaces/include/crazyflie_interfaces/crazyflie_interfaces/srv/detail/notify_setpoints_stop__type_support.cpp
[1.461s] -- Up-to-date: /home/ubuntuuser/ros2_ws/install/crazyflie_interfaces/include/crazyflie_interfaces/crazyflie_interfaces/srv/detail/takeoff__rosidl_typesupport_introspection_cpp.hpp
[1.461s] -- Up-to-date: /home/ubuntuuser/ros2_ws/install/crazyflie_interfaces/include/crazyflie_interfaces/crazyflie_interfaces/srv/detail/remove_logging__type_support.cpp
[1.462s] -- Up-to-date: /home/ubuntuuser/ros2_ws/install/crazyflie_interfaces/include/crazyflie_interfaces/crazyflie_interfaces/srv/detail/stop__type_support.cpp
[1.462s] -- Up-to-date: /home/ubuntuuser/ros2_ws/install/crazyflie_interfaces/include/crazyflie_interfaces/crazyflie_interfaces/srv/detail/upload_trajectory__rosidl_typesupport_introspection_cpp.hpp
[1.462s] -- Up-to-date: /home/ubuntuuser/ros2_ws/install/crazyflie_interfaces/include/crazyflie_interfaces/crazyflie_interfaces/srv/detail/remove_logging__rosidl_typesupport_introspection_cpp.hpp
[1.462s] -- Up-to-date: /home/ubuntuuser/ros2_ws/install/crazyflie_interfaces/include/crazyflie_interfaces/crazyflie_interfaces/srv/detail/start_trajectory__rosidl_typesupport_introspection_cpp.hpp
[1.462s] -- Up-to-date: /home/ubuntuuser/ros2_ws/install/crazyflie_interfaces/include/crazyflie_interfaces/crazyflie_interfaces/srv/detail/update_params__type_support.cpp
[1.469s] -- Up-to-date: /home/ubuntuuser/ros2_ws/install/crazyflie_interfaces/include/crazyflie_interfaces/crazyflie_interfaces/srv/detail/stop__rosidl_typesupport_introspection_cpp.hpp
[1.470s] -- Up-to-date: /home/ubuntuuser/ros2_ws/install/crazyflie_interfaces/include/crazyflie_interfaces/crazyflie_interfaces/srv/detail/start_trajectory__type_support.cpp
[1.470s] -- Up-to-date: /home/ubuntuuser/ros2_ws/install/crazyflie_interfaces/include/crazyflie_interfaces/crazyflie_interfaces/srv/detail/update_params__rosidl_typesupport_introspection_cpp.hpp
[1.470s] -- Up-to-date: /home/ubuntuuser/ros2_ws/install/crazyflie_interfaces/include/crazyflie_interfaces/crazyflie_interfaces/srv/detail/land__rosidl_typesupport_introspection_cpp.hpp
[1.472s] -- Up-to-date: /home/ubuntuuser/ros2_ws/install/crazyflie_interfaces/lib/libcrazyflie_interfaces__rosidl_typesupport_introspection_cpp.so
[1.472s] -- Up-to-date: /home/ubuntuuser/ros2_ws/install/crazyflie_interfaces/lib/libcrazyflie_interfaces__rosidl_typesupport_cpp.so
[1.472s] -- Up-to-date: /home/ubuntuuser/ros2_ws/install/crazyflie_interfaces/share/crazyflie_interfaces/environment/pythonpath.sh
[1.472s] -- Up-to-date: /home/ubuntuuser/ros2_ws/install/crazyflie_interfaces/share/crazyflie_interfaces/environment/pythonpath.dsv
[1.472s] -- Up-to-date: /home/ubuntuuser/ros2_ws/install/crazyflie_interfaces/lib/python3.12/site-packages/crazyflie_interfaces-1.0.3-py3.12.egg-info
[1.472s] -- Installing: /home/ubuntuuser/ros2_ws/install/crazyflie_interfaces/lib/python3.12/site-packages/crazyflie_interfaces-1.0.3-py3.12.egg-info/SOURCES.txt
[1.473s] -- Installing: /home/ubuntuuser/ros2_ws/install/crazyflie_interfaces/lib/python3.12/site-packages/crazyflie_interfaces-1.0.3-py3.12.egg-info/PKG-INFO
[1.473s] -- Installing: /home/ubuntuuser/ros2_ws/install/crazyflie_interfaces/lib/python3.12/site-packages/crazyflie_interfaces-1.0.3-py3.12.egg-info/dependency_links.txt
[1.473s] -- Installing: /home/ubuntuuser/ros2_ws/install/crazyflie_interfaces/lib/python3.12/site-packages/crazyflie_interfaces-1.0.3-py3.12.egg-info/top_level.txt
[1.473s] -- Up-to-date: /home/ubuntuuser/ros2_ws/install/crazyflie_interfaces/lib/python3.12/site-packages/crazyflie_interfaces
[1.473s] -- Up-to-date: /home/ubuntuuser/ros2_ws/install/crazyflie_interfaces/lib/python3.12/site-packages/crazyflie_interfaces/crazyflie_interfaces_s__rosidl_typesupport_c.so
[1.473s] -- Up-to-date: /home/ubuntuuser/ros2_ws/install/crazyflie_interfaces/lib/python3.12/site-packages/crazyflie_interfaces/msg
[1.473s] -- Up-to-date: /home/ubuntuuser/ros2_ws/install/crazyflie_interfaces/lib/python3.12/site-packages/crazyflie_interfaces/msg/_position.py
[1.473s] -- Up-to-date: /home/ubuntuuser/ros2_ws/install/crazyflie_interfaces/lib/python3.12/site-packages/crazyflie_interfaces/msg/_connection_statistics_array_s.c
[1.473s] -- Up-to-date: /home/ubuntuuser/ros2_ws/install/crazyflie_interfaces/lib/python3.12/site-packages/crazyflie_interfaces/msg/_log_block_s.c
[1.473s] -- Up-to-date: /home/ubuntuuser/ros2_ws/install/crazyflie_interfaces/lib/python3.12/site-packages/crazyflie_interfaces/msg/_connection_statistics_s.c
[1.477s] -- Up-to-date: /home/ubuntuuser/ros2_ws/install/crazyflie_interfaces/lib/python3.12/site-packages/crazyflie_interfaces/msg/_trajectory_polynomial_piece_s.c
[1.477s] -- Up-to-date: /home/ubuntuuser/ros2_ws/install/crazyflie_interfaces/lib/python3.12/site-packages/crazyflie_interfaces/msg/_hover.py
[1.477s] -- Up-to-date: /home/ubuntuuser/ros2_ws/install/crazyflie_interfaces/lib/python3.12/site-packages/crazyflie_interfaces/msg/__init__.py
[1.477s] -- Up-to-date: /home/ubuntuuser/ros2_ws/install/crazyflie_interfaces/lib/python3.12/site-packages/crazyflie_interfaces/msg/_log_block.py
[1.478s] -- Up-to-date: /home/ubuntuuser/ros2_ws/install/crazyflie_interfaces/lib/python3.12/site-packages/crazyflie_interfaces/msg/_velocity_world.py
[1.478s] -- Up-to-date: /home/ubuntuuser/ros2_ws/install/crazyflie_interfaces/lib/python3.12/site-packages/crazyflie_interfaces/msg/_velocity_world_s.c
[1.478s] -- Up-to-date: /home/ubuntuuser/ros2_ws/install/crazyflie_interfaces/lib/python3.12/site-packages/crazyflie_interfaces/msg/_connection_statistics_array.py
[1.478s] -- Up-to-date: /home/ubuntuuser/ros2_ws/install/crazyflie_interfaces/lib/python3.12/site-packages/crazyflie_interfaces/msg/_position_s.c
[1.478s] -- Up-to-date: /home/ubuntuuser/ros2_ws/install/crazyflie_interfaces/lib/python3.12/site-packages/crazyflie_interfaces/msg/_log_data_generic_s.c
[1.478s] -- Up-to-date: /home/ubuntuuser/ros2_ws/install/crazyflie_interfaces/lib/python3.12/site-packages/crazyflie_interfaces/msg/_status.py
[1.479s] -- Up-to-date: /home/ubuntuuser/ros2_ws/install/crazyflie_interfaces/lib/python3.12/site-packages/crazyflie_interfaces/msg/_status_s.c
[1.481s] -- Up-to-date: /home/ubuntuuser/ros2_ws/install/crazyflie_interfaces/lib/python3.12/site-packages/crazyflie_interfaces/msg/_full_state_s.c
[1.481s] -- Up-to-date: /home/ubuntuuser/ros2_ws/install/crazyflie_interfaces/lib/python3.12/site-packages/crazyflie_interfaces/msg/_log_data_generic.py
[1.481s] -- Up-to-date: /home/ubuntuuser/ros2_ws/install/crazyflie_interfaces/lib/python3.12/site-packages/crazyflie_interfaces/msg/_full_state.py
[1.481s] -- Up-to-date: /home/ubuntuuser/ros2_ws/install/crazyflie_interfaces/lib/python3.12/site-packages/crazyflie_interfaces/msg/_trajectory_polynomial_piece.py
[1.481s] -- Up-to-date: /home/ubuntuuser/ros2_ws/install/crazyflie_interfaces/lib/python3.12/site-packages/crazyflie_interfaces/msg/_connection_statistics.py
[1.481s] -- Up-to-date: /home/ubuntuuser/ros2_ws/install/crazyflie_interfaces/lib/python3.12/site-packages/crazyflie_interfaces/msg/_hover_s.c
[1.481s] -- Up-to-date: /home/ubuntuuser/ros2_ws/install/crazyflie_interfaces/lib/python3.12/site-packages/crazyflie_interfaces/__init__.py
[1.482s] -- Up-to-date: /home/ubuntuuser/ros2_ws/install/crazyflie_interfaces/lib/python3.12/site-packages/crazyflie_interfaces/_crazyflie_interfaces_s.ep.rosidl_typesupport_introspection_c.c
[1.482s] -- Up-to-date: /home/ubuntuuser/ros2_ws/install/crazyflie_interfaces/lib/python3.12/site-packages/crazyflie_interfaces/crazyflie_interfaces_s__rosidl_typesupport_introspection_c.so
[1.482s] -- Up-to-date: /home/ubuntuuser/ros2_ws/install/crazyflie_interfaces/lib/python3.12/site-packages/crazyflie_interfaces/srv
[1.482s] -- Up-to-date: /home/ubuntuuser/ros2_ws/install/crazyflie_interfaces/lib/python3.12/site-packages/crazyflie_interfaces/srv/_notify_setpoints_stop.py
[1.482s] -- Up-to-date: /home/ubuntuuser/ros2_ws/install/crazyflie_interfaces/lib/python3.12/site-packages/crazyflie_interfaces/srv/_takeoff.py
[1.482s] -- Up-to-date: /home/ubuntuuser/ros2_ws/install/crazyflie_interfaces/lib/python3.12/site-packages/crazyflie_interfaces/srv/_start_trajectory.py
[1.482s] -- Up-to-date: /home/ubuntuuser/ros2_ws/install/crazyflie_interfaces/lib/python3.12/site-packages/crazyflie_interfaces/srv/_stop.py
[1.483s] -- Up-to-date: /home/ubuntuuser/ros2_ws/install/crazyflie_interfaces/lib/python3.12/site-packages/crazyflie_interfaces/srv/_set_group_mask_s.c
[1.483s] -- Up-to-date: /home/ubuntuuser/ros2_ws/install/crazyflie_interfaces/lib/python3.12/site-packages/crazyflie_interfaces/srv/__init__.py
[1.483s] -- Up-to-date: /home/ubuntuuser/ros2_ws/install/crazyflie_interfaces/lib/python3.12/site-packages/crazyflie_interfaces/srv/_go_to_s.c
[1.483s] -- Up-to-date: /home/ubuntuuser/ros2_ws/install/crazyflie_interfaces/lib/python3.12/site-packages/crazyflie_interfaces/srv/_takeoff_s.c
[1.483s] -- Up-to-date: /home/ubuntuuser/ros2_ws/install/crazyflie_interfaces/lib/python3.12/site-packages/crazyflie_interfaces/srv/_remove_logging.py
[1.483s] -- Up-to-date: /home/ubuntuuser/ros2_ws/install/crazyflie_interfaces/lib/python3.12/site-packages/crazyflie_interfaces/srv/_go_to.py
[1.483s] -- Up-to-date: /home/ubuntuuser/ros2_ws/install/crazyflie_interfaces/lib/python3.12/site-packages/crazyflie_interfaces/srv/_land_s.c
[1.484s] -- Up-to-date: /home/ubuntuuser/ros2_ws/install/crazyflie_interfaces/lib/python3.12/site-packages/crazyflie_interfaces/srv/_remove_logging_s.c
[1.484s] -- Up-to-date: /home/ubuntuuser/ros2_ws/install/crazyflie_interfaces/lib/python3.12/site-packages/crazyflie_interfaces/srv/_notify_setpoints_stop_s.c
[1.484s] -- Up-to-date: /home/ubuntuuser/ros2_ws/install/crazyflie_interfaces/lib/python3.12/site-packages/crazyflie_interfaces/srv/_arm_s.c
[1.484s] -- Up-to-date: /home/ubuntuuser/ros2_ws/install/crazyflie_interfaces/lib/python3.12/site-packages/crazyflie_interfaces/srv/_start_trajectory_s.c
[1.484s] -- Up-to-date: /home/ubuntuuser/ros2_ws/install/crazyflie_interfaces/lib/python3.12/site-packages/crazyflie_interfaces/srv/_land.py
[1.484s] -- Up-to-date: /home/ubuntuuser/ros2_ws/install/crazyflie_interfaces/lib/python3.12/site-packages/crazyflie_interfaces/srv/_stop_s.c
[1.485s] -- Up-to-date: /home/ubuntuuser/ros2_ws/install/crazyflie_interfaces/lib/python3.12/site-packages/crazyflie_interfaces/srv/_set_group_mask.py
[1.485s] -- Up-to-date: /home/ubuntuuser/ros2_ws/install/crazyflie_interfaces/lib/python3.12/site-packages/crazyflie_interfaces/srv/_update_params.py
[1.485s] -- Up-to-date: /home/ubuntuuser/ros2_ws/install/crazyflie_interfaces/lib/python3.12/site-packages/crazyflie_interfaces/srv/_arm.py
[1.485s] -- Up-to-date: /home/ubuntuuser/ros2_ws/install/crazyflie_interfaces/lib/python3.12/site-packages/crazyflie_interfaces/srv/_add_logging_s.c
[1.485s] -- Up-to-date: /home/ubuntuuser/ros2_ws/install/crazyflie_interfaces/lib/python3.12/site-packages/crazyflie_interfaces/srv/_upload_trajectory.py
[1.485s] -- Up-to-date: /home/ubuntuuser/ros2_ws/install/crazyflie_interfaces/lib/python3.12/site-packages/crazyflie_interfaces/srv/_add_logging.py
[1.485s] -- Up-to-date: /home/ubuntuuser/ros2_ws/install/crazyflie_interfaces/lib/python3.12/site-packages/crazyflie_interfaces/srv/_upload_trajectory_s.c
[1.485s] -- Up-to-date: /home/ubuntuuser/ros2_ws/install/crazyflie_interfaces/lib/python3.12/site-packages/crazyflie_interfaces/srv/_update_params_s.c
[1.485s] -- Up-to-date: /home/ubuntuuser/ros2_ws/install/crazyflie_interfaces/lib/python3.12/site-packages/crazyflie_interfaces/_crazyflie_interfaces_s.ep.rosidl_typesupport_c.c
[1.485s] -- Up-to-date: /home/ubuntuuser/ros2_ws/install/crazyflie_interfaces/lib/python3.12/site-packages/crazyflie_interfaces/_crazyflie_interfaces_s.ep.rosidl_typesupport_fastrtps_c.c
[1.486s] -- Up-to-date: /home/ubuntuuser/ros2_ws/install/crazyflie_interfaces/lib/python3.12/site-packages/crazyflie_interfaces/crazyflie_interfaces_s__rosidl_typesupport_fastrtps_c.so
[1.569s] Listing '/home/ubuntuuser/ros2_ws/install/crazyflie_interfaces/lib/python3.12/site-packages/crazyflie_interfaces'...
[1.569s] Listing '/home/ubuntuuser/ros2_ws/install/crazyflie_interfaces/lib/python3.12/site-packages/crazyflie_interfaces/msg'...
[1.570s] Listing '/home/ubuntuuser/ros2_ws/install/crazyflie_interfaces/lib/python3.12/site-packages/crazyflie_interfaces/srv'...
[1.583s] -- Up-to-date: /home/ubuntuuser/ros2_ws/install/crazyflie_interfaces/lib/python3.12/site-packages/crazyflie_interfaces/crazyflie_interfaces_s__rosidl_typesupport_fastrtps_c.so
[1.585s] -- Up-to-date: /home/ubuntuuser/ros2_ws/install/crazyflie_interfaces/lib/python3.12/site-packages/crazyflie_interfaces/crazyflie_interfaces_s__rosidl_typesupport_introspection_c.so
[1.586s] -- Up-to-date: /home/ubuntuuser/ros2_ws/install/crazyflie_interfaces/lib/python3.12/site-packages/crazyflie_interfaces/crazyflie_interfaces_s__rosidl_typesupport_c.so
[1.588s] -- Up-to-date: /home/ubuntuuser/ros2_ws/install/crazyflie_interfaces/lib/libcrazyflie_interfaces__rosidl_generator_py.so
[1.589s] -- Up-to-date: /home/ubuntuuser/ros2_ws/install/crazyflie_interfaces/share/crazyflie_interfaces/msg/ConnectionStatistics.idl
[1.590s] -- Up-to-date: /home/ubuntuuser/ros2_ws/install/crazyflie_interfaces/share/crazyflie_interfaces/msg/ConnectionStatisticsArray.idl
[1.590s] -- Up-to-date: /home/ubuntuuser/ros2_ws/install/crazyflie_interfaces/share/crazyflie_interfaces/msg/FullState.idl
[1.591s] -- Up-to-date: /home/ubuntuuser/ros2_ws/install/crazyflie_interfaces/share/crazyflie_interfaces/msg/LogDataGeneric.idl
[1.592s] -- Up-to-date: /home/ubuntuuser/ros2_ws/install/crazyflie_interfaces/share/crazyflie_interfaces/msg/Hover.idl
[1.592s] -- Up-to-date: /home/ubuntuuser/ros2_ws/install/crazyflie_interfaces/share/crazyflie_interfaces/msg/LogBlock.idl
[1.593s] -- Up-to-date: /home/ubuntuuser/ros2_ws/install/crazyflie_interfaces/share/crazyflie_interfaces/msg/Position.idl
[1.594s] -- Up-to-date: /home/ubuntuuser/ros2_ws/install/crazyflie_interfaces/share/crazyflie_interfaces/msg/Status.idl
[1.594s] -- Up-to-date: /home/ubuntuuser/ros2_ws/install/crazyflie_interfaces/share/crazyflie_interfaces/msg/TrajectoryPolynomialPiece.idl
[1.595s] -- Up-to-date: /home/ubuntuuser/ros2_ws/install/crazyflie_interfaces/share/crazyflie_interfaces/msg/VelocityWorld.idl
[1.595s] -- Up-to-date: /home/ubuntuuser/ros2_ws/install/crazyflie_interfaces/share/crazyflie_interfaces/srv/GoTo.idl
[1.595s] -- Up-to-date: /home/ubuntuuser/ros2_ws/install/crazyflie_interfaces/share/crazyflie_interfaces/srv/Land.idl
[1.596s] -- Up-to-date: /home/ubuntuuser/ros2_ws/install/crazyflie_interfaces/share/crazyflie_interfaces/srv/NotifySetpointsStop.idl
[1.596s] -- Up-to-date: /home/ubuntuuser/ros2_ws/install/crazyflie_interfaces/share/crazyflie_interfaces/srv/SetGroupMask.idl
[1.598s] -- Up-to-date: /home/ubuntuuser/ros2_ws/install/crazyflie_interfaces/share/crazyflie_interfaces/srv/StartTrajectory.idl
[1.598s] -- Up-to-date: /home/ubuntuuser/ros2_ws/install/crazyflie_interfaces/share/crazyflie_interfaces/srv/Stop.idl
[1.599s] -- Up-to-date: /home/ubuntuuser/ros2_ws/install/crazyflie_interfaces/share/crazyflie_interfaces/srv/Takeoff.idl
[1.600s] -- Up-to-date: /home/ubuntuuser/ros2_ws/install/crazyflie_interfaces/share/crazyflie_interfaces/srv/UpdateParams.idl
[1.600s] -- Up-to-date: /home/ubuntuuser/ros2_ws/install/crazyflie_interfaces/share/crazyflie_interfaces/srv/UploadTrajectory.idl
[1.600s] -- Up-to-date: /home/ubuntuuser/ros2_ws/install/crazyflie_interfaces/share/crazyflie_interfaces/srv/RemoveLogging.idl
[1.601s] -- Up-to-date: /home/ubuntuuser/ros2_ws/install/crazyflie_interfaces/share/crazyflie_interfaces/srv/AddLogging.idl
[1.601s] -- Up-to-date: /home/ubuntuuser/ros2_ws/install/crazyflie_interfaces/share/crazyflie_interfaces/srv/Arm.idl
[1.601s] -- Up-to-date: /home/ubuntuuser/ros2_ws/install/crazyflie_interfaces/share/crazyflie_interfaces/msg/ConnectionStatistics.msg
[1.602s] -- Up-to-date: /home/ubuntuuser/ros2_ws/install/crazyflie_interfaces/share/crazyflie_interfaces/msg/ConnectionStatisticsArray.msg
[1.602s] -- Up-to-date: /home/ubuntuuser/ros2_ws/install/crazyflie_interfaces/share/crazyflie_interfaces/msg/FullState.msg
[1.603s] -- Up-to-date: /home/ubuntuuser/ros2_ws/install/crazyflie_interfaces/share/crazyflie_interfaces/msg/LogDataGeneric.msg
[1.603s] -- Up-to-date: /home/ubuntuuser/ros2_ws/install/crazyflie_interfaces/share/crazyflie_interfaces/msg/Hover.msg
[1.603s] -- Up-to-date: /home/ubuntuuser/ros2_ws/install/crazyflie_interfaces/share/crazyflie_interfaces/msg/LogBlock.msg
[1.604s] -- Up-to-date: /home/ubuntuuser/ros2_ws/install/crazyflie_interfaces/share/crazyflie_interfaces/msg/Position.msg
[1.604s] -- Up-to-date: /home/ubuntuuser/ros2_ws/install/crazyflie_interfaces/share/crazyflie_interfaces/msg/Status.msg
[1.605s] -- Up-to-date: /home/ubuntuuser/ros2_ws/install/crazyflie_interfaces/share/crazyflie_interfaces/msg/TrajectoryPolynomialPiece.msg
[1.605s] -- Up-to-date: /home/ubuntuuser/ros2_ws/install/crazyflie_interfaces/share/crazyflie_interfaces/msg/VelocityWorld.msg
[1.606s] -- Up-to-date: /home/ubuntuuser/ros2_ws/install/crazyflie_interfaces/share/crazyflie_interfaces/srv/GoTo.srv
[1.606s] -- Up-to-date: /home/ubuntuuser/ros2_ws/install/crazyflie_interfaces/share/crazyflie_interfaces/srv/Land.srv
[1.607s] -- Up-to-date: /home/ubuntuuser/ros2_ws/install/crazyflie_interfaces/share/crazyflie_interfaces/srv/NotifySetpointsStop.srv
[1.607s] -- Up-to-date: /home/ubuntuuser/ros2_ws/install/crazyflie_interfaces/share/crazyflie_interfaces/srv/SetGroupMask.srv
[1.607s] -- Up-to-date: /home/ubuntuuser/ros2_ws/install/crazyflie_interfaces/share/crazyflie_interfaces/srv/StartTrajectory.srv
[1.608s] -- Up-to-date: /home/ubuntuuser/ros2_ws/install/crazyflie_interfaces/share/crazyflie_interfaces/srv/Stop.srv
[1.608s] -- Up-to-date: /home/ubuntuuser/ros2_ws/install/crazyflie_interfaces/share/crazyflie_interfaces/srv/Takeoff.srv
[1.609s] -- Up-to-date: /home/ubuntuuser/ros2_ws/install/crazyflie_interfaces/share/crazyflie_interfaces/srv/UpdateParams.srv
[1.610s] -- Up-to-date: /home/ubuntuuser/ros2_ws/install/crazyflie_interfaces/share/crazyflie_interfaces/srv/UploadTrajectory.srv
[1.611s] -- Up-to-date: /home/ubuntuuser/ros2_ws/install/crazyflie_interfaces/share/crazyflie_interfaces/srv/RemoveLogging.srv
[1.611s] -- Up-to-date: /home/ubuntuuser/ros2_ws/install/crazyflie_interfaces/share/crazyflie_interfaces/srv/AddLogging.srv
[1.611s] -- Up-to-date: /home/ubuntuuser/ros2_ws/install/crazyflie_interfaces/share/crazyflie_interfaces/srv/Arm.srv
[1.612s] -- Up-to-date: /home/ubuntuuser/ros2_ws/install/crazyflie_interfaces/share/ament_index/resource_index/package_run_dependencies/crazyflie_interfaces
[1.612s] -- Up-to-date: /home/ubuntuuser/ros2_ws/install/crazyflie_interfaces/share/ament_index/resource_index/parent_prefix_path/crazyflie_interfaces
[1.613s] -- Up-to-date: /home/ubuntuuser/ros2_ws/install/crazyflie_interfaces/share/crazyflie_interfaces/environment/ament_prefix_path.sh
[1.613s] -- Up-to-date: /home/ubuntuuser/ros2_ws/install/crazyflie_interfaces/share/crazyflie_interfaces/environment/ament_prefix_path.dsv
[1.613s] -- Up-to-date: /home/ubuntuuser/ros2_ws/install/crazyflie_interfaces/share/crazyflie_interfaces/environment/path.sh
[1.614s] -- Up-to-date: /home/ubuntuuser/ros2_ws/install/crazyflie_interfaces/share/crazyflie_interfaces/environment/path.dsv
[1.614s] -- Up-to-date: /home/ubuntuuser/ros2_ws/install/crazyflie_interfaces/share/crazyflie_interfaces/local_setup.bash
[1.615s] -- Up-to-date: /home/ubuntuuser/ros2_ws/install/crazyflie_interfaces/share/crazyflie_interfaces/local_setup.sh
[1.616s] -- Up-to-date: /home/ubuntuuser/ros2_ws/install/crazyflie_interfaces/share/crazyflie_interfaces/local_setup.zsh
[1.616s] -- Up-to-date: /home/ubuntuuser/ros2_ws/install/crazyflie_interfaces/share/crazyflie_interfaces/local_setup.dsv
[1.617s] -- Installing: /home/ubuntuuser/ros2_ws/install/crazyflie_interfaces/share/crazyflie_interfaces/package.dsv
[1.619s] -- Up-to-date: /home/ubuntuuser/ros2_ws/install/crazyflie_interfaces/share/ament_index/resource_index/packages/crazyflie_interfaces
[1.621s] -- Up-to-date: /home/ubuntuuser/ros2_ws/install/crazyflie_interfaces/share/crazyflie_interfaces/cmake/export_crazyflie_interfaces__rosidl_generator_cExport.cmake
[1.628s] -- Up-to-date: /home/ubuntuuser/ros2_ws/install/crazyflie_interfaces/share/crazyflie_interfaces/cmake/export_crazyflie_interfaces__rosidl_generator_cExport-noconfig.cmake
[1.629s] -- Up-to-date: /home/ubuntuuser/ros2_ws/install/crazyflie_interfaces/share/crazyflie_interfaces/cmake/export_crazyflie_interfaces__rosidl_typesupport_fastrtps_cExport.cmake
[1.629s] -- Up-to-date: /home/ubuntuuser/ros2_ws/install/crazyflie_interfaces/share/crazyflie_interfaces/cmake/export_crazyflie_interfaces__rosidl_typesupport_fastrtps_cExport-noconfig.cmake
[1.631s] -- Up-to-date: /home/ubuntuuser/ros2_ws/install/crazyflie_interfaces/share/crazyflie_interfaces/cmake/export_crazyflie_interfaces__rosidl_generator_cppExport.cmake
[1.634s] -- Up-to-date: /home/ubuntuuser/ros2_ws/install/crazyflie_interfaces/share/crazyflie_interfaces/cmake/export_crazyflie_interfaces__rosidl_typesupport_fastrtps_cppExport.cmake
[1.635s] -- Up-to-date: /home/ubuntuuser/ros2_ws/install/crazyflie_interfaces/share/crazyflie_interfaces/cmake/export_crazyflie_interfaces__rosidl_typesupport_fastrtps_cppExport-noconfig.cmake
[1.636s] -- Up-to-date: /home/ubuntuuser/ros2_ws/install/crazyflie_interfaces/share/crazyflie_interfaces/cmake/crazyflie_interfaces__rosidl_typesupport_introspection_cExport.cmake
[1.636s] -- Up-to-date: /home/ubuntuuser/ros2_ws/install/crazyflie_interfaces/share/crazyflie_interfaces/cmake/crazyflie_interfaces__rosidl_typesupport_introspection_cExport-noconfig.cmake
[1.640s] -- Up-to-date: /home/ubuntuuser/ros2_ws/install/crazyflie_interfaces/share/crazyflie_interfaces/cmake/crazyflie_interfaces__rosidl_typesupport_cExport.cmake
[1.640s] -- Up-to-date: /home/ubuntuuser/ros2_ws/install/crazyflie_interfaces/share/crazyflie_interfaces/cmake/crazyflie_interfaces__rosidl_typesupport_cExport-noconfig.cmake
[1.642s] -- Up-to-date: /home/ubuntuuser/ros2_ws/install/crazyflie_interfaces/share/crazyflie_interfaces/cmake/crazyflie_interfaces__rosidl_typesupport_introspection_cppExport.cmake
[1.643s] -- Up-to-date: /home/ubuntuuser/ros2_ws/install/crazyflie_interfaces/share/crazyflie_interfaces/cmake/crazyflie_interfaces__rosidl_typesupport_introspection_cppExport-noconfig.cmake
[1.644s] -- Up-to-date: /home/ubuntuuser/ros2_ws/install/crazyflie_interfaces/share/crazyflie_interfaces/cmake/crazyflie_interfaces__rosidl_typesupport_cppExport.cmake
[1.645s] -- Up-to-date: /home/ubuntuuser/ros2_ws/install/crazyflie_interfaces/share/crazyflie_interfaces/cmake/crazyflie_interfaces__rosidl_typesupport_cppExport-noconfig.cmake
[1.647s] -- Up-to-date: /home/ubuntuuser/ros2_ws/install/crazyflie_interfaces/share/crazyflie_interfaces/cmake/export_crazyflie_interfaces__rosidl_generator_pyExport.cmake
[1.647s] -- Up-to-date: /home/ubuntuuser/ros2_ws/install/crazyflie_interfaces/share/crazyflie_interfaces/cmake/export_crazyflie_interfaces__rosidl_generator_pyExport-noconfig.cmake
[1.648s] -- Up-to-date: /home/ubuntuuser/ros2_ws/install/crazyflie_interfaces/share/crazyflie_interfaces/cmake/rosidl_cmake-extras.cmake
[1.648s] -- Up-to-date: /home/ubuntuuser/ros2_ws/install/crazyflie_interfaces/share/crazyflie_interfaces/cmake/ament_cmake_export_dependencies-extras.cmake
[1.648s] -- Up-to-date: /home/ubuntuuser/ros2_ws/install/crazyflie_interfaces/share/crazyflie_interfaces/cmake/ament_cmake_export_include_directories-extras.cmake
[1.649s] -- Up-to-date: /home/ubuntuuser/ros2_ws/install/crazyflie_interfaces/share/crazyflie_interfaces/cmake/ament_cmake_export_libraries-extras.cmake
[1.649s] -- Up-to-date: /home/ubuntuuser/ros2_ws/install/crazyflie_interfaces/share/crazyflie_interfaces/cmake/ament_cmake_export_targets-extras.cmake
[1.650s] -- Up-to-date: /home/ubuntuuser/ros2_ws/install/crazyflie_interfaces/share/crazyflie_interfaces/cmake/rosidl_cmake_export_typesupport_targets-extras.cmake
[1.650s] -- Up-to-date: /home/ubuntuuser/ros2_ws/install/crazyflie_interfaces/share/crazyflie_interfaces/cmake/rosidl_cmake_export_typesupport_libraries-extras.cmake
[1.651s] -- Up-to-date: /home/ubuntuuser/ros2_ws/install/crazyflie_interfaces/share/crazyflie_interfaces/cmake/crazyflie_interfacesConfig.cmake
[1.651s] -- Up-to-date: /home/ubuntuuser/ros2_ws/install/crazyflie_interfaces/share/crazyflie_interfaces/cmake/crazyflie_interfacesConfig-version.cmake
[1.654s] -- Up-to-date: /home/ubuntuuser/ros2_ws/install/crazyflie_interfaces/share/crazyflie_interfaces/package.xml
[1.655s] Invoked command in '/home/ubuntuuser/ros2_ws/build/crazyflie_interfaces' returned '0': CMAKE_PREFIX_PATH=${CMAKE_PREFIX_PATH}:/home/ubuntuuser/ros2_ws/install/turtlebot3_trailer:/home/ubuntuuser/ros2_ws/install/r7021e_exploration:/home/ubuntuuser/ros2_ws/install/crazyflie_py:/opt/ros/jazzy DEBUGINFOD_URLS=https://debuginfod.ubuntu.com PS1=(.venv) \[\e]0;\u@\h: \w\a\]${debian_chroot:+($debian_chroot)}\[\033[01;32m\]\u@\h\[\033[00m\]:\[\033[01;34m\]\w\[\033[00m\]\$ VIRTUAL_ENV_PROMPT=(.venv) /usr/bin/cmake --install /home/ubuntuuser/ros2_ws/build/crazyflie_interfaces
